# unit	matched_code	matched_functions	total_code	total_functions
default/AAFilter	620	6	620	6
default/ADSR	1228	9	1416	16
default/Accomplishment	3272	49	8328	89
default/AccomplishmentCategory	160	2	412	5
default/AccomplishmentConditional	956	20	2476	28
default/AccomplishmentDiscSongConditional	1460	17	2728	30
default/AccomplishmentPanel	45140	369	49672	396
default/AccomplishmentPlayerConditional	6568	58	6648	59
default/AccomplishmentSetlist	836	11	932	12
default/AccomplishmentSongConditional	2548	37	4684	48
default/AccomplishmentSongFilterConditional	2220	22	2668	25
default/AccuracyTracker	1512	12	1512	12
default/Achievements	872	11	1508	19
default/AllocInfo	456	7	620	10
default/AmbientOcclusion	11512	109	28492	146
default/Anim	12468	168	23592	205
default/AnimFilter	5476	49	5648	51
default/App	0	0	2176	9
default/AppChild	1192	14	1192	14
default/AppInlineHelp	4416	54	8304	73
default/AppLabel	19008	181	21060	194
default/Archive	7488	61	11196	77
default/ArkFile	788	16	1404	19
default/AssetTypes	4872	58	6124	72
default/AsyncFile	2320	21	3584	26
default/AsyncFileHolmes	120	2	120	2
default/AsyncFile_Win	824	6	2088	12
default/AsyncTask	184	2	328	4
default/Award	1720	25	2484	27
default/BandCamShot	21836	239	33856	294
default/BandCharDesc	23684	238	32424	267
default/BandCharacter	48436	537	70620	618
default/BandCrowdMeter	9860	118	14560	139
default/BandDirector	46296	505	64296	547
default/BandHighlight	4328	50	5468	55
default/BandIKEffector	7056	94	15716	117
default/BandLabel	4640	58	7652	70
default/BandLeadMeter	3608	62	7588	87
default/BandList	12408	130	17716	150
default/BandMachine	3284	51	6048	68
default/BandMachineMgr	7752	89	10156	102
default/BandPatchMesh	2868	30	6924	49
default/BandRetargetVignette	3516	43	5304	52
default/BandScoreboard	3660	56	6624	77
default/BandSongMetadata	11956	175	27312	250
default/BandSongMgr	10820	141	20632	185
default/BandSongPref	1048	11	1280	13
default/BandStarDisplay	2780	50	5480	60
default/BandSwatch	3752	70	8612	113
default/BandUI	18604	188	19740	199
default/BandUser	12580	145	18168	206
default/BandWardrobe	21188	236	33608	270
default/BaseGuitarTrackWatcherImpl	3748	22	3876	22
default/BaseMaterial	2672	31	4296	36
default/BeatMap	1032	7	1568	10
default/BeatMatchController	416	4	1712	15
default/BeatMatcher	6496	84	9836	117
default/BinStream	1836	20	2192	27
default/BinkClip	292	6	752	7
default/BinkMovieSys_Xbox	24	2	64	2
default/Biquad	176	2	176	2
default/Bitmap	7524	42	10348	49
default/BlockMgr	3724	40	5460	54
default/BoxMap	572	3	2268	8
default/BufStream	504	7	1532	20
default/BustAMoveData	100	1	100	1
default/ButtonHolder	5976	57	6696	64
default/ByteGrinder	7780	88	12620	102
default/CDReader	40	1	868	4
default/Cache	120	4	128	5
default/CacheMgr	552	11	652	12
default/CacheMgr_Xbox	3256	28	5256	40
default/Cache_Xbox	7028	75	9128	83
default/CalibrationPanel	10904	107	17204	124
default/Cam	6116	57	9040	95
default/CamAnim	2040	31	3796	42
default/CameraInput	8	1	308	3
default/CameraManager	10740	101	16692	138
default/CameraShot	26184	268	45452	321
default/CameraTilt	120	2	120	2
default/Campaign	16336	158	20296	181
default/CampaignLevel	816	9	2100	15
default/CampaignSongInfoPanel	5152	53	5152	53
default/Char	8508	136	11568	154
default/CharBlendBone	2588	35	4144	42
default/CharBone	6316	69	7800	76
default/CharBoneDir	11620	133	22420	196
default/CharBoneOffset	1976	25	2384	28
default/CharBones	3356	36	11228	43
default/CharBonesBlender	3172	39	3296	39
default/CharBonesMeshes	3524	48	7148	62
default/CharBonesSamples	3496	29	8748	39
default/CharClip	20140	188	29320	235
default/CharClipDriver	3288	21	4184	23
default/CharClipGroup	4996	55	8808	76
default/CharClipSet	5788	79	11244	94
default/CharCollide	3800	39	4356	44
default/CharCuff	4516	44	9464	58
default/CharData	2508	32	3264	38
default/CharDriver	11840	140	18156	163
default/CharDriverMidi	3676	38	4960	47
default/CharEyeDartRuleset	2884	24	3860	29
default/CharEyes	17116	191	33656	249
default/CharFaceServo	3796	51	5400	57
default/CharFeedback	340	5	1236	12
default/CharForeTwist	1512	21	2812	30
default/CharGuitarString	2248	30	3628	38
default/CharHair	16600	161	26904	186
default/CharIKFingers	7808	99	17332	119
default/CharIKFoot	2644	39	4224	41
default/CharIKHand	2136	30	4312	38
default/CharIKHead	6364	77	9456	81
default/CharIKMidi	3736	47	6220	58
default/CharIKRod	3432	43	6180	58
default/CharIKScale	3816	41	7316	48
default/CharIKSliderMidi	3572	48	6880	65
default/CharInterest	4592	42	5244	44
default/CharLipSync	7116	66	11948	93
default/CharLipSyncDriver	7352	89	10420	100
default/CharLookAt	6124	56	8696	56
default/CharMeshHide	9940	103	13692	128
default/CharMirror	2996	37	4188	41
default/CharNeckTwist	1916	30	2832	33
default/CharPollGroup	3816	45	5888	55
default/CharPosConstraint	2548	25	3064	28
default/CharServoBone	4828	50	6736	69
default/CharSignalApplier	576	7	1692	14
default/CharSleeve	2992	32	5252	34
default/CharTaskMgr	60	1	532	3
default/CharTransDraw	420	8	500	9
default/CharUpperTwist	1824	22	3024	32
default/CharUtl	2788	16	3424	19
default/CharWeightSetter	5236	50	6112	53
default/CharWeightable	1704	22	1976	23
default/Character	16952	208	34012	284
default/CharacterCreatorPanel	8892	167	21368	206
default/CharacterTest	1356	28	4484	38
default/CheatProvider	1544	27	7552	68
default/Cheats	6172	68	8412	77
default/CheckboxDisplay	2896	40	3128	43
default/ChecksumAlgorithm	0	0	280	1
default/ChooseColorPanel	2268	28	2448	29
default/ChordShapeGenerator	11212	122	21540	144
default/ChordbookPanel	7472	106	13144	115
default/ChunkStream	3956	30	5196	35
default/Chunks	1732	13	2040	15
default/ClipCollide	0	0	296	5
default/ClipDistMap	540	4	1944	12
default/ClipGraphGen	0	0	28	3
default/Color	732	4	1528	10
default/ColorPalette	80	2	1108	9
default/ColorXfm	1676	11	2872	11
default/Common_Xbox	152	3	500	7
default/Compress	304	3	304	3
default/CompressionEffect	672	4	1304	4
default/ConnectionStatusPanel	1520	18	1680	20
default/Console	10096	80	13000	88
default/ContentDeletePanel	2816	33	2816	33
default/ContentMgr	1324	22	3216	31
default/ContentMgr_Xbox	4884	64	7908	75
default/ContextChecker	5656	55	8356	84
default/ContextWrapper	1804	22	2440	25
default/CrazeHollaback	160	2	412	3
default/CreditsPanel	2692	32	3920	36
default/CritSec	340	5	340	5
default/CriticalUserListener	1896	18	2240	21
default/Crowd	19432	187	29512	220
default/CrowdAudio	11920	117	15716	133
default/CrowdMeterIcon	4840	90	8616	116
default/CustomizePanel	10944	205	24980	237
default/CymbalSelectionProvider	828	13	1436	19
default/DOFProc	648	8	648	8
default/DOFProc_NG	1156	17	3112	20
default/DataArray	5064	50	6240	51
default/DataArraySongInfo	2780	39	6280	45
default/DataEventList	2804	28	4340	39
default/DataFile	6332	78	10944	95
default/DataFlex	900	4	2636	10
default/DataFunc	32008	226	34824	243
default/DataNode	6740	70	11500	103
default/DataPointMgr	2320	38	3160	45
default/DataUtl	2584	32	2720	34
default/DateTime	1552	19	2512	21
default/DeJitterPanel	1560	22	1568	23
default/Debug	2792	42	7608	69
default/Decibels	164	2	164	2
default/DefaultPhysicsManager	0	1	224	3
default/Defines	1180	12	2736	29
default/DelayEffect	384	5	768	6
default/DeployCountTracker	3812	29	5084	33
default/DepthBuffer3D	1980	26	8468	74
default/DingoSvr	8	1	8	1
default/DirLoader	9568	102	18228	134
default/DirUnloader	976	15	1612	21
default/DisplayEvents	944	3	944	3
default/DistortionEffect	40	2	208	4
default/Draw	5044	53	5784	56
default/DrivenPropertyEntry	104	2	2156	18
default/DrumFillTrackWatcherImpl	864	8	864	8
default/DrumPlayer	848	9	848	9
default/DuplicatedObject	312	8	25056	95
default/EQEffect	628	4	2748	5
default/Emitter	3536	41	4536	45
default/EndingBonus	6980	112	10424	132
default/EntityUploader	7216	56	9036	68
default/Env	11300	104	13928	112
default/EnvAnim	3104	38	4492	47
default/Env_NG	4840	36	9244	47
default/EnvelopeGenerator	1556	10	1556	10
default/EventAnim	5784	61	6896	67
default/EventTrigger	22496	270	41260	332
default/ExternalMic	1880	23	3628	27
default/FFT	488	4	10732	13
default/FIFOSampleBuffer	904	13	904	13
default/FIRFilter	732	5	884	6
default/Faders	4756	50	7448	67
default/FakeSongMgr	300	4	300	4
default/FftIpp	896	7	1084	8
default/File	5300	49	8108	63
default/FileCache	5648	49	9712	79
default/FileChecksum	212	2	272	3
default/FileMerger	16912	208	32412	249
default/FileMergerOrganizer	3048	31	4444	37
default/FilePath	440	8	1224	22
default/FileStream	1456	17	1456	17
default/File_Win	324	3	616	5
default/FilterCoeffs	348	1	692	2
default/FilterVersion	64	2	652	7
default/FingerShape	624	7	1664	8
default/FitnessFilter	68	3	1080	10
default/FixedSizeSaveable	1064	9	2764	23
default/FixedSizeSaveableStream	1148	17	1360	20
default/FlangerEffect	488	4	1256	5
default/Flare	4756	44	6808	48
default/Flow	208	5	3044	15
default/FlowCommand	952	15	1892	20
default/FlowEventListener	0	0	224	2
default/FlowIf	40	1	724	7
default/FlowManager	88	1	88	1
default/FlowMultiSetProperty	468	4	468	4
default/FlowNode	240	5	3352	12
default/FlowOnStop	0	0	148	3
default/FlowSetProperty	120	1	1044	4
default/FlowSlider	192	2	192	2
default/FlowSwitchCase	0	0	540	4
default/FlowTrigger	140	2	456	3
default/FlowValueCase	80	2	2368	15
default/FlowWhile	0	0	208	2
default/FocusTracker	8812	72	13288	100
default/Font	8384	71	17856	104
default/Font3d	88	1	88	1
default/FreeCamera	1288	9	2696	11
default/FreestyleMoveRecorder	32	1	1656	12
default/FreestylePanel	4600	41	8456	52
default/FriendsProvider	520	9	520	9
default/FxSendWah	2424	27	2500	28
default/GainEffect	836	8	836	8
default/GameConfig	7620	75	9864	83
default/GameMicManager	2792	38	5240	52
default/GameMode	2832	29	2832	29
default/GamePanel	11024	97	11104	97
default/GameplayOptions	1448	13	1624	14
default/GemManager	12044	123	28728	186
default/GemPlayer	37632	304	50868	347
default/GemSmasher	1736	25	2920	34
default/GemTrack	6692	82	14760	102
default/GemTrackDir	23964	340	43740	421
default/GemTrackResourceManager	1868	27	5332	50
default/Gen	8564	80	10192	85
default/Geo	4148	31	13620	48
default/Gesture	0	0	296	3
default/GranularSynth	140	3	3632	17
default/Graph	1300	15	1832	20
default/Group	5100	70	11536	96
default/GuitarController	3980	25	6232	30
default/GuitarFx	2988	23	3032	25
default/GuitarTrackWatcherImpl	1148	11	1232	13
default/HAQManager	40	1	1956	12
default/HDCache	2492	22	5904	28
default/HamBattleData	0	0	96	1
default/HamCamTransform	2744	70	15844	153
default/HamDirector	148	3	744	7
default/HamIKEffector	420	4	420	4
default/HamIKSkeleton	120	3	760	9
default/HamListRibbon	652	4	988	8
default/HamMaster	176	3	176	3
default/HamMove	2768	22	4824	36
default/HamNavList	940	4	940	4
default/HamNavProvider	140	6	2372	23
default/HamPhotoDisplay	0	0	80	1
default/HamRibbon	116	1	356	3
default/HamSupereasyData	0	0	260	4
default/HeadsetPlaybackEffect	728	8	728	8
default/HeadsetXferEffect	600	7	908	9
default/HeldButtonPanel	4948	55	5068	56
default/HeldNote	880	8	880	8
default/HiResScreen	392	5	392	5
default/HolmesClient	332	3	728	8
default/HttpGet	1972	20	3340	30
default/HxGuid	512	5	548	7
default/IPP_basicmath_xbox	88	2	184	4
default/IdentityInfo	120	3	292	4
default/InlineHelp	8756	98	11548	112
default/Instance	8052	95	13052	108
default/Instarank	4516	48	4516	48
default/InstrumentDifficultyDisplay	5996	60	6088	60
default/Interp	1116	14	1744	16
default/JobMgr	632	8	1012	10
default/Joypad	6084	59	11304	75
default/JoypadClient	2916	25	3660	28
default/JoypadController	2048	16	2048	16
default/JoypadMsgs	3316	42	4504	50
default/JoypadTrackWatcherImpl	1520	8	1520	8
default/Joypad_Xbox	1092	16	3020	26
default/Joypad_Xinput	640	6	1756	11
default/JsonMemory	80	1	80	1
default/JsonUtils	908	11	2108	26
default/Jukebox	172	2	412	4
default/Key	752	2	1284	4
default/KeyboardTrackWatcherImpl	2212	21	3456	25
default/LabelNumberTicker	3620	55	5996	63
default/LabelShrinkWrapper	2676	39	4396	47
default/LayerDir	7692	107	11536	120
default/Leaderboard	7000	73	11064	95
default/LightHue	7536	77	9492	86
default/LightPreset	37112	327	57784	398
default/LightPresetManager	2712	28	5692	47
default/Line	8328	65	12996	75
default/Lit	7884	69	9492	75
default/LitAnim	2556	34	3508	41
default/Lit_NG	1896	31	6744	45
default/LiveCameraInput	40	2	624	5
default/Loader	2348	35	4788	48
default/Locale	556	9	2380	12
default/LocaleOrdinal	1976	8	1976	8
default/LocalePanel	0	0	96	1
default/MBT	108	1	192	3
default/Main	40	1	116	2
default/MainHubMessageProvider	1868	19	2728	28
default/MainHubPanel	19148	176	19148	176
default/MakeString	256	4	1856	16
default/MapFile_Xbox	1976	11	2836	14
default/MasterAudio	13824	115	18988	134
default/Mat	7440	65	8368	73
default/MatAnim	8516	81	15348	130
default/Mat_NG	1884	15	5352	18
default/Matchmaker	8128	86	11332	114
default/MeasureMap	612	8	1652	20
default/MemHeap	1700	28	5376	42
default/MemMgr	1148	17	4252	31
default/MemStats	656	10	656	10
default/MemStream	708	7	708	7
default/MemTrack	932	14	1988	20
default/MemTracker	6868	44	12092	71
default/Memcard	408	6	564	8
default/MemcardMgr_Xbox	3572	40	6504	55
default/Memcard_Xbox	4868	65	6516	71
default/Memory_Xbox	756	19	3636	45
default/MercurySwitchFilter	1064	11	1380	15
default/Mesh	27328	254	46228	335
default/MeshAnim	21232	229	38244	339
default/MeshDeform	5916	53	10968	76
default/MessageTimer	1248	13	4876	27
default/MetaMaterial	0	0	440	2
default/MetaMusic	6116	63	9704	75
default/MetaMusicScene	1300	17	1624	18
default/MetaPanel	23076	349	26872	377
default/MetaPerformer	31472	306	42128	351
default/MeterDisplay	5992	67	7084	76
default/MeterEffect	748	8	748	8
default/Metronome	636	7	772	11
default/Mic	6104	73	13588	111
default/MicClientMapper	832	10	1660	18
default/MicInputArrow	3688	54	5736	58
default/MicNull	336	3	588	6
default/MidiInstrument	7132	81	10772	114
default/MidiParser	18176	157	27288	227
default/MidiParserMgr	4644	48	5336	54
default/MidiReader	5080	43	6672	50
default/MidiSynth	8104	80	10780	95
default/MoggClipMap	944	9	944	9
default/Morph	6432	73	11632	98
default/MoveAsyncDetector	360	3	744	6
default/MoveDir	284	6	496	9
default/MoveMgr	1824	25	14024	111
default/MoviePanel	4840	65	7656	75
default/MovieSys	56	2	56	2
default/Msg	6632	66	9076	83
default/MultiMesh	0	0	196	2
default/MultiMeshProxy	1660	24	1780	25
default/MultiTempoTempoMap	1936	21	3080	28
default/MusicLibrary	31644	341	44148	371
default/MusicLibraryStore	1768	30	8808	67
default/NetCacheLoader	1432	15	1472	15
default/NetCacheMgr	2396	27	4188	46
default/NetCacheMgr_Xbox	732	11	1684	17
default/NetGameMsgs	8176	116	10780	141
default/NetLoader	740	13	1016	13
default/NetLoader_Xbox	1036	12	1076	12
default/NetworkEmulator	1848	15	2464	17
default/NetworkSocket_Win	2112	21	2248	22
default/NextSongPanel	28308	333	33372	348
default/NoteTube	1232	14	1936	19
default/OSCMessenger	0	0	644	3
default/Object	6848	67	11384	100
default/OnlineID	612	10	1260	17
default/Option	976	9	1004	10
default/OriginalChoreoRemixer	248	7	2092	19
default/OutfitConfig	12768	182	29912	236
default/OverdriveMeter	2492	55	5484	70
default/OverdriveTimeTracker	1116	11	1488	15
default/OverdriveTracker	3476	28	5672	41
default/Overlay	2680	23	4980	39
default/OvershellDir	5096	57	5300	59
default/OvershellPanel	29568	264	33540	273
default/OvershellPartSelectProvider	2204	23	3488	25
default/OvershellSlot	44908	406	51416	430
default/OvershellSlotState	5028	59	5292	61
default/PanelDir	9368	93	12700	114
default/Part	26976	216	36864	233
default/PartAnim	6004	50	7788	60
default/PartLauncher	10288	83	11360	87
default/PatchDir	13064	152	19304	179
default/PeakDetector	0	0	1284	3
default/PerformanceData	4292	29	5400	37
default/Performer	9424	110	11696	120
default/PhysicsVolume	32	2	32	2
default/PitchArrow	9516	138	13896	142
default/PitchCorrectedVoice	204	5	732	6
default/PitchShiftEffect	1264	11	1264	11
default/PlatformMgr	6248	60	7188	74
default/PlatformMgr_Xbox	5312	70	9636	101
default/PlayerDiffIcon	2912	44	4872	53
default/PlayerLeaderboards	1500	19	2000	22
default/Poll	836	8	836	8
default/PollAnim	2796	33	3788	39
default/Pollable	436	6	552	7
default/Pool	132	3	140	4
default/PoolAlloc	568	7	2364	26
default/PostProc	12440	116	18564	130
default/PostProc_NG	3776	37	7248	46
default/PracticePanel	9132	104	12924	115
default/PracticeSection	584	18	3324	39
default/PreloadPanel	4140	55	4524	56
default/Primes	64	1	64	1
default/Profile	1184	16	1260	17
default/ProfileMgr	21992	203	27456	238
default/Profiler	144	2	624	4
default/PropAnim	18200	240	30492	275
default/PropKeys	15540	132	22216	166
default/PropSync	8772	115	15212	140
default/PropertyEventProvider	92	1	156	3
default/QuestFilterPanel	4764	63	7004	71
default/QuestJournal	296	3	296	3
default/QuestManager	2396	20	3048	26
default/RGGemMatcher	1508	8	2168	13
default/RGState	216	8	372	10
default/RGUtl	4744	21	8352	36
default/Rand	904	10	1792	27
default/Rand2	100	2	100	2
default/RealGuitarTrackWatcherImpl	2964	16	3452	20
default/RenderState	756	17	1888	24
default/RhythmBattle	0	2	1652	19
default/RhythmDetector	1124	13	2640	30
default/Ribbon	0	0	540	3
default/Rnd_NG	48	1	140	2
default/Rnd_Xbox	9692	134	22944	176
default/RockCentral	56520	720	91412	895
default/RockCentralJobs	1960	25	2184	26
default/Rot	4984	41	8612	58
default/SHA1	1716	12	7572	13
default/SIVideo	228	5	672	5
default/SampleData	1404	17	2524	22
default/SampleInst	444	10	1084	16
default/SampleZone	852	7	852	7
default/Scheduler	0	0	8500	26
default/ScoreDisplay	3304	40	3392	40
default/ScreenMask	2472	27	3476	32
default/Screenshot	2176	28	4788	47
default/ScrollSelect	2832	31	2832	31
default/ScrollbarDisplay	7376	69	7576	70
default/SelectDifficultyPanel	6348	63	7520	68
default/Sequence	19284	214	23992	237
default/Server	1388	17	2980	39
default/SessionJobs_Xbox	160	3	4072	44
default/SessionMessages	3984	53	5332	62
default/SessionUsersProviders	2100	22	2368	24
default/Set	2256	22	2920	25
default/SetlistMergePanel	6460	77	8280	92
default/Sfx	12828	152	20052	193
default/SfxMap	828	7	828	7
default/Shader	3496	17	11280	37
default/ShaderOptions	904	4	4180	8
default/ShadowMap	432	4	1472	8
default/Shockwave	540	11	4968	42
default/Shuttle	32	1	32	1
default/SkeletonClip	1076	13	5392	34
default/SkeletonUpdate	8	1	200	4
default/SkeletonViz	164	1	656	4
default/SlipTrack	988	10	988	10
default/SoftParticleBuffer	2024	19	2684	20
default/Song	9476	99	13576	112
default/SongCollision	580	5	1684	17
default/SongDB	7928	108	13280	141
default/SongData	16396	208	30024	276
default/SongInfoCopy	4304	52	4980	56
default/SongLayout	700	17	4196	42
default/SongMetadata	2884	25	3172	27
default/SongMgr	6036	61	9232	77
default/SongParser	20772	178	34092	216
default/SongPreview	3308	22	4196	25
default/SongSectionController	12224	125	17116	149
default/SongSortByArtist	2944	35	3696	37
default/SongSortByDiff	1548	16	1548	16
default/SongSortByPlays	108	1	108	1
default/SongSortByRank	4892	47	5640	49
default/SongSortByRecent	3424	41	3424	41
default/SongSortByReview	2664	32	2664	32
default/SongSortBySong	1404	18	1744	20
default/SongSortByStars	2368	26	2368	26
default/SongSortMgr	12024	178	17776	189
default/SongSortNode	9904	105	11196	109
default/SongStatusMgr	9060	77	13264	101
default/Sort	80	1	80	1
default/Sorting	668	4	668	4
default/SoundTouch	1780	22	1780	22
default/SpectralAnalysis	1532	5	2428	8
default/SpeechMgr	80	2	756	8
default/Splash	2816	36	9672	78
default/Spline	0	0	364	4
default/Spotlight	15148	182	32744	214
default/SpotlightDrawer	9384	75	13804	103
default/SpotlightDrawer_NG	6544	57	13132	69
default/SpotlightEnder	936	16	1268	19
default/StandardStream	8292	113	14164	140
default/StarDisplay	8772	96	9380	102
default/StatCollector	376	6	564	6
default/StoreEnumeration	992	12	1912	18
default/StoreOffer	7900	100	9040	100
default/StorePanel	4984	65	13504	116
default/StorePreviewMgr	2652	37	3864	45
default/StorePurchaser	76	1	136	2
default/Str	3660	42	4508	55
default/StreakMeter	6764	164	20972	223
default/StreakTracker	5408	38	5408	38
default/Stream	472	7	472	7
default/StreamChecksum	652	9	724	10
default/StreamNull	696	15	1000	18
default/StreamPlayer	1148	11	1148	11
default/StreamReceiver	776	10	1616	15
default/StreamReceiver360	2360	28	3200	31
default/StringConversion	0	0	64	1
default/StringTable	2016	28	2788	34
default/StubCameraInput	0	0	804	10
default/Symbol	2964	22	3776	30
default/SynapseAPO	692	9	1476	15
default/Synapse_dsp	3864	54	9296	78
default/SyncStore	3248	40	4492	61
default/SynchronizationEvent	140	4	140	4
default/System	412	2	484	3
default/System_Xbox	88	3	96	4
default/TDStretch	7152	60	7496	64
default/Tail	1764	12	3212	15
default/TambourineDetector	312	1	312	1
default/Task	8140	117	11992	143
default/TempoMap	176	7	176	7
default/Tex	5904	45	7860	56
default/TexBlendController	3324	35	4384	41
default/TexBlender	6220	77	11300	88
default/TexLoadPanel	3728	41	4100	47
default/TexMovie	3988	49	5668	60
default/TexProc	0	0	4	1
default/TexRenderer	6564	62	10492	67
default/Text	12640	116	31340	209
default/TextFileStream	324	4	324	4
default/TextStream	228	3	692	8
default/ThreadCall_Win	596	6	848	7
default/ThreeDSoundManager	0	0	164	2
default/Timer	3804	33	3804	33
default/Tour	10672	133	16236	172
default/TourBand	2440	30	2440	30
default/TourDescPanel	6804	77	13656	108
default/TourPerformer	4204	41	5328	49
default/TourProgress	4856	86	8356	95
default/TourSavable	780	13	780	13
default/TrackConfig	280	7	452	7
default/TrackDir	7716	95	12208	108
default/TrackPanelDir	12684	174	23268	237
default/TrackPanelDirBase	7796	88	9888	96
default/TrackWatcher	2732	42	2824	43
default/TrackWatcherImpl	9472	70	14936	96
default/TrackWidget	10972	114	14664	135
default/TrackerManager	5244	64	6088	71
default/TrackerSource	2768	23	2768	23
default/TrackerUtils	2820	22	4252	29
default/TrainingPanel	4152	45	4152	45
default/Trans	13716	120	19248	138
default/TransAnim	8116	87	13924	111
default/TransConstraint	248	3	564	4
default/TransProxy	1780	29	2376	34
default/Trig	816	5	816	5
default/TypeProps	1368	14	3344	26
default/UI	11300	121	18980	166
default/UIButton	1460	20	1580	22
default/UIColor	1016	10	1016	10
default/UIComponent	10232	111	12820	119
default/UIEvent	2924	37	3160	38
default/UIEventMgr	4084	49	6336	77
default/UIFontImporter	14836	148	21536	178
default/UIGuide	1224	11	1224	11
default/UILabel	18228	164	28440	227
default/UIList	21852	255	31952	290
default/UIListArrow	2336	22	2584	23
default/UIListCustom	1884	20	2316	23
default/UIListDir	8172	93	12504	109
default/UIListHighlight	1536	15	1680	17
default/UIListLabel	2224	22	2572	24
default/UIListMesh	1696	18	2324	23
default/UIListProvider	760	8	1192	11
default/UIListSlot	2428	28	3908	38
default/UIListState	5296	43	6128	51
default/UIListSubList	2752	25	3380	30
default/UIListWidget	7328	68	9500	82
default/UIPanel	7788	68	7936	73
default/UIPicture	4812	56	5388	60
default/UIScreen	7016	63	8840	70
default/UISlider	5304	69	7280	80
default/UITransitionHandler	1144	15	2308	28
default/UITrigger	4140	49	5100	53
default/UTF8	2020	14	2388	17
default/UploadErrorMgr	1324	24	3656	54
default/UsbMidiGuitarMsgs	4724	70	4724	70
default/UsbMidiKeyboard	536	12	3452	31
default/UsbMidiKeyboardMsgs	3160	55	4144	61
default/User	2316	33	2596	38
default/UserMgr	700	10	1132	12
default/VarTimer	680	6	680	6
default/VelocityBuffer	756	7	2644	12
default/VirtualKeyboard	1772	25	2156	26
default/VocalNoteList	3100	29	7676	48
default/VocalPart	2152	30	10836	70
default/VocalPlayer	21036	203	33656	237
default/VocalScoreHistory	248	2	248	2
default/VocalTrack	19928	179	44372	220
default/VocalTrackDir	36652	435	58836	520
default/Voice	7656	60	9700	74
default/VorbisMem	8	1	12	2
default/VorbisReader	1536	18	4528	32
default/WahEffect	204	2	1236	4
default/WaitingUserGate	3720	50	5420	62
default/Watcher	708	7	1504	15
default/WavMgr	40	1	3608	43
default/WaveFile	2620	35	4724	53
default/Waypoint	6696	73	11160	97
default/WebSvcMgr	0	0	4	1
default/WebSvcMgrCurl	0	3	476	6
default/Wind	2260	24	3120	30
default/XLSPConnection	1132	14	1864	17
default/aes	12744	4	12812	7
default/arraylist	476	5	476	5
default/auto_03_82270000_text	0	0	388	3
default/auto_03_822750A8_text	0	0	20	1
default/auto_03_822A7504_text	0	0	120	1
default/auto_03_822D6568_text	0	0	2852	24
default/auto_03_822E36B8_text	0	0	16	1
default/auto_03_822EBCA8_text	0	0	2236	1
default/auto_03_823399C0_text	0	0	112	1
default/auto_03_82345824_text	0	0	2344	7
default/auto_03_8234AE48_text	0	0	1048	3
default/auto_03_823E0420_text	0	0	12	1
default/auto_03_823ECD58_text	0	0	9804	92
default/auto_03_823F2CD4_text	0	0	2328	30
default/auto_03_82402F68_text	0	0	56	1
default/auto_03_82429BE0_text	0	0	4	1
default/auto_03_82429C2C_text	0	0	3120	22
default/auto_03_82459FC8_text	0	0	100	1
default/auto_03_8248787C_text	0	0	168	1
default/auto_03_824F6EA8_text	0	0	12	1
default/auto_03_824F6EB8_text	0	0	12	1
default/auto_03_825219A0_text	0	0	3616	26
default/auto_03_82560B08_text	0	0	9892	95
default/auto_03_825632BC_text	0	0	4392	35
default/auto_03_8258A190_text	0	0	8	1
default/auto_03_825EAC38_text	0	0	6224	49
default/auto_03_82604520_text	0	0	628	14
default/auto_03_82631130_text	0	0	2240	17
default/auto_03_82641664_text	0	0	1708	1
default/auto_03_82650B74_text	0	0	3404	28
default/auto_03_82655784_text	0	0	2552	1
default/auto_03_8266B3E8_text	0	0	2404	28
default/auto_03_82697484_text	0	0	160	4
default/auto_03_826C8468_text	0	0	3108	10
default/auto_03_826F0F18_text	0	0	8	1
default/auto_03_826F8F68_text	0	0	52	1
default/auto_03_8270A9B8_text	0	0	128	1
default/auto_03_8272BAC8_text	0	0	24276	18
default/auto_03_82743BD0_text	0	0	3164	13
default/auto_03_8276D248_text	0	0	84	1
default/auto_03_827A4FB0_text	0	0	12	1
default/auto_03_827CFC9C_text	0	0	8	1
default/auto_03_82829218_text	0	0	2108	55
default/auto_03_8282A440_text	0	0	832	7
default/auto_03_8282A838_text	0	0	4536	20
default/auto_03_8282BBE0_text	0	0	7500	42
default/auto_03_8282DBB8_text	0	0	1956	12
default/auto_03_8282E4D0_text	0	0	1296	6
default/auto_03_8282ECE0_text	0	0	636	6
default/auto_03_8282F194_text	0	0	96	1
default/auto_03_8282F254_text	0	0	448	2
default/auto_03_8282F6BC_text	0	0	240	1
default/auto_03_8282F84C_text	0	0	904	12
default/auto_03_82830770_text	0	0	164	7
default/auto_03_82830F94_text	0	0	100	2
default/auto_03_82831CF8_text	0	0	12	1
default/auto_03_82831DD4_text	0	0	104	2
default/auto_03_82831F04_text	0	0	200	3
default/auto_03_828321A0_text	0	0	48	2
default/auto_03_828322E0_text	0	0	148	3
default/auto_03_82832FEC_text	0	0	7756	10
default/auto_03_82835084_text	0	0	8876	27
default/auto_03_828378B0_text	0	0	2144	7
default/auto_03_828383CC_text	0	0	1792	14
default/auto_03_82838BE8_text	0	0	968	5
default/auto_03_828391D8_text	0	0	12980	21
default/auto_03_8283C6AC_text	0	0	812	12
default/auto_03_8283CED8_text	0	0	964	15
default/auto_03_8283D3B8_text	0	0	448	7
default/auto_03_8283D668_text	0	0	324	10
default/auto_03_8283EE58_text	0	0	276	1
default/auto_03_8283F238_text	0	0	5684	45
default/auto_03_82840D6C_text	0	0	1172	12
default/auto_03_82843870_text	0	0	6168	38
default/auto_03_82845180_text	0	0	3552	16
default/auto_03_82845FF0_text	0	0	30872	114
default/auto_03_8284DAE4_text	0	0	1992	29
default/auto_03_8284EE64_text	0	0	3476	1
default/auto_03_8284FFC4_text	0	0	9044	228
default/auto_03_82852828_text	0	0	128	2
default/auto_03_82852DA0_text	0	0	2532	18
default/auto_03_82853D80_text	0	0	34652	108
default/auto_03_8285CCEC_text	0	0	1848	13
default/auto_03_8285D8D4_text	0	0	3928	36
default/auto_03_8285EC2C_text	0	0	8864	22
default/auto_03_82861144_text	0	0	2640	9
default/auto_03_82861D84_text	0	0	28764	104
default/auto_03_8286A00C_text	0	0	45920	132
default/auto_03_82876C3C_text	0	0	68	1
default/auto_03_828772B4_text	0	0	1220	1
default/auto_03_82877ACC_text	0	0	332	2
default/auto_03_82877DAC_text	0	0	2060	9
default/auto_03_82879E44_text	0	0	5192	6
default/auto_03_8287BD90_text	0	0	1700	5
default/auto_03_8287C93C_text	0	0	23936	27
default/auto_03_82882D94_text	0	0	2896	7
default/auto_03_82883C64_text	0	0	2936	11
default/auto_03_82884D5C_text	0	0	1004	3
default/auto_03_828854FC_text	0	0	144	1
default/auto_03_828860BC_text	0	0	172	1
default/auto_03_82886DB4_text	0	0	80	1
default/auto_03_82887930_text	0	0	324	1
default/auto_03_82887BD4_text	0	0	828	3
default/auto_03_82888B74_text	0	0	676	1
default/auto_03_82889158_text	0	0	220	2
default/auto_03_828893AC_text	0	0	2336	3
default/auto_03_82889EB8_text	0	0	252	1
default/auto_03_8288AB34_text	0	0	11324	21
default/auto_03_8288DAE0_text	0	0	2508	7
default/auto_03_8288E9D4_text	0	0	1896	4
default/auto_03_82890040_text	0	0	92	1
default/auto_03_82892D40_text	0	0	148	2
default/auto_03_828950E0_text	0	0	120	2
default/auto_03_82896FF4_text	0	0	184	2
default/auto_03_828AAFA0_text	0	0	20	1
default/auto_03_828AB364_text	0	0	1444	16
default/auto_03_828AE3AC_text	0	0	316	3
default/auto_03_828AE61C_text	0	0	724	8
default/auto_03_828AFA0C_text	0	0	948	2
default/auto_03_828B1234_text	0	0	328	1
default/auto_03_828B1B24_text	0	0	356	5
default/auto_03_828B1ED8_text	0	0	72	2
default/auto_03_828B235C_text	0	0	620	8
default/auto_03_828B2EC4_text	0	0	300	1
default/auto_03_828B4B8C_text	0	0	2748	18
default/auto_03_828B59D4_text	0	0	736	3
default/auto_03_828B5F64_text	0	0	788	2
default/auto_03_828B6998_text	0	0	588	3
default/auto_03_828B7120_text	0	0	24	1
default/auto_03_828B7E08_text	0	0	192	3
default/auto_03_828B8688_text	0	0	2072	5
default/auto_03_828B951C_text	0	0	252	3
default/auto_03_828BD834_text	0	0	1856	2
default/auto_03_828C2054_text	0	0	484	7
default/auto_03_828C2610_text	0	0	1248	17
default/auto_03_828C58E4_text	0	0	640	13
default/auto_03_828C5E34_text	0	0	988	10
default/auto_03_828C7614_text	0	0	2012	31
default/auto_03_828CB7EC_text	0	0	2904	37
default/auto_03_828DA8D4_text	0	0	80	1
default/auto_03_828DD4D0_text	0	0	556	1
default/auto_03_828E2BE0_text	0	0	1004	6
default/auto_03_828E57C8_text	0	0	376	3
default/auto_03_828E5A68_text	0	0	56	1
default/auto_03_828E6558_text	0	0	1472	10
default/auto_03_828EF234_text	0	0	148	2
default/auto_03_829022B0_text	0	0	524	1
default/auto_03_82904F28_text	0	0	148	2
default/auto_03_82905D64_text	0	0	496	1
default/auto_03_82906978_text	0	0	436	1
default/auto_03_8290BB00_text	0	0	9932	1
default/auto_03_829107C8_text	0	0	15544	4
default/auto_03_8291590C_text	0	0	284	1
default/auto_03_8291742C_text	0	0	92	1
default/auto_03_82923114_text	0	0	196	2
default/auto_03_82928EE8_text	0	0	100	1
default/auto_03_82929B20_text	0	0	92	1
default/auto_03_8292AA70_text	0	0	2856	4
default/auto_03_8292B880_text	0	0	92	1
default/auto_03_8292CB68_text	0	0	188	1
default/auto_03_8292CDDC_text	0	0	5096	18
default/auto_03_8292F97C_text	0	0	1264	2
default/auto_03_8293210C_text	0	0	160	1
default/auto_03_82933154_text	0	0	2172	1
default/auto_03_82935EDC_text	0	0	156	1
default/auto_03_82936588_text	0	0	208	2
default/auto_03_82936740_text	0	0	344	7
default/auto_03_82938728_text	0	0	424	5
default/auto_03_82938E8C_text	0	0	420	3
default/auto_03_8293AB64_text	0	0	752	1
default/auto_03_8293DFB0_text	0	0	224	1
default/auto_03_8293E234_text	0	0	560	8
default/auto_03_829404BC_text	0	0	116	2
default/auto_03_82944D6C_text	0	0	388	4
default/auto_03_82945D68_text	0	0	12	1
default/auto_03_82945F38_text	0	0	652	1
default/auto_03_82946A34_text	0	0	2272	11
default/auto_03_82948CFC_text	0	0	5252	7
default/auto_03_8294EEFC_text	0	0	236	2
default/auto_03_8294F308_text	0	0	176	2
default/auto_03_82951510_text	0	0	2672	1
default/auto_03_82955FE0_text	0	0	80	3
default/auto_03_8295A680_text	0	0	200	3
default/auto_03_8295B15C_text	0	0	84	1
default/auto_03_82965628_text	0	0	504	4
default/auto_03_82967C2C_text	0	0	84	1
default/auto_03_82968364_text	0	0	840	4
default/auto_03_8296CD04_text	0	0	3976	2
default/auto_03_82979C48_text	0	0	288	3
default/auto_03_8297B7EC_text	0	0	148	1
default/auto_03_82982034_text	0	0	872	5
default/auto_03_829827B8_text	0	0	92	1
default/auto_03_82991B40_text	0	0	136	1
default/auto_03_82994F98_text	0	0	184	2
default/auto_03_829B338C_text	0	0	132	1
default/auto_03_829BCFB8_text	0	0	156	1
default/auto_03_829BF7FC_text	0	0	72	1
default/auto_03_829E1D7C_text	0	0	164	7
default/auto_03_829E21B4_text	0	0	64	3
default/auto_03_829E3DB4_text	0	0	96	1
default/auto_03_829E590C_text	0	0	220	1
default/auto_03_829E5CEC_text	0	0	148	1
default/auto_03_829E602C_text	0	0	220	1
default/auto_03_829E79A4_text	0	0	156	1
default/auto_03_829E7B84_text	0	0	396	3
default/auto_03_829E8B3C_text	0	0	64	1
default/auto_03_829E9264_text	0	0	296	2
default/auto_03_829EC2B8_text	0	0	100	1
default/auto_03_82A00194_text	0	0	24860	27
default/auto_03_82A0649C_text	0	0	1208	6
default/auto_03_82A06CD4_text	0	0	2936	11
default/auto_03_82A07DCC_text	0	0	1004	3
default/auto_03_82A08404_text	0	0	532	3
default/auto_03_82A08E94_text	0	0	360	2
default/auto_03_82A09BE0_text	0	0	152	2
default/auto_03_82A0AF40_text	0	0	1076	4
default/auto_03_82A0B848_text	0	0	92	2
default/auto_03_82A0E8B8_text	0	0	72	1
default/auto_03_82A0F5D4_text	0	0	216	2
default/auto_03_82A1D440_text	0	0	72	3
default/auto_03_82A30B48_text	0	0	168	1
default/auto_03_82A31EC4_text	0	0	328	1
default/auto_03_82A32824_text	0	0	124	1
default/auto_03_82A32A98_text	0	0	252	2
default/auto_03_82A37E6C_text	0	0	408	2
default/auto_03_82A47340_text	0	0	1448	11
default/auto_03_82A47A54_text	0	0	60	2
default/auto_03_82A48880_text	0	0	6468	8
default/auto_03_82A4A500_text	0	0	3380	2
default/auto_03_82A4D458_text	0	0	416	2
default/auto_03_82A526AC_text	0	0	856	4
default/auto_03_82A541C0_text	0	0	748	2
default/auto_03_82A55798_text	0	0	1068	24
default/auto_03_82A57574_text	0	0	804	2
default/auto_03_82A5852C_text	0	0	60	1
default/auto_03_82A5873C_text	0	0	460	5
default/auto_03_82A59F94_text	0	0	88	2
default/auto_03_82A5A38C_text	0	0	60	5
default/auto_03_82A5AAD8_text	0	0	108	1
default/auto_03_82A5ACA8_text	0	0	160	2
default/auto_03_82A5BB94_text	0	0	136	2
default/auto_03_82A5C864_text	0	0	468	13
default/auto_03_82A5CD74_text	0	0	100	2
default/auto_03_82A66C68_text	0	0	108	1
default/auto_03_82A68F38_text	0	0	440	2
default/auto_03_82A699E8_text	0	0	108	2
default/auto_03_82A69C38_text	0	0	3888	18
default/auto_03_82A6B4DC_text	0	0	352	1
default/auto_03_82A6BC60_text	0	0	224	1
default/auto_03_82A6CE88_text	0	0	1436	9
default/auto_03_82A6DC40_text	0	0	9936	109
default/auto_03_82A75F64_text	0	0	8292	36
default/auto_03_82A78664_text	0	0	16316	89
default/auto_03_82A7DE08_text	0	0	9092	53
default/auto_03_82A80238_text	0	0	9608	55
default/auto_03_82A832B4_text	0	0	16420	122
default/auto_03_82A87D2C_text	0	0	880	7
default/auto_03_82A887F4_text	0	0	14540	81
default/auto_03_82A8C3C8_text	0	0	1424	12
default/auto_03_82A8CC30_text	0	0	4420	24
default/auto_03_82A8E148_text	0	0	7208	57
default/auto_03_82A90C08_text	0	0	2424	12
default/auto_03_82A91ECC_text	0	0	7072	38
default/auto_03_82A96A30_text	0	0	5276	21
default/auto_03_82A987D0_text	0	0	2904	34
default/auto_03_82A997F4_text	0	0	2560	20
default/auto_03_82A9A82C_text	0	0	7044	20
default/auto_03_82A9C74C_text	0	0	2380	14
default/auto_03_82A9D19C_text	0	0	14996	101
default/auto_03_82AA15E8_text	0	0	100	2
default/auto_03_82AA35F8_text	0	0	16188	102
default/auto_03_82AA78E4_text	0	0	10140	87
default/auto_03_82AAA1F8_text	0	0	6016	22
default/auto_03_82AABA14_text	0	0	1112	10
default/auto_03_82AABF60_text	0	0	18212	184
default/auto_03_82AB12F4_text	0	0	8904	57
default/auto_03_82AB36E8_text	0	0	2608	22
default/auto_03_82AB42C0_text	0	0	1320	19
default/auto_03_82AB48D0_text	0	0	8544	30
default/auto_03_82AB7718_text	0	0	4176	22
default/auto_03_82AB9504_text	0	0	5992	22
default/auto_03_82ABB42C_text	0	0	10768	45
default/auto_03_82ABDF78_text	0	0	9380	47
default/auto_03_82AC0C78_text	0	0	6944	64
default/auto_03_82AC2C04_text	0	0	1264	12
default/auto_03_82AC33A4_text	0	0	3748	36
default/auto_03_82AC48A4_text	0	0	3856	25
default/auto_03_82AC7948_text	0	0	3540	23
default/auto_03_82AC9F44_text	0	0	17756	122
default/auto_03_82ACE660_text	0	0	3868	36
default/auto_03_82ACF7BC_text	0	0	11448	83
default/auto_03_82AD2B6C_text	0	0	1456	12
default/auto_03_82AD31B4_text	0	0	11676	71
default/auto_03_82AD63BC_text	0	0	608	5
default/auto_03_82AD7394_text	0	0	368	3
default/auto_03_82AD867C_text	0	0	940	13
default/auto_03_82AD9D7C_text	0	0	1292	15
default/auto_03_82ADAAA4_text	0	0	176	1
default/auto_03_82ADAD54_text	0	0	2192	9
default/auto_03_82ADD048_text	0	0	576	7
default/auto_03_82ADDA2C_text	0	0	544	4
default/auto_03_82ADDD14_text	0	0	3176	22
default/auto_03_82ADEA14_text	0	0	608	4
default/auto_03_82ADF2E0_text	0	0	1988	11
default/auto_03_82ADFBD4_text	0	0	1340	14
default/auto_03_82AE02C8_text	0	0	3504	18
default/auto_03_82AE1124_text	0	0	16432	76
default/auto_03_82AE52A8_text	0	0	2288	13
default/auto_03_82AE5C34_text	0	0	456	7
default/auto_03_82AE5E60_text	0	0	328	5
default/auto_03_82AE5FE8_text	0	0	5000	40
default/auto_03_82AE817C_text	0	0	5388	43
default/auto_03_82AE9868_text	0	0	4160	24
default/auto_03_82AEAE2C_text	0	0	5664	70
default/auto_03_82AEC7CC_text	0	0	3564	29
default/auto_03_82AED694_text	0	0	5328	28
default/auto_03_82AEED50_text	0	0	5088	16
default/auto_03_82AF076C_text	0	0	5704	35
default/auto_03_82AF1F6C_text	0	0	1032	9
default/auto_03_82AF2784_text	0	0	18456	98
default/auto_03_82AF7394_text	0	0	7596	49
default/auto_03_82AF926C_text	0	0	12212	79
default/auto_03_82AFC2DC_text	0	0	348	3
default/auto_03_82AFE7A4_text	0	0	6628	59
default/auto_03_82B0046C_text	0	0	12704	72
default/auto_03_82B058F8_text	0	0	19280	161
default/auto_03_82B0A730_text	0	0	15460	89
default/auto_03_82B0E914_text	0	0	19484	55
default/auto_03_82B14948_text	0	0	1008	7
default/auto_03_82B14DBC_text	0	0	160	3
default/auto_03_82B14F90_text	0	0	4048	42
default/auto_03_82B17810_text	0	0	15728	119
default/auto_03_82B1B80C_text	0	0	2736	17
default/auto_03_82B1C410_text	0	0	128	2
default/auto_03_82B1C91C_text	0	0	3500	42
default/auto_03_82B1D91C_text	0	0	2464	22
default/auto_03_82B1E3C8_text	0	0	4856	32
default/auto_03_82B1F9F8_text	0	0	924	7
default/auto_03_82B1FE00_text	0	0	864	7
default/auto_03_82B201C8_text	0	0	9388	62
default/auto_03_82B22838_text	0	0	3244	35
default/auto_03_82B23780_text	0	0	12812	72
default/auto_03_82B26B1C_text	0	0	680	9
default/auto_03_82B26FFC_text	0	0	20408	75
default/auto_03_82B2C0E0_text	0	0	1584	15
default/auto_03_82B2CF08_text	0	0	11328	98
default/auto_03_82B2FEA4_text	0	0	7496	60
default/auto_03_82B34FAC_text	0	0	7560	85
default/auto_03_82B37010_text	0	0	4984	52
default/auto_03_82B386B4_text	0	0	5052	30
default/auto_03_82B3A488_text	0	0	14216	114
default/auto_03_82B3DD60_text	0	0	5996	71
default/auto_03_82B3F958_text	0	0	656	5
default/auto_03_82B3FC78_text	0	0	12672	30
default/auto_03_82B43294_text	0	0	1556	13
default/auto_03_82B4547C_text	0	0	3776	41
default/auto_03_82B4696C_text	0	0	1552	14
default/auto_03_82B47BC4_text	0	0	2936	26
default/auto_03_82B48824_text	0	0	3380	18
default/auto_03_82B497A4_text	0	0	21732	139
default/auto_03_82B4EFF4_text	0	0	13928	72
default/auto_03_82B52800_text	0	0	1388	3
default/auto_03_82B535A8_text	0	0	1528	6
default/auto_03_82B53D74_text	0	0	1996	19
default/auto_03_82B577E4_text	0	0	44	3
default/auto_03_82B58098_text	0	0	384	1
default/auto_03_82B68D40_text	0	0	2288	7
default/auto_03_82B6985C_text	0	0	2056	13
default/auto_03_82B6AA90_text	0	0	2632	6
default/auto_03_82B8C8C8_text	0	0	7704	66
default/auto_03_82B8E7E8_text	0	0	5132	47
default/auto_03_82BAC148_text	0	0	316	1
default/auto_03_82BBABEC_text	0	0	15204	232
default/auto_03_82BBF2B0_text	0	0	648	4
default/auto_03_82BBF9B4_text	0	0	4756	9
default/auto_03_82BC1408_text	0	0	980	8
default/auto_03_82BC1AC8_text	0	0	224	1
default/auto_03_82BC1E0C_text	0	0	1440	9
default/auto_03_82BC25E4_text	0	0	5864	29
default/auto_03_82BC3E80_text	0	0	1596	11
default/auto_03_82BC46B8_text	0	0	9332	33
default/auto_03_82BC6C04_text	0	0	840	5
default/auto_03_82BC70A4_text	0	0	316	3
default/auto_03_82BC7518_text	0	0	3372	21
default/auto_03_82BC92AC_text	0	0	4408	13
default/auto_03_82BCB964_text	0	0	6084	30
default/auto_03_82BCD2AC_text	0	0	1372	9
default/auto_03_82BCDAEC_text	0	0	4980	37
default/auto_03_82BCF89C_text	0	0	292	1
default/auto_03_82BCFEB0_text	0	0	2916	10
default/auto_03_82BD0BDC_text	0	0	1708	7
default/auto_03_82BD1528_text	0	0	1760	14
default/auto_03_82BD225C_text	0	0	124	1
default/auto_03_82BD261C_text	0	0	492	1
default/auto_03_82BD2DEC_text	0	0	896	7
default/auto_03_82BD3820_text	0	0	484	3
default/auto_03_82BD3D28_text	0	0	1916	5
default/auto_03_82BD4B94_text	0	0	15516	56
default/auto_03_82BD8C98_text	0	0	3188	15
default/auto_03_82BD9EB8_text	0	0	72	1
default/auto_03_82BDC380_text	0	0	88	4
default/auto_03_82BDCD94_text	0	0	19600	5
default/auto_03_82BE2A00_text	0	0	100	1
default/auto_03_82BE2EA8_text	0	0	1532	12
default/auto_03_82BE39F0_text	0	0	2812	21
default/auto_03_82BE48B0_text	0	0	728	1
default/auto_03_82BE4DB8_text	0	0	1728	15
default/auto_03_82BE56D0_text	0	0	1356	7
default/auto_03_82BE5D9C_text	0	0	904	2
default/auto_03_82BE6744_text	0	0	1028	2
default/auto_03_82BE9AC0_text	0	0	1872	1
default/auto_03_82BEF664_text	0	0	17840	34
default/auto_03_82BF4020_text	0	0	1824	12
default/auto_03_82BF49F4_text	0	0	3284	35
default/auto_03_82BF5A74_text	0	0	836	6
default/auto_03_82BF6B80_text	0	0	2964	27
default/auto_03_82BF931C_text	0	0	500	4
default/auto_03_82BF95CC_text	0	0	2484	8
default/auto_03_82BFF4F4_text	0	0	8688	3
default/auto_03_82C01F20_text	0	0	96	1
default/auto_03_82C04674_text	0	0	400	2
default/auto_03_82C07874_text	0	0	472	3
default/auto_03_82C07E8C_text	0	0	852	6
default/auto_03_82C0855C_text	0	0	788	6
default/auto_03_82C08E34_text	0	0	268	1
default/auto_03_82C098BC_text	0	0	144	1
default/auto_03_82C09EFC_text	0	0	796	3
default/auto_03_82C0BA30_text	0	0	12440	8
default/auto_03_82C0F25C_text	0	0	1444	11
default/auto_03_82C1162C_text	0	0	3220	16
default/auto_03_82C122E4_text	0	0	13288	30
default/auto_03_82C16330_text	0	0	32	2
default/auto_03_82C16A9C_text	0	0	1096	7
default/auto_03_82C16FD4_text	0	0	1736	11
default/auto_03_82C18B78_text	0	0	28	2
default/auto_03_82C18DEC_text	0	0	3832	19
default/auto_03_82C19F4C_text	0	0	2780	12
default/auto_03_82C1BAE4_text	0	0	1488	2
default/auto_03_82C1CA18_text	0	0	8016	22
default/auto_03_82C1F6C4_text	0	0	26056	87
default/auto_03_82C25D50_text	0	0	2320	12
default/auto_03_82C26B28_text	0	0	176	1
default/auto_03_82C27CCC_text	0	0	1616	5
default/auto_03_82C28838_text	0	0	3456	13
default/auto_03_82C29D84_text	0	0	6888	16
default/auto_03_82C2E528_text	0	0	8488	51
default/auto_03_82C37768_text	0	0	6136	51
default/auto_03_82C3E5B4_text	0	0	1872	35
default/auto_03_82C40F7C_text	0	0	6264	111
default/auto_03_82C438BC_text	0	0	5372	154
default/auto_03_82C45014_text	0	0	3264	146
default/auto_03_82C45EC4_text	0	0	14056	528
default/auto_03_82C49E1C_text	0	0	11832	497
default/auto_04_82C4D000_BINK	0	0	65292	141
default/band3/bandtrack/Gem	13780	161	30264	222
default/band3/bandtrack/GemRepTemplate	4012	28	5184	36
default/band3/bandtrack/Lyric	2172	30	3592	38
default/band3/bandtrack/Track	4432	48	5148	52
default/band3/bandtrack/TrackPanel	9548	104	15548	138
default/band3/game/Band	6320	57	9248	70
default/band3/game/BandPerformer	3148	32	3824	42
default/band3/game/BandUserMgr	7888	80	10096	89
default/band3/game/CommonPhraseCapturer	3460	28	3796	29
default/band3/game/CrowdRating	1668	12	1668	12
default/band3/game/DirectInstrument	876	12	876	12
default/band3/game/FadePanel	2224	18	2224	18
default/band3/game/Game	24644	323	40844	356
default/band3/game/GemTrainerPanel	7936	84	13092	98
default/band3/game/HitTracker	616	12	796	13
default/band3/game/KeysFx	2892	27	2892	27
default/band3/game/MultiplayerAnalyzer	3728	31	6260	46
default/band3/game/PerfectOverdriveTracker	4540	41	6744	43
default/band3/game/PerfectSectionTracker	4420	47	7804	54
default/band3/game/Player	19776	159	25468	185
default/band3/game/PracticeSectionProvider	3484	33	4556	42
default/band3/game/PresenceMgr	2308	35	6100	48
default/band3/game/RGTrainerPanel	9740	110	16068	134
default/band3/game/RGTutor	124	1	140	2
default/band3/game/RealGuitarGemPlayer	2560	33	2560	33
default/band3/game/ScoreTracker	732	6	732	6
default/band3/game/Scoring	4588	38	6700	46
default/band3/game/Singer	2860	46	6928	62
default/band3/game/StatMemberTracker	1568	12	1568	12
default/band3/game/Stats	6928	99	11092	121
default/band3/game/SyncGameStartPanel	3324	36	3324	36
default/band3/game/TambourineManager	4424	36	5332	38
default/band3/game/Tracker	5220	49	6988	62
default/band3/game/TrackerDisplay	13396	186	15092	195
default/band3/game/TrainerGemTab	3944	9	6740	22
default/band3/game/TrainerPanel	8980	95	14144	117
default/band3/game/TrainerProgressMeter	1120	6	1120	6
default/band3/game/UISyncNetMsgs	4816	51	4816	51
default/band3/game/UITransitionNetMsgs	1416	16	1612	20
default/band3/game/VocalGuidePitch	1016	13	1728	16
default/band3/game/VocalTrainerPanel	4532	47	4976	49
default/band3/meta_band/AccomplishmentGroup	168	2	168	2
default/band3/meta_band/AccomplishmentLessonSongListConditional	232	2	520	5
default/band3/meta_band/AccomplishmentManager	29788	284	37120	309
default/band3/meta_band/AccomplishmentOneShot	2860	31	2988	32
default/band3/meta_band/AccomplishmentProgress	10708	153	15776	167
default/band3/meta_band/AccomplishmentSongListConditional	852	11	852	11
default/band3/meta_band/AccomplishmentTourConditional	692	12	1072	14
default/band3/meta_band/AccomplishmentTrainerCategoryConditional	1288	13	1288	13
default/band3/meta_band/AccomplishmentTrainerConditional	292	6	456	7
default/band3/meta_band/AccomplishmentTrainerListConditional	628	9	848	12
default/band3/meta_band/AppMiniLeaderboardDisplay	4936	53	5168	57
default/band3/meta_band/Asset	464	10	1200	10
default/band3/meta_band/AssetMgr	2972	37	4564	45
default/band3/meta_band/AssetProvider	1212	21	4452	36
default/band3/meta_band/BandProfile	13588	149	18688	173
default/band3/meta_band/BandStoreOffer	1916	20	1916	20
default/band3/meta_band/BandStorePanel	4992	83	13144	127
default/band3/meta_band/CampaignGoalsLeaderboardChoicePanel	5604	49	5612	50
default/band3/meta_band/CampaignGoalsLeaderboardPanel	5612	79	9652	104
default/band3/meta_band/CampaignKey	172	2	172	2
default/band3/meta_band/CharCache	2360	29	4604	40
default/band3/meta_band/CharProvider	4260	39	6380	54
default/band3/meta_band/CharSync	1704	21	3136	22
default/band3/meta_band/ClosetMgr	10344	117	12088	130
default/band3/meta_band/ClosetPanel	2968	37	2968	37
default/band3/meta_band/ContentLoadingPanel	2228	30	3296	38
default/band3/meta_band/CurrentOutfitProvider	972	14	1432	17
default/band3/meta_band/EditSetlistPanel	12976	121	13476	122
default/band3/meta_band/EventDialogPanel	2584	28	2584	28
default/band3/meta_band/EyebrowsProvider	976	13	976	13
default/band3/meta_band/FaceHairProvider	1036	14	1036	14
default/band3/meta_band/FaceTypeProvider	612	10	736	11
default/band3/meta_band/GameTimePanel	1352	17	1352	17
default/band3/meta_band/InputMgr	7416	61	7416	61
default/band3/meta_band/InstrumentFinishProvider	732	10	732	10
default/band3/meta_band/InterstitialMgr	3112	46	5788	57
default/band3/meta_band/InterstitialPanel	2944	33	2944	33
default/band3/meta_band/LessonMgr	2676	34	4492	44
default/band3/meta_band/LessonProvider	1456	16	1652	17
default/band3/meta_band/LicenseMgr	2560	32	4688	46
default/band3/meta_band/LockStepMgr	6076	71	7084	75
default/band3/meta_band/MakeupProvider	1244	17	1968	22
default/band3/meta_band/ManageBandPanel	7476	74	8768	80
default/band3/meta_band/MetaNetMsgs	1516	21	1560	22
default/band3/meta_band/ModifierMgr	2304	33	4640	52
default/band3/meta_band/MultiSelectListPanel	1292	17	1292	17
default/band3/meta_band/MusicLibraryNetSetlists	3148	37	6560	54
default/band3/meta_band/NameGenerator	788	8	788	8
default/band3/meta_band/NetSync	12828	119	12844	120
default/band3/meta_band/NewAssetProvider	684	14	1652	20
default/band3/meta_band/NewAwardPanel	4568	59	9092	95
default/band3/meta_band/OutfitProvider	608	10	776	11
default/band3/meta_band/ParentalControlPanel	1224	13	1224	13
default/band3/meta_band/PassiveMessenger	17320	178	18060	180
default/band3/meta_band/PatchPanel	11352	118	16260	135
default/band3/meta_band/PatchSelectPanel	4920	50	5268	53
default/band3/meta_band/PrefabMgr	4452	56	8356	76
default/band3/meta_band/ProfileAssets	1464	19	1556	21
default/band3/meta_band/RetryAudioPanel	1260	20	3496	33
default/band3/meta_band/SaveLoadManager	25284	288	32896	314
default/band3/meta_band/SaveLoadStatusPanel	1396	17	1396	17
default/band3/meta_band/SavedSetlist	5532	67	5532	67
default/band3/meta_band/SessionMgr	12304	123	14060	130
default/band3/meta_band/SetlistSortByLocation	2432	24	2432	24
default/band3/meta_band/SetlistToStorePanel	2284	19	3132	25
default/band3/meta_band/SigninScreen	4044	28	4136	29
default/band3/meta_band/SongRecord	6052	51	6524	57
default/band3/meta_band/SongSelectPanel	6364	59	6364	59
default/band3/meta_band/SongSetlistProvider	516	3	516	3
default/band3/meta_band/SongSort	3576	46	6240	57
default/band3/meta_band/SongUpgradeMgr	2936	50	5564	58
default/band3/meta_band/StandIn	788	11	1716	21
default/band3/meta_band/StoreInfoPanel	5384	63	6676	71
default/band3/meta_band/StoreMainPanel	4004	58	6944	69
default/band3/meta_band/StoreMenuPanel	2548	34	4200	38
default/band3/meta_band/StoreMenuProvider	2808	28	2808	28
default/band3/meta_band/StoreOfferProvider	5940	83	11076	93
default/band3/meta_band/StoreSongSortNode	2064	26	2076	27
default/band3/meta_band/TokenRedemptionPanel	4032	57	7540	77
default/band3/meta_band/TrainerProvider	888	11	888	11
default/band3/meta_band/TrainingMgr	3876	36	3876	36
default/band3/meta_band/UGCPurchasePanel	3316	37	4612	42
default/band3/meta_band/UIStats	2528	32	5372	36
default/band3/meta_band/ViewSetting	8740	121	14540	159
default/band3/meta_band/VoiceoverPanel	3644	38	3644	38
default/band3/net_band/DataResults	3976	46	3980	47
default/band3/tour/FixedSetlist	972	10	980	11
default/band3/tour/GigFilter	660	12	1284	18
default/band3/tour/TourChallengeResultsPanel	1284	22	2748	24
default/band3/tour/TourChar	2104	26	2104	26
default/band3/tour/TourCharRemote	1128	12	1128	12
default/band3/tour/TourCondition	2800	32	4356	44
default/band3/tour/TourDesc	2976	59	4584	60
default/band3/tour/TourGameModifier	336	4	336	4
default/band3/tour/TourGameRules	664	8	664	8
default/band3/tour/TourPerformerLocal	5812	41	6452	43
default/band3/tour/TourPerformerRemote	448	6	688	7
default/band3/tour/TourProperty	900	11	900	11
default/band3/tour/TourPropertyCollection	572	9	1440	15
default/band3/tour/TourQuestGameRules	468	7	468	7
default/band3/tour/TourWeightManager	452	5	516	6
default/bitrate	24	1	272	2
default/bitwise	1000	8	1072	9
default/block	3140	8	4196	13
default/codebook	2616	8	2616	8
default/crc32	892	2	892	2
default/crypt	292	2	292	2
default/ctr	676	5	920	5
default/deflate	7196	11	7196	11
default/envelope	0	0	96	1
default/floor0	1596	5	1800	7
default/floor1	7636	12	7772	14
default/framing	3300	16	4148	19
default/inffast	1032	1	1032	1
default/inflate	6140	6	6140	6
default/info	1880	6	2520	8
default/inftrees	1140	1	1140	1
default/json_object	2696	29	2696	29
default/json_tokener	456	5	5396	7
default/keygen_xbox	156	17	2452	20
default/linkhash	1512	10	1512	10
default/lsp	792	2	792	2
default/mapping0	5764	5	5832	6
default/mdct	4564	9	4676	10
default/mtx	1924	13	3472	19
default/network/Platform/BandwidthCounter	332	3	932	5
default/network/Platform/MemoryManager	24	1	2036	14
default/network/Plugins/Checksum/Interface/KeyedChecksumAlgorithm	532	6	532	6
default/network/Plugins/Checksum/MD5/MD5	724	3	7080	6
default/network/Plugins/SessionDiscovery/Interface/SessionDiscoveryTable	0	0	640	5
default/network/net/NetLog	116	2	116	2
default/network/net/NetSearchResult	1396	15	1396	15
default/network/net/NetSession	18676	266	31572	315
default/network/net/SessionSearcher	2864	36	2864	36
default/network/net/Synchronize	1420	16	1476	17
default/network/quazal/AccountManagement/Client/AccountManagementClient	0	0	4444	7
default/network/quazal/AccountManagement/Client/JobCreateAccount	0	0	5024	11
default/network/quazal/AccountManagement/Client/JobLoginOrCreateAccount	0	0	1192	3
default/network/quazal/Authentication/Client/AuthenticationClient	0	0	1152	5
default/network/quazal/Authentication/Client/JobTicketManagerAcquireTicket	0	0	468	1
default/network/quazal/Authentication/Client/JobTicketManagerLogin	0	0	2100	6
default/network/quazal/Authentication/Client/KerberosAuthentication	0	0	768	1
default/network/quazal/Authentication/Client/TicketManager	0	0	1060	2
default/network/quazal/CallContext	0	0	608	1
default/network/quazal/CallContextRegister	0	0	400	1
default/network/quazal/CallRegister	0	0	1924	8
default/network/quazal/ChangeDupSetOperation	0	0	232	1
default/network/quazal/ChangeMasterStationOperation	0	0	200	1
default/network/quazal/Competition/Client/CompetitionClient	0	0	704	1
default/network/quazal/Competition/Protocol/CompetitionDDL	0	0	96	1
default/network/quazal/Competition/Protocol/TournamentDDL	0	0	132	1
default/network/quazal/Compression/ZLib/ZLibCompression	0	0	316	1
default/network/quazal/Core	0	0	2032	4
default/network/quazal/Core/BitStream	0	0	232	3
default/network/quazal/Core/ByteStream	0	0	2208	21
default/network/quazal/Core/EventHandler	0	0	1020	3
default/network/quazal/Core/Log	0	0	1356	5
default/network/quazal/Core/MutexPrimitive	0	0	72	1
default/network/quazal/Core/ObjectThreadRoot	0	0	200	1
default/network/quazal/Core/Platform	0	0	100	1
default/network/quazal/Core/String	0	0	2360	20
default/network/quazal/Core/StringConverter	0	0	356	3
default/network/quazal/Core/StringStream	0	0	160	1
default/network/quazal/DOCallContext	0	0	1928	10
default/network/quazal/DOClass	0	0	1540	5
default/network/quazal/DOClassesTable	0	0	376	1
default/network/quazal/DOCore	0	0	2056	1
default/network/quazal/DOCoreTypes	0	0	884	2
default/network/quazal/DupSpace/DefaultCellDDL	0	0	1444	15
default/network/quazal/DupSpace/DupSpaceExtension	0	0	548	2
default/network/quazal/DupSpace/DuplicationSpaceTable	0	0	3100	8
default/network/quazal/DupSpace/MatchOperation	0	0	188	1
default/network/quazal/Encryption/RC4/RC4Encryption	0	0	296	3
default/network/quazal/Foundation/Client/ClientStreamManager	0	0	196	1
default/network/quazal/Foundation/JobTerminateFacade	0	0	384	1
default/network/quazal/Foundation/ProductFacade	0	0	3592	9
default/network/quazal/Foundation/Protocol/DataDDL	0	0	116	1
default/network/quazal/Foundation/Protocol/NotificationEventManager	0	0	100	1
default/network/quazal/Foundation/Transport/StreamManager	0	0	508	1
default/network/quazal/GlobalDiscovery/GlobalDiscoveryExtension	0	0	176	1
default/network/quazal/IDGeneratorDDL	0	0	1552	14
default/network/quazal/Job	0	0	532	1
default/network/quazal/JobConnectStation	0	0	3240	9
default/network/quazal/JobJoinSession	0	0	6108	15
default/network/quazal/JobListenOnWellKnown	0	0	176	1
default/network/quazal/JobProcessJoinRequest	0	0	432	1
default/network/quazal/LocalClock	0	0	124	1
default/network/quazal/MatchMaking/Client/MatchMakingClient	0	0	920	1
default/network/quazal/MatchMaking/Protocol/DynamicGatheringDDL	0	0	96	1
default/network/quazal/MatchMaking/Protocol/GameSessionDDL	0	0	132	1
default/network/quazal/MatchMaking/Protocol/GatheringDDL	0	0	96	1
default/network/quazal/ObjDupProtocol	0	0	12060	53
default/network/quazal/ParticipationManager	0	0	164	1
default/network/quazal/PromotionRefereeDDL	0	0	1540	12
default/network/quazal/ProtocolRequestBroker	0	0	184	1
default/network/quazal/RMCContext	0	0	228	1
default/network/quazal/RootDODDL	0	0	1156	14
default/network/quazal/SecureTransport/JobConnectSecureEndPoint	0	0	1116	3
default/network/quazal/SecureTransport/SecureEndPoint	0	0	524	1
default/network/quazal/SecureTransport/SecureStream	0	0	1924	22
default/network/quazal/Services/Facades/Client/JobBackEndServicesLogin	0	0	6688	21
default/network/quazal/Services/Facades/Client/JobBackEndServicesLogout	0	0	1624	3
default/network/quazal/Services/Facades/Client/JobBackEndServicesTerminate	0	0	284	1
default/network/quazal/Session	0	0	1628	1
default/network/quazal/SessionClock/SessionClockDDL	0	0	1560	13
default/network/quazal/SessionClock/SessionClockExtension	0	0	220	1
default/network/quazal/SessionDDL	0	0	2344	12
default/network/quazal/SessionDiscovery/Interface/SessionDiscoveryTable	0	0	996	5
default/network/quazal/SessionDiscovery/LAN/LANSessionDiscovery	0	0	3468	25
default/network/quazal/Stack/Core/BerkeleySocketDriver	0	0	96	1
default/network/quazal/Stack/Core/IOCompletionNotifier	0	0	716	3
default/network/quazal/Station	0	0	5836	27
default/network/quazal/StationDDL	0	0	2672	19
default/network/quazal/StationManager	0	0	3424	8
default/network/quazal/StepSequenceJob	0	0	220	1
default/network/quazal/SystemComponent	0	0	724	1
default/network/quazal/SystemComponents	0	0	288	1
default/network/quazal/Transport/Interface/ConnectionManager	0	0	780	5
default/network/quazal/Transport/Interface/HighLevelStream	0	0	524	2
default/network/quazal/Transport/Interface/JobConnectEndPoint	0	0	1984	13
default/network/quazal/Transport/Interface/NATTraversalEngine	0	0	8680	69
default/network/quazal/Transport/Interface/Network	0	0	4848	48
default/network/quazal/Transport/Interface/StationURL	0	0	7960	71
default/network/quazal/Transport/Interface/TransportSignatureGenerator	0	0	612	4
default/network/quazal/Transport/Interface/XboxConnectivityTester	0	0	544	4
default/network/quazal/Transport/PRUDP/PRUDPEndPoint	0	0	12992	64
default/network/quazal/Transport/PRUDP/PRUDPStream	0	0	8888	69
default/network/quazal/Transport/Routing/RoutingStream	0	0	352	3
default/network/quazal/Transport/UDP/PacketIn	0	0	248	3
default/network/quazal/Transport/UDP/PacketOut	0	0	552	4
default/network/quazal/Transport/UDP/QueuingSocket	0	0	2488	9
default/network/quazal/Transport/UDP/UDPTransport	0	0	6184	42
default/network/quazal/WorkerThreads	0	0	604	1
default/network/quazal/XboxLSP/Client/JobLSPLogin	0	0	3428	8
default/network/quazal/XboxLSP/Client/JobLSPLoginBypassSG	0	0	1044	1
default/network/quazal/XboxLSP/Client/LSPBackEndServices	0	0	1856	8
default/osfinfo	152	1	1296	7
default/printbuf	636	5	636	5
default/psy	10212	16	10572	19
default/res0	5444	16	5700	18
default/rtti	368	7	2216	14
default/sharedbook	1156	6	3700	12
default/smallft	5160	7	5256	8
default/ssluse	0	0	216	1
default/synthesis	460	1	460	1
default/system/bandobj/BandButton	3968	41	5860	48
default/system/bandobj/BandFaceDeform	1860	20	3676	29
default/system/bandobj/BandHeadShaper	2936	24	6156	36
default/system/bandobj/BandTrack	16676	213	30796	271
default/system/bandobj/DialogDisplay	1364	26	3996	41
default/system/bandobj/ReviewDisplay	2608	36	3852	48
default/system/bandobj/UnisonIcon	2812	35	2908	36
default/system/beatmatch/BeatMaster	3872	35	4948	42
default/system/beatmatch/BeatMatchUtl	524	3	764	9
default/system/beatmatch/ButtonGuitarController	3508	26	3508	26
default/system/beatmatch/DrumMap	0	0	184	2
default/system/beatmatch/DrumMixDB	1492	14	2660	23
default/system/beatmatch/DrumTrackWatcherImpl	1932	11	2020	11
default/system/beatmatch/FillInfo	504	4	728	6
default/system/beatmatch/GameGem	432	12	2172	40
default/system/beatmatch/GameGemDB	656	11	964	13
default/system/beatmatch/GameGemList	2456	43	8196	74
default/system/beatmatch/JoypadGuitarController	2040	16	2040	16
default/system/beatmatch/JoypadMidiController	3176	31	3176	31
default/system/beatmatch/KeyboardController	2584	24	2892	25
default/system/beatmatch/PhraseAnalyzer	3660	29	3840	31
default/system/beatmatch/PhraseDB	428	7	560	8
default/system/beatmatch/PhraseList	616	7	1052	11
default/system/beatmatch/PlayerTrackConfigList	2148	29	3168	38
default/system/beatmatch/RealGuitarController	3264	26	3264	26
default/system/beatmatch/SlotChannelMapping	1592	24	2672	32
default/system/beatmatch/Submix	204	2	204	2
default/system/beatmatch/TimeSpanVector	168	1	168	1
default/system/char/CharMeshCacheMgr	1568	15	2412	17
default/system/dsp/IIRFilter	124	1	436	2
default/system/dsp/PitchDetector	860	10	2640	11
default/system/dsp/SndAnalysis	128	4	1756	7
default/system/dsp/VibratoDetector	400	2	776	3
default/system/gesture/DrawUtl	0	0	132	2
default/system/hamobj/MiniLeaderboardDisplay	1912	28	2168	31
default/system/meta/MemcardAction	44	1	44	1
default/system/meta/MemcardMgr	332	7	452	8
default/system/meta/StoreArtLoaderPanel	1256	15	1324	16
default/system/midi/MidiReceiver	24	1	104	3
default/system/midi/MidiVarLen	140	2	140	2
default/system/net/HttpReq	20	1	20	1
default/system/obj/Dir	16972	164	27456	198
default/system/obj/Utl	1764	28	4592	31
default/system/os/UsbMidiGuitar	1440	25	3336	34
default/system/rnddx9/CubeTex	6160	100	12968	143
default/system/rnddx9/Movie	1500	16	1568	17
default/system/rnddx9/Rnd	1728	17	8740	49
default/system/rnddx9/ShaderMgr	3312	37	12624	83
default/system/rnddx9/Utl	356	4	356	4
default/system/rndobj/CubeTex	5124	43	5592	47
default/system/rndobj/MotionBlur	3064	33	3564	35
default/system/rndobj/Movie	3308	42	4280	49
default/system/rndobj/Rnd	20512	293	34724	331
default/system/rndobj/SoftParticles	2284	26	2468	28
default/system/rndobj/Utl	15532	130	44496	198
default/system/synth/FxSend	4200	36	6212	48
default/system/synth/FxSendChorus	2452	18	2452	18
default/system/synth/FxSendCompress	2608	19	2608	19
default/system/synth/FxSendDelay	2160	18	2160	18
default/system/synth/FxSendDistortion	680	8	1164	11
default/system/synth/FxSendEQ	2880	21	2880	21
default/system/synth/FxSendFlanger	2492	18	2492	18
default/system/synth/FxSendMeterEffect	5012	42	5012	42
default/system/synth/FxSendPitchShift	680	7	1020	10
default/system/synth/FxSendReverb	2500	20	2788	21
default/system/synth/FxSendSynapse	2472	17	2696	25
default/system/synth/MidiChannel	72	1	72	1
default/system/synth/MoggClip	4924	48	5756	54
default/system/synth/OggMap	76	2	2848	13
default/system/synth/Synth	5868	81	9364	102
default/system/synth/SynthSample	2836	30	4748	41
default/system/synth/Utl	400	4	1336	14
default/system/synth/VoiceBeat	900	8	2836	12
default/system/synth_xbox/FxSend	484	6	528	7
default/system/synth_xbox/FxSendChorus	1968	23	2124	24
default/system/synth_xbox/FxSendCompress	892	12	1064	14
default/system/synth_xbox/FxSendDelay	2124	28	2124	28
default/system/synth_xbox/FxSendDistortion	1848	25	2040	27
default/system/synth_xbox/FxSendEQ	2132	28	2132	28
default/system/synth_xbox/FxSendFlanger	744	11	900	12
default/system/synth_xbox/FxSendMeterEffect	1484	18	1508	21
default/system/synth_xbox/FxSendPitchShift	188	3	188	3
default/system/synth_xbox/FxSendReverb	732	10	4760	13
default/system/synth_xbox/FxSendSynapse	80	1	548	4
default/system/synth_xbox/PitchDetector	2200	20	2876	21
default/system/synth_xbox/SampleInst360	304	11	772	17
default/system/synth_xbox/Synth	13344	153	16116	171
default/system/synth_xbox/SynthSample	432	6	464	8
default/system/ui/UIGridProvider	1340	19	1976	25
default/system/ui/UILabelDir	4876	83	10052	121
default/system/ui/UIProxy	4044	43	5060	49
default/system/utl/DeJitter	256	3	340	4
default/system/utl/LogFile	568	7	568	7
default/system/utl/SongInfoAudioType	612	7	612	7
default/system/world/Dir	228	5	1716	11
default/system/world/Reflection	120	2	120	2
default/system/world/World	236	4	276	4
default/trees	6612	10	6612	10
default/trie	0	0	872	6
default/vec	120	1	120	1
default/window	384	2	384	2
default/xdk/LIBCMT/_ctype	0	0	132	7
default/xdk/LIBCMT/_file	0	0	656	7
default/xdk/LIBCMT/asincos	0	0	456	3
default/xdk/LIBCMT/crt0dat	0	0	608	10
default/xdk/LIBCMT/crt0msg	0	0	180	3
default/xdk/LIBCMT/crtfpr	0	0	152	36
default/xdk/LIBCMT/cvt	0	0	2920	10
default/xdk/LIBCMT/dosmap	0	0	336	4
default/xdk/LIBCMT/ehstate	0	0	276	3
default/xdk/LIBCMT/fflush	0	0	560	3
default/xdk/LIBCMT/float	0	0	528	3
default/xdk/LIBCMT/fpexcept	0	0	2736	9
default/xdk/LIBCMT/frame	0	0	3964	15
default/xdk/LIBCMT/hooks	0	0	188	5
default/xdk/LIBCMT/ieeemisc	0	0	408	5
default/xdk/LIBCMT/invarg	0	0	248	3
default/xdk/LIBCMT/mlock	0	0	648	6
default/xdk/LIBCMT/onexit	0	0	384	4
default/xdk/LIBCMT/strtol	0	0	744	3
default/xdk/LIBCMT/threadex	0	0	484	4
default/xdk/LIBCMT/tidtable	0	0	904	9
default/xdk/LIBCMT/unwind	0	0	240	3
default/xdk/LIBCMT/util	0	0	448	5
default/xdk/d3d9i/lazy	0	0	4424	8
default/xdk/d3d9i/shader	0	0	5012	20
default/xdk/d3d9i/state	0	0	1940	7
default/xdk/d3d9i/texture	0	0	1512	3
default/xdk/d3dx9/c30program	0	0	10280	15
default/xdk/d3dx9/c30swprogram	0	0	35820	74
default/xdk/d3dx9/calloc	0	0	340	3
default/xdk/d3dx9/cargument	0	0	288	4
default/xdk/d3dx9/cassembler	0	0	24156	32
default/xdk/d3dx9/cbaseprogram	0	0	2728	14
default/xdk/d3dx9/cblt	0	0	6252	8
default/xdk/d3dx9/cbuffer	0	0	668	6
default/xdk/d3dx9/ccodec	0	0	14956	36
default/xdk/d3dx9/ccommentblock	0	0	908	7
default/xdk/d3dx9/ccompiler	0	0	88164	58
default/xdk/d3dx9/cconstanttable	0	0	17576	43
default/xdk/d3dx9/cfile	0	0	392	4
default/xdk/d3dx9/cfxlprogram	0	0	5468	8
default/xdk/d3dx9/cinstruction	0	0	3152	20
default/xdk/d3dx9/clock	0	0	2776	8
default/xdk/d3dx9/cnode	0	0	11396	59
default/xdk/d3dx9/cnodeasm	0	0	404	3
default/xdk/d3dx9/cparse	0	0	52972	88
default/xdk/d3dx9/cpreprocessor	0	0	7752	30
default/xdk/d3dx9/cprogram	0	0	106104	101
default/xdk/d3dx9/cpslegacyprogram	0	0	63424	80
default/xdk/d3dx9/cpsprogram	0	0	15620	22
default/xdk/d3dx9/cshaderprogram	0	0	87968	160
default/xdk/d3dx9/ctokenize	0	0	2136	8
default/xdk/d3dx9/ctransform	0	0	4692	9
default/xdk/d3dx9/cuassembler	0	0	37632	56
default/xdk/d3dx9/cvsprogram	0	0	11572	16
default/xdk/d3dx9/d3dx9fragment	0	0	1812	3
default/xdk/d3dx9/d3dx9shader	0	0	2400	11
default/xdk/d3dx9/d3dx9tex	0	0	5420	8
default/xdk/d3dx9/d3dxmath	0	0	336	5
default/xdk/d3dx9/dxtn	0	0	7184	8
default/xdk/d3dx9/effecthll	0	0	1308	4
default/xdk/d3dx9/threadlocaldata	0	0	676	3
default/xdk/d3dx9/trees	0	0	2676	3
default/xdk/xapilibi/closehandle	0	0	72	1
default/xdk/xapilibi/getlocaltime	0	0	148	1
default/xdk/xapilibi/memfunctions	0	0	1180	3
default/xdk/xapilibi/rtlheap	0	0	9772	13
default/xdk/xapilibi/sleep	0	0	208	3
default/xdk/xapilibi/xapi0	0	0	1232	4
default/xdk/xapilibi/xcontentcrosstitle	0	0	1416	7
default/xdk/xapilibi/xgetoverlappedextendederror	0	0	40	1
default/xdk/xapilibi/xgetoverlappedresult	0	0	152	1
default/xdk/xapilibi/xnotify	0	0	8	1
default/xdk/xapilibi/xthread	0	0	480	4
default/xdk/xapilibi/xusergetsignininfo	0	0	72	1
default/xdk/xapilibi/xutilitydrive	0	0	4944	20
default/xdk/xaudio2/adpcm	0	0	316	6
default/xdk/xaudio2/buffer	0	0	448	3
default/xdk/xaudio2/clipper	0	0	492	3
default/xdk/xaudio2/config	0	0	4680	10
default/xdk/xaudio2/configcommon	0	0	532	3
default/xdk/xaudio2/drccommonpro	0	0	8356	14
default/xdk/xaudio2/entropydecpro	0	0	8352	15
default/xdk/xaudio2/entropydecprolsl	0	0	1672	3
default/xdk/xaudio2/entropydecstd	0	0	1568	4
default/xdk/xaudio2/graphmgr	0	0	1604	6
default/xdk/xaudio2/leapfxlib	0	0	2692	15
default/xdk/xaudio2/losslessdecpro	0	0	2096	4
default/xdk/xaudio2/lowrate_commonstd	0	0	6152	6
default/xdk/xaudio2/msaudio	0	0	8164	24
default/xdk/xaudio2/msaudiodec	0	0	28956	46
default/xdk/xaudio2/msaudiopro	0	0	5112	17
default/xdk/xaudio2/msaudiostdpro	0	0	7320	9
default/xdk/xaudio2/oapclip	0	0	1064	3
default/xdk/xaudio2/oapmatrixmix	0	0	9648	8
default/xdk/xaudio2/oapreverb	0	0	16940	26
default/xdk/xaudio2/reverb	0	0	808	4
default/xdk/xaudio2/src_fast	0	0	360	5
default/xdk/xaudio2/strmdec_wma	0	0	3332	14
default/xdk/xaudio2/strmdec_wma_xenon	0	0	3460	4
default/xdk/xaudio2/swfilter	0	0	860	4
default/xdk/xaudio2/swoutput	0	0	608	9
default/xdk/xaudio2/swvoice	0	0	5272	29
default/xdk/xaudio2/system	0	0	2692	25
default/xdk/xaudio2/voiceskin	0	0	856	4
default/xdk/xaudio2/waveutils	0	0	1088	7
default/xdk/xaudio2/wmabuffilt	0	0	1912	7
default/xdk/xaudio2/wmaltrt	0	0	2584	5
default/xdk/xaudio2/x2effectchain	0	0	908	10
default/xdk/xaudio2/x2engine	0	0	2448	22
default/xdk/xaudio2/x2mixmatrix	0	0	592	3
default/xdk/xaudio2/x2voicebase	0	0	3052	16
default/xdk/xaudio2/x2voiceoutput	0	0	1760	3
default/xdk/xaudio2/x2voicesource	0	0	1056	8
default/xdk/xaudio2/x2voicewma	0	0	432	3
default/xdk/xaudio2/x2voicexma	0	0	5944	26
default/xdk/xaudio2/x2xmahal	0	0	3780	17
default/xdk/xaudio2/xapobase	0	0	2480	15
default/xdk/xaudio2/xwmamalloc	0	0	240	4
default/xdk/xgraphics/arena	0	0	300	3
default/xdk/xgraphics/buildcfg	0	0	6620	10
default/xdk/xgraphics/buildssa	0	0	7040	9
default/xdk/xgraphics/cblt	0	0	6604	8
default/xdk/xgraphics/ccodec	0	0	13156	29
default/xdk/xgraphics/cfgimpl	0	0	1464	10
default/xdk/xgraphics/clean	0	0	27204	23
default/xdk/xgraphics/compilerinc	0	0	948	9
default/xdk/xgraphics/compress	0	0	3800	10
default/xdk/xgraphics/constreg	0	0	16264	47
default/xdk/xgraphics/convert	0	0	9644	32
default/xdk/xgraphics/desc	0	0	6148	11
default/xdk/xgraphics/dlist	0	0	400	10
default/xdk/xgraphics/dominator	0	0	2408	8
default/xdk/xgraphics/dxtn	0	0	7360	15
default/xdk/xgraphics/emit	0	0	22688	45
default/xdk/xgraphics/endian	0	0	2764	7
default/xdk/xgraphics/execopts	0	0	8964	17
default/xdk/xgraphics/finalopts	0	0	6112	17
default/xdk/xgraphics/globreg	0	0	31460	43
default/xdk/xgraphics/header	0	0	1060	5
default/xdk/xgraphics/ilprogram	0	0	304	3
default/xdk/xgraphics/import	0	0	120588	241
default/xdk/xgraphics/instr	0	0	60916	126
default/xdk/xgraphics/litevalr500	0	0	12040	35
default/xdk/xgraphics/liveness	0	0	1856	6
default/xdk/xgraphics/localreg	0	0	844	5
default/xdk/xgraphics/main	0	0	4792	28
default/xdk/xgraphics/mem	0	0	652	4
default/xdk/xgraphics/optautoz	0	0	1540	5
default/xdk/xgraphics/optimize	0	0	171008	186
default/xdk/xgraphics/peeps	0	0	20156	16
default/xdk/xgraphics/predication	0	0	48288	76
default/xdk/xgraphics/r400_addrenum	0	0	2024	6
default/xdk/xgraphics/r400psil	0	0	4816	14
default/xdk/xgraphics/r400psilutil	0	0	14928	30
default/xdk/xgraphics/r400vs	0	0	8368	10
default/xdk/xgraphics/regopt	0	0	21984	54
default/xdk/xgraphics/scheduler	0	0	26664	46
default/xdk/xgraphics/shadercost	0	0	4548	8
default/xdk/xgraphics/shaderpdbbuilder	0	0	21860	127
default/xdk/xgraphics/ssmdebug	0	0	784	4
default/xdk/xgraphics/surface	0	0	3988	8
default/xdk/xgraphics/ucode/compiler/asm/asm	0	0	25244	62
default/xdk/xgraphics/ucode/compiler/asm/disasm	0	0	8512	12
default/xdk/xgraphics/ucode/compiler/compiler	0	0	7644	33
default/xdk/xgraphics/ucode/compiler/il/ilformatdecode	0	0	476	4
default/xdk/xgraphics/ucode/compiler/il/ilinstiterator	0	0	5920	13
default/xdk/xgraphics/ucode/compiler/ir/block	0	0	3852	31
default/xdk/xgraphics/ucode/compiler/ir/cfg	0	0	28036	60
default/xdk/xgraphics/ucode/compiler/ir/expansion	0	0	37256	23
default/xdk/xgraphics/ucode/compiler/ir/irinst	0	0	9836	97
default/xdk/xgraphics/ucode/compiler/ir/linkageinfo	0	0	4808	13
default/xdk/xgraphics/ucode/compiler/ir/ssa	0	0	8700	15
default/xdk/xgraphics/ucode/compiler/ir/vregtable	0	0	3852	22
default/xdk/xgraphics/ucode/compiler/opt/globalregs	0	0	788	9
default/xdk/xgraphics/ucode/compiler/opt/interference	0	0	4924	19
default/xdk/xgraphics/ucode/compiler/opt/opt	0	0	6476	13
default/xdk/xgraphics/ucode/compiler/opt/sched	0	0	20136	45
default/xdk/xgraphics/ucode/compiler/opt/schedmodel	0	0	2268	11
default/xdk/xgraphics/ucode/driver/r500assembler	0	0	22668	60
default/xdk/xgraphics/ucode/ssm/abstractstate/as_object	0	0	1224	1
default/xdk/xgraphics/ucode/ssm/interface/ssmcallbacks	0	0	1304	6
default/xdk/xgraphics/ucode/ssm/interface/ssmdevice	0	0	2548	13
default/xdk/xgraphics/ucode/ssm/interface/ssmobject	0	0	988	5
default/xdk/xgraphics/ucode/ssm/interface/ssmregistry	0	0	568	3
default/xdk/xgraphics/ucode/ssm/statecache/hashstatecache	0	0	948	5
default/xdk/xgraphics/ucode/ssm/statecache/programstore	0	0	2608	6
default/xdk/xgraphics/ucode/ssm/statecache/shaderstore	0	0	2480	10
default/xdk/xgraphics/ucode/ssm/statecache/statepostprocessor	0	0	2128	4
default/xdk/xgraphics/ucode/ssm/statecache/statepreprocessor	0	0	1160	6
default/xdk/xgraphics/ucode/ssm/statecompiler/compiledprogram	0	0	4184	21
default/xdk/xgraphics/ucode/ssm/statecompiler/compiledshader	0	0	5772	31
default/xdk/xgraphics/ucode/ssm/statecompiler/compilertossm	0	0	19636	91
default/xdk/xgraphics/ucode/ssm/statecompiler/compilewithqueries	0	0	164	1
default/xdk/xgraphics/ucode/ssm/statecompiler/cp_common	0	0	2188	4
default/xdk/xgraphics/ucode/ssm/statecompiler/cp_compiler	0	0	4968	5
default/xdk/xgraphics/ucode/ssm/statecompiler/fetchconstallocator	0	0	2424	8
default/xdk/xgraphics/ucode/ssm/statecompiler/internalconstallocator	0	0	1168	7
default/xdk/xgraphics/ucode/ssm/statecompiler/shaderrecycler	0	0	2968	6
default/xdk/xgraphics/ucode/ssm/statecompiler/ssmstatecompiler	0	0	2628	6
default/xdk/xgraphics/ucode/ssm/statecompiler/txserver	0	0	656	2
default/xdk/xgraphics/ucode/ssm/translator/xltconvert	0	0	53484	67
default/xdk/xgraphics/ucode/ssm/util/hashtable	0	0	2120	11
default/xdk/xgraphics/ucode/ssm/util/linkedlist	0	0	8092	45
default/xdk/xgraphics/ucode/ssm/util/linkedlistfactories	0	0	2952	12
default/xdk/xgraphics/ucode/ssm/util/ternary	0	0	1336	7
default/xdk/xgraphics/vector	0	0	2020	12
default/xdk/xgraphics/vectorize	0	0	110688	113
default/xdk/xgraphics/volume	0	0	3008	6
default/xdk/xgraphics/vreginfo	0	0	5608	27
default/xdk/xgraphics/vregprops	0	0	1408	16
default/xdk/xgraphics/xenoncompress	0	0	2592	6
default/xdk/xgraphics/xenosem	0	0	5700	7
default/xdk/xhv2/codec	0	0	1032	5
default/xdk/xhv2/engine	0	0	1136	6
default/xdk/xhv2/jitter	0	0	3272	11
default/xdk/xhv2/localtalker	0	0	3752	12
default/xdk/xhv2/loopback	0	0	1364	9
default/xdk/xhv2/micproxy	0	0	3348	9
default/xdk/xhv2/packets	0	0	968	7
default/xdk/xhv2/procmode	0	0	220	3
default/xdk/xhv2/remotetalker	0	0	2848	14
default/xdk/xhv2/voicechat	0	0	3080	13
default/xdk/xhv2/xhv	0	0	476	4
default/xdk/xinput2/tables	0	0	960	5
default/xdk/xinput2/xinput2	0	0	2900	14
default/xdk/xmcore/lf	0	0	7464	18
default/xdk/xmcore/winhelper	0	0	188	4
default/xdk/xmic/ciiasac60	0	0	356	3
default/xdk/xmic/decasac	0	0	940	4
default/xdk/xmic/xmicapi	0	0	5468	25
default/xdk/xnet/sockapi	0	0	332	10
default/xdk/xonline/endian	0	0	1180	13
default/xdk/xonline/marshal	0	0	2400	4
default/xdk/xonline/marshsup	0	0	804	5
default/xdk/xonline/schema	0	0	1552	9
default/xdk/xonline/xbosfall06	0	0	1364	4
default/xdk/xonline/xoncore	0	0	996	8
