fuzzy	mpn	size	unit	symbol
99.987	99.99	300	default/Flare	?Load@RndFlare@@UAAXAAVBinStream@@@Z
99.983	99.98	236	default/MeshAnim	?LoadShaders@RndShaderMgr@@MAAXPBD@Z
99.977	99.98	352	default/system/dsp/SndAnalysis	?RefinePeriod2@@YAMPBM00HH@Z
99.964	99.96	112	default/system/hamobj/MiniLeaderboardDisplay	?Save@MiniLeaderboardDisplay@@UAAXAAVBinStream@@@Z
99.964	99.96	224	default/band3/meta_band/BandStorePanel	?Enter@BandStorePanel@@UAAXXZ
99.961	99.96	412	default/Part	?UpdateRelativeXfm@RndParticleSys@@IAAXXZ
99.958	99.96	384	default/Mesh	?GetDistanceToPlane@RndMesh@@UAAMABVPlane@@AAVVector3@@@Z
99.957	99.96	460	default/Env_NG	?EstimateDraw@@YAMH@Z
99.955	99.95	440	default/SampleData	?Load@SampleData@@QAAXAAVBinStream@@ABVFilePath@@@Z
99.941	99.94	136	default/PlayerDiffIcon	?Save@PlayerDiffIcon@@UAAXAAVBinStream@@@Z
99.930	100.00	284	default/band3/meta_band/AppMiniLeaderboardDisplay	??1AppMiniLeaderboardDisplay@@UAA@XZ
99.926	99.93	108	default/ByteGrinder	?op59@@YA?AVDataNode@@PAVDataArray@@@Z
99.926	99.93	216	default/ScrollbarDisplay	?PreLoad@ScrollbarDisplay@@UAAXAAVBinStream@@@Z
99.924	99.92	476	default/Mat_NG	?SetBasicState@NgMat@@IAAXXZ
99.916	100.00	476	default/BandMachineMgr	?Dispatch@SyncMachineMsg@?A0x84a9b3fb@@UAAXXZ
99.915	99.92	284	default/Geo	?Intersect@@YA_NABVPlane@@ABVBox@@@Z
99.913	100.00	460	default/BandList	?ConcealAnimPoll@BandList@@QAAXHAAVTransform@@@Z
99.912	99.91	320	default/network/Platform/BandwidthCounter	??ABandwidthCounterMap@Quazal@@QAAPAVIOBandwidthCounter@01@I@Z
99.912	100.00	228	default/MoviePanel	?SyncProperty@MoviePanel@@UAA_NAAVDataNode@@PAVDataArray@@HW4PropOp@@@Z
99.910	99.91	268	default/PracticeSection	?Handle@PracticeSection@@UAA?AVDataNode@@PAVDataArray@@_N@Z
99.910	100.00	444	default/SIVideo	?Load@SIVideo@@QAAXAAVBinStream@@_N@Z
99.910	100.00	444	default/FileMergerOrganizer	?Init@FileMergerOrganizer@@SAXXZ
99.909	100.00	220	default/Matchmaker	?CancelFindImpl@BandMatchmaker@@UAAXXZ
99.909	100.00	440	default/Gen	?SetFrame@RndGenerator@@UAAXMM@Z
99.909	100.00	440	default/VocalNoteList	?DeterminePhraseTimes@VocalNoteList@@QAAXABVTempoMap@@@Z
99.906	100.00	424	default/DataFunc	?Quasiquote@@YA?AVDataNode@@ABV1@@Z
99.904	100.00	208	default/Mat_NG	?MakeTex3@@YAXABVTransform@@_NAAVMatrix4@Hmx@@@Z
99.903	100.00	412	default/PostProc_NG	?Bloom_Blur@@YAXPAVRndTex@@0W4BloomBlurStyle@@W4BloomBlurDirection@@IMM@Z
99.902	100.00	204	default/CharBonesMeshes	??$PropSync@VRndTransformable@@@@YA_NAAV?$ObjOwnerPtr@VRndTransformable@@@@AAVDataNode@@PAVDataArray@@HW4PropOp@@@Z
99.902	100.00	204	default/band3/meta_band/NetSync	??0StartTransitionMsg@@QAA@XZ
99.900	100.00	400	default/system/rndobj/Rnd	?SetupFont@Rnd@@IAAXXZ
99.898	99.90	236	default/Geo	?OnSide@BSPFace@@QAAXABVPlane@@AA_N1@Z
99.894	100.00	188	default/Task	?OnTimeTilNext@TaskMgr@@AAA?AVDataNode@@PAVDataArray@@@Z
99.890	100.00	364	default/Performer	?AddPoints@Performer@@UAAXM_N0@Z
99.878	99.88	328	default/Text	?Save@RndText@@UAAXAAVBinStream@@@Z
99.868	100.00	304	default/band3/game/Player	?PollEnabledState@Player@@QAAXM@Z
99.865	100.00	296	default/Gen	??1RndGenerator@@UAA@XZ
99.865	100.00	296	default/band3/meta_band/AccomplishmentManager	?IsAvailable@AccomplishmentManager@@QBA_NVSymbol@@_N@Z
99.863	100.00	292	default/UIListState	?SetSelectedSimulateScroll@UIListState@@QAAXH@Z
99.857	100.00	280	default/StreakMeter	?SetPitch@StreakMeter@@QAAXM@Z
99.852	99.85	244	default/DataFlex	yy_get_previous_state
99.852	99.85	108	default/MeterDisplay	??_DMeterDisplay@@QAAXXZ
99.848	100.00	264	default/Mesh	?CollidePlane@RndMesh@@QAAHABVFace@1@ABVPlane@@@Z
99.848	99.85	316	default/CharBlendBone	?SetType@CharBlendBone@@UAAXVSymbol@@@Z
99.848	99.85	316	default/PracticeSection	?SetType@PracticeSection@@UAAXVSymbol@@@Z
99.841	100.00	252	default/band3/bandtrack/GemRepTemplate	?SetupTailVerts@GemRepTemplate@@QAAXXZ
99.841	100.00	252	default/WaitingUserGate	?Dispatch@EnterFlowMsg@@UAAXXZ
99.836	100.00	244	default/ctr	?ctr_encrypt_fast@@YAHPBEPAEKPAUSymmetric_CTR@@@Z
99.836	100.00	244	default/system/obj/Utl	?PathCompare@@YA_NPAVDataArray@@0@Z
99.833	100.00	120	default/DataFile	?DataReadString@@YAPAVDataArray@@PBD@Z
99.831	100.00	356	default/network/net/NetSession	?OnRegisterSessionJobComplete@NetSession@@QAAX_N@Z
99.831	100.00	236	default/EventTrigger	??1EventTrigger@@UAA@XZ
99.830	99.93	400	default/Geo	?GeoInit@@YAXXZ
99.828	100.00	232	default/TrackWatcherImpl	?MaybeAutoplayFutureCymbal@TrackWatcherImpl@@QAAXH@Z
99.828	100.00	232	default/GemManager	?UpdateSlotPositions@GemManager@@QAAXXZ
99.825	100.00	228	default/VocalTrack	?GetHarmonyScore@VocalTrack@@QAAMH@Z
99.821	100.00	224	default/Overlay	?Init@RndOverlay@@SAXXZ
99.821	100.00	224	default/OverdriveMeter	?SetEnergy@OverdriveMeter@@QAAXMW4State@1@VSymbol@@M_N@Z
99.818	100.00	220	default/Interp	?Reset@LinearInterpolator@@UAAXPBVDataArray@@@Z
99.818	100.00	220	default/Interp	?Reset@ATanInterpolator@@QAAXMMMMM@Z
99.818	99.95	308	default/UIList	?GetDistanceToPlane@UIList@@UAAMABVPlane@@AAVVector3@@@Z
99.817	100.00	436	default/band3/game/PerfectOverdriveTracker	?GetPlayerContributionString@PerfectOverdriveTracker@@UBA?AVString@@VSymbol@@@Z
99.804	100.00	204	default/CharLipSyncDriver	?ScaleAddViseme@CharLipSyncDriver@@QAAXPAVCharClip@@M@Z
99.800	100.00	100	default/Sequence	??1?$ObjRefConcrete@VLightHue@@VObjectDir@@@@UAA@XZ
99.800	100.00	100	default/BandUI	?IsTimelineResetAllowed@BandUI@@UBA_NXZ
99.800	100.00	200	default/MusicLibrary	?GetSongFilterAsString@MusicLibraryTask@MusicLibrary@@QAAXAAVString@@@Z
99.800	100.00	200	default/network/net/NetSession	?SetState@NetSession@@QAAXW4SessionState@1@@Z
99.792	100.00	192	default/StoreOffer	?HasSong@StoreOffer@@QBA_NPBV1@@Z
99.789	100.00	380	default/Bitmap	?Create@RndBitmap@@QAAXPAX@Z
99.773	100.00	176	default/TrackWidget	?RemoveAt@TrackWidget@@QAAXMH@Z
99.750	100.00	160	default/Synapse_dsp	?SetAttackSmoothing@Synapse@1DSP@@QAAXM@Z
99.750	100.00	160	default/Synapse_dsp	?SetReleaseSmoothing@Synapse@1DSP@@QAAXM@Z
99.744	100.00	156	default/band3/bandtrack/Gem	?UpdateTailPositions@Gem@@QAAXXZ
99.744	100.00	156	default/RGGemMatcher	?FretHistoryMatch@RGGemMatcher@@QBA_NHHMMW4RGMatchType@@@Z
99.744	100.00	156	default/GemManager	?PollVisibleGems@GemManager@@QAAXMM@Z
99.744	100.00	312	default/Rot	?FastInterp@@YAXABVQuat@Hmx@@0MAAV12@@Z
99.735	99.74	136	default/FlowIf	??1FlowIf@@UAA@XZ
99.733	100.00	300	default/PostProc_NG	?CheckPosterizeAndKaleidoscope@NgPostProc@@IAAXXZ
99.714	99.86	140	default/HamMove	??$fill@U?$_Bit_iter@U_Bit_reference@stlpmtx_std@@PAU12@@stlpmtx_std@@_N@stlpmtx_std@@YAXU?$_Bit_iter@U_Bit_reference@stlpmtx_std@@PAU12@@0@0AB_N@Z
99.709	100.00	412	default/CharBone	?Handle@CharBone@@UAA?AVDataNode@@PAVDataArray@@_N@Z
99.706	100.00	136	default/Rot	?Normalize@@YAXABVQuat@Hmx@@AAV12@@Z
99.706	100.00	272	default/GemTrackDir	?DeleteUnusedChordMeshes@GemTrackDir@@UAAXXZ
99.701	100.00	268	default/Character	?PreLoad@Character@@UAAXAAVBinStream@@@Z
99.697	100.00	132	default/TourProgress	?UpdateMostStars@TourProgress@@QAAXXZ
99.688	100.00	128	default/CharDriver	?SetBeatScale@CharDriver@@QAAXM_N@Z
99.688	100.00	128	default/BaseGuitarTrackWatcherImpl	?CheckForHopoTimeout@BaseGuitarTrackWatcherImpl@@QAAXM@Z
99.684	100.00	380	default/SongSortNode	?FinishSort@HeaderSortNode@@UAAXPAVNodeSort@@@Z
99.677	100.00	124	default/TrackWatcherImpl	?SustainedGemToKill@TrackWatcherImpl@@UAAHH@Z
99.652	100.00	460	default/SpotlightDrawer_NG	?SetupForPostProcess@NgSpotlightDrawer@@IAAXXZ
99.639	99.95	388	default/XLSPConnection	?Poll@XLSPConnection@@QAAXXZ
99.636	100.00	220	default/system/beatmatch/GameGemList	??$__partial_sort@PAVGameGem@@V1@U?$less@VGameGem@@@stlpmtx_std@@@stlpmtx_std@@YAXPAVGameGem@@000U?$less@VGameGem@@@0@@Z
99.630	100.00	216	default/CharServoBone	?MoveToDeltaFacing@CharServoBone@@QAAXAAVTransform@@@Z
99.623	100.00	212	default/band3/game/CommonPhraseCapturer	?LocalHitLastGem@CommonPhraseCapturer@@QAAXPAVPlayer@@HH@Z
99.607	100.00	356	default/band3/meta_band/EditSetlistPanel	?DoneEditing@EditSetlistPanel@@QAAXXZ
99.600	100.00	100	default/Interp	?Eval@InvExpInterpolator@@UAAMM@Z
99.597	100.00	248	default/BandCamShot	??4Target@BandCamShot@@QAAAAU01@ABU01@@Z
99.588	100.00	388	default/CharBonesMeshes	?AcquirePose@CharBonesMeshes@@QAAXXZ
99.577	100.00	284	default/band3/bandtrack/Gem	?PartialHit@Gem@@QAAXI@Z
99.571	100.00	280	default/Color	?InterpTangent@@YAXABVVector3@@000MAAV1@@Z
99.524	100.00	420	default/Cache_Xbox	?ThreadWrite@CacheXbox@@IAAHXZ
99.474	100.00	380	default/LabelNumberTicker	?Poll@LabelNumberTicker@@UAAXXZ
99.472	99.98	356	default/BandWardrobe	?OnEnterCloset@BandWardrobe@@QAA?AVDataNode@@PAVDataArray@@@Z
99.444	100.00	144	default/Rnd_Xbox	?GetDXQuery@DxRndOcclusionQueryMgr@@AAAPAUD3DQuery@@I@Z
99.439	99.96	228	default/Rnd_Xbox	?BeginTiling@DxRnd@@AAAXABVColor@Hmx@@MI@Z
99.416	100.00	308	default/CharBonesSamples	?Print@CharBonesSamples@@UAAXXZ
99.412	100.00	136	default/RenderState	?SetTextureClamp@RndRenderState@@QAAXIW4ClampMode@1@@Z
99.400	99.90	160	default/VocalTrackDir	?GetLyricColor@VocalTrackDir@@QBA?AVColor@Hmx@@H@Z
99.375	100.00	128	default/UIListState	?ScrollToTarget@UIListState@@IBAHH@Z
99.348	100.00	276	default/NetLoader	?PollLoading@DataNetLoader@@QAAXXZ
99.318	100.00	176	default/band3/meta_band/StoreMenuPanel	?GetCrumbText@StoreMenuPanel@@QBAPBDXZ
99.310	100.00	116	default/PropAnim	?StartFrame@RndPropAnim@@UAAMXZ
99.289	99.96	180	default/BandLabel	?Count@HamLabel@@UAAXHHMVSymbol@@@Z
99.286	100.00	140	default/Mesh	?BurnXfm@RndMesh@@QAAXXZ
99.259	100.00	324	default/system/ui/UIProxy	?SyncDir@UIProxy@@QAAXXZ
99.256	100.00	484	default/band3/meta_band/PassiveMessenger	?TriggerMessage@PassiveMessenger@@QAAXPAVDataArray@@W4PassiveMessageType@@PAVLocalBandUser@@_NVSymbol@@HHHHHPBD55H@Z
99.231	100.00	104	default/band3/game/Tracker	?RemoteTrackerPlayerDisplay@Tracker@@QAAXPAVPlayer@@HHH@Z
99.231	100.00	104	default/TrackWatcherImpl	?GetNextRoll@TrackWatcherImpl@@UBA_NHAAIAAH@Z
99.227	99.91	176	default/StorePanel	?LoadArt@StorePanel@@UAAXPBDPAVUIPanel@@@Z
99.219	100.00	128	default/TrackWatcherImpl	?IsSwingInRoll@TrackWatcherImpl@@UAA_NHI@Z
99.214	99.93	112	default/BandCharacter	?OnClosetTeleport@BandCharacter@@QAA?AVDataNode@@PAVDataArray@@@Z
99.186	100.00	344	default/GemManager	?SetupRealGuitarAreaStrumSections@GemManager@@QAAXXZ
99.167	100.00	336	default/TrackDir	?SetSlotXfm@TrackDir@@QAAXHABVTransform@@@Z
99.149	100.00	188	default/Trans	?OnCopyLocalTo@RndTransformable@@AAA?AVDataNode@@PBVDataArray@@@Z
99.145	99.15	468	default/TrackDir	??1TrackDir@@UAA@XZ
99.118	99.98	372	default/Geo	?GrowToContain@Sphere@@QAAXABV1@@Z
99.118	100.00	136	default/MasterAudio	?Ignore@MasterAudio@@UAAXHMHABVUserGuid@@@Z
99.111	100.00	180	default/MeshAnim	??4?$list@UInstance@RndMultiMesh@@V?$TransformListAlloc@UInstance@RndMultiMesh@@@stlpmtx_std@@@stlpmtx_std@@QAAAAV01@ABV01@@Z
99.081	99.97	496	default/Waypoint	?ShapeDeltaBox@Waypoint@@AAAXABVVector3@@MMAAV2@@Z
99.079	99.21	304	default/Flare	?CalcScale@RndFlare@@IAAXXZ
99.043	100.00	188	default/Cache_Xbox	?ThreadDelete@CacheXbox@@IAAHXZ
99.040	100.00	396	default/MusicLibrary	?SkipToNextShortcut@MusicLibrary@@QAAX_N@Z
98.953	100.00	172	default/TrackConfig	?GetSlotColor@TrackConfig@@QBAPBDH@Z
98.944	98.94	428	default/network/net/NetSession	?Poll@NetSession@@UAAXXZ
98.869	98.97	396	default/Game	?Reset@Game@@QAAXXZ
98.839	100.00	224	default/band3/meta_band/LicenseMgr	?ContentDiscovered@LicenseMgr@@UAA_NVSymbol@@@Z
98.816	100.00	304	default/NextSongPanel	?Poll@NextSongPanel@@UAAXXZ
98.815	99.56	108	default/ByteGrinder	?op61@@YA?AVDataNode@@PAVDataArray@@@Z
98.800	100.00	100	default/keygen_xbox	?getKey@KeyChain@@YAXIPAE0@Z
98.784	100.00	296	default/Geo	?Intersect@@YA_NABVVector3@@0ABVTriangle@@AAM@Z
98.769	99.08	260	default/BandIKEffector	?IKElbow@BandIKEffector@@IAAXABVVector3@@@Z
98.737	98.74	380	default/MetaPerformer	?SyncSave@MetaPerformer@@UBAXAAVBinStream@@I@Z
98.714	99.79	112	default/MeshAnim	?UpdateCache@RndShaderMgr@@QAAXABVTransform@@H@Z
98.537	98.54	164	default/BandSongMgr	?IsDemo@BandSongMgr@@QBA_NH@Z
98.500	100.00	160	default/band3/meta_band/MusicLibraryNetSetlists	??0NetSavedSetlist@@QAA@W4SetlistType@SavedSetlist@@PBD1_N111@Z
98.289	100.00	152	default/RGUtl	?RGGetHeldFretRange@@YA_NABVRGState@@AAH1@Z
98.286	98.29	140	default/DataFunc	?DataSet@@YA?AVDataNode@@PAVDataArray@@@Z
98.281	100.00	128	default/MemHeap	?AttemptMerge@FreeBlock@@QAA_NPAV1@H@Z
98.264	100.00	288	default/ColorXfm	?AdjustSaturation@RndColorXfm@@QAAXXZ
98.261	98.26	460	default/band3/meta_band/SongRecord	??0SongRecord@@QAA@PBVBandSongMetadata@@@Z
98.176	98.76	340	default/Text	?UpdateMesh@RndText@@QAAXPAVRndFont@@@Z
98.125	98.12	128	default/PropAnim	?FindKeys@RndPropAnim@@IAA?AU?$_List_iterator@PAVPropKeys@@U?$_Nonconst_traits@PAVPropKeys@@@stlpmtx_std@@@stlpmtx_std@@PAVObject@Hmx@@PAVDataArray@@@Z
98.125	100.00	256	default/Geo	?Multiply@@YAXABVPlane@@ABVTransform@@AAV1@@Z
98.089	98.64	360	default/system/rnddx9/Rnd	?DrawLine@DxRnd@@UAAXABVVector3@@0ABVColor@Hmx@@_N@Z
98.077	98.72	312	default/MemTrack	?MemTrackHeapDump@@YAX_N@Z
98.069	98.22	408	default/StandardStream	?PollStream@StandardStream@@QAAXXZ
98.049	100.00	164	default/Loader	?SaveData@FileLoader@@SAXAAVBinStream@@PAXH@Z
98.000	100.00	160	default/band3/game/RGTrainerPanel	?MissNotify@RGTrainerPanel@@UAA_NH@Z
98.000	98.56	284	default/BlockMgr	?AddTask@BlockMgr@@QAAXABVAsyncTask@@@Z
97.959	97.96	196	default/FftIpp	??1FftIpp@@QAA@XZ
97.957	98.28	372	default/Geo	??O@YA_NABVSphere@@ABVFrustum@@@Z
97.917	97.96	432	default/Archive	?GetFileInfo@Archive@@QAA_NPBDAAHAA_K11@Z
97.911	98.73	316	default/SpotlightDrawer_NG	?RenderSphere@NgSpotlightDrawer@@IAAXPAVSpotlight@@@Z
97.796	97.85	372	default/BandDirector	?Poll@BandDirector@@UAAXXZ
97.692	98.72	312	default/VocalTrack	?ProcessStaticLyrics@VocalTrack@@QAAX_NPAVLyric@@AAM2AAPAV2@320PAVLyricPlate@@@Z
97.626	97.98	396	default/Crowd	??$PropSync@UCharData@WorldCrowd@@@@YA_NAAV?$ObjList@UCharData@WorldCrowd@@@@AAVDataNode@@PAVDataArray@@HW4PropOp@@@Z
97.615	98.77	364	default/MakeString	?NextBuf@@YAPADXZ
97.568	97.57	296	default/GemPlayer	?LocalSetEnabledState@GemPlayer@@UAAXW4EnabledState@@HPAVBandUser@@_N@Z
97.513	97.73	460	default/Lit_NG	?SetShadowTransforms@NgLight@@IAAXXZ
97.505	99.06	436	default/Mesh	?SkinVertex@RndMesh@@QAA?AVVector3@@ABVVert@1@PAV2@@Z
97.500	97.50	160	default/Faders	??1FaderGroup@@QAA@XZ
97.476	97.60	168	default/band3/game/GemTrainerPanel	?Exit@GemTrainerPanel@@UAAXXZ
97.468	97.47	316	default/VorbisReader	??1VorbisReader@@UAA@XZ
97.463	99.87	216	default/CharEyes	?EnforceMinimumTargetDistance@CharEyes@@IAAXABVVector3@@0AAV2@@Z
97.452	97.81	496	default/CreditsPanel	?Handle@CreditsPanel@@UAA?AVDataNode@@PAVDataArray@@_N@Z
97.320	99.92	100	default/band3/meta_band/StoreOfferProvider	?ClearList@StoreOfferProvider@@QAAXXZ
97.237	100.00	152	default/CharBones	?FindOffset@CharBones@@QBAHVSymbol@@@Z
97.194	98.12	432	default/Geo	?Intersect@@YA_NABVSegment@@ABVTriangle@@_NAAM@Z
97.169	98.80	332	default/CharIKFingers	?MeasureLengths@CharIKFingers@@QAAXXZ
97.143	100.00	112	default/keygen_xbox	?memcpy_cs@@YAXPAEPBEI@Z
97.143	98.90	364	default/Mesh	??5@YAAAVBinStreamRev@@AAV0@AAVVert@RndMesh@@@Z
97.115	100.00	104	default/StatCollector	?CheckKickGem@StatCollector@@QAAXABVGameGem@@H_N@Z
97.111	97.11	360	default/AccomplishmentPanel	?Mat@AccomplishmentProvider@@UBAPAVRndMat@@HHPAVUIListMesh@@@Z
96.912	97.06	136	default/NetworkSocket_Win	?RecvFrom@WinSockSocket@@UAAHPAXIAAIAAG@Z
96.840	98.65	376	default/CharGuitarString	?Poll@CharGuitarString@@UAAXXZ
96.823	96.88	384	default/PanelDir	?PanelNav@PanelDir@@AAA_NW4JoypadAction@@W4JoypadButton@@VSymbol@@@Z
96.721	96.72	244	default/BandWardrobe	?SetVenueDir@BandWardrobe@@QAAXPAVObjectDir@@@Z
96.667	100.00	180	default/keygen_xbox	?shuffle1@@YAXPAD@Z
96.591	100.00	176	default/keygen_xbox	?parseHex16@@YAXPBDPAE@Z
96.559	96.77	372	default/FreestylePanel	?Poll@FreestylePanel@@UAAXXZ
96.552	96.55	232	default/Voice	?Pause@Voice@@QAAX_N@Z
96.517	97.75	356	default/CharEyes	??$PropSync@UEyeDesc@CharEyes@@@@YA_NAAV?$ObjVector@UEyeDesc@CharEyes@@@@AAVDataNode@@PAVDataArray@@HW4PropOp@@@Z
96.483	97.72	356	default/LightPreset	??$PropSync@USpotlightEntry@LightPreset@@@@YA_NAAV?$ObjVector@USpotlightEntry@LightPreset@@@@AAVDataNode@@PAVDataArray@@HW4PropOp@@@Z
96.222	100.00	180	default/keygen_xbox	?shuffle3@@YAXPAD@Z
96.222	100.00	180	default/keygen_xbox	?shuffle4@@YAXPAD@Z
96.200	96.42	460	default/SongSortMgr	?IntersectFilter@SongFilter@SongSortMgr@@QAAXPAV12@@Z
96.066	96.21	424	default/BandLeadMeter	?PreLoad@BandLeadMeter@@UAAXAAVBinStream@@@Z
95.952	100.00	168	default/keygen_xbox	?shuffle5@@YAXPAD@Z
95.952	100.00	168	default/keygen_xbox	?shuffle6@@YAXPAD@Z
95.769	100.00	104	default/mtx	?Det@@YAMABVMatrix3@Hmx@@@Z
95.700	95.70	280	default/Campaign	?HasReachedCampaignLevel@Campaign@@QBA_NVSymbol@@@Z
95.689	98.21	476	default/EQEffect	?Process@EQEffect@@QAAXPAMHH@Z
95.682	96.36	176	default/TypeProps	?GetArray@TypeProps@@QAAPAVDataArray@@VSymbol@@@Z
95.625	95.83	192	default/TrackPanelDir	?PostLoad@TrackPanelDir@@UAAXAAVBinStream@@@Z
95.610	100.00	164	default/keygen_xbox	?shuffle2@@YAXPAD@Z
95.604	95.60	364	default/Lit	?Copy@RndLight@@UAAXPBVObject@Hmx@@W4CopyType@23@@Z
95.588	95.69	204	default/MasterAudio	?SeeGem@MasterAudio@@UAAXHMH@Z
95.556	100.00	144	default/keygen_xbox	?asciiDigitToHex@@YAED@Z
95.556	95.56	180	default/PostProc_NG	?DoVelocity@NgPostProc@@IAAXXZ
95.537	96.07	492	default/BandPatchMesh	?AddUV@MeshVert@BandPatchMesh@@QAAHPBV12@ABVVector2@@PBV3@@Z
95.357	95.36	224	default/Rnd_Xbox	?Present@DxRnd@@QAAXXZ
95.349	95.35	344	default/FilterCoeffs	?LowpassCoefficients@DSP@@YAXQAMMMM@Z
95.345	95.70	336	default/Character	?Save@Character@@UAAXAAVBinStream@@@Z
95.190	96.78	252	default/Mesh	?Add@PatchVerts@@QAAXHAAVVertVector@RndMesh@@AAVVector3@@@Z
95.172	95.17	232	default/PostProc	?SetEmulateFPS@ProcCounter@@AAAIH@Z
95.000	96.30	216	default/band3/meta_band/AccomplishmentManager	?GetScaledFanValue@AccomplishmentManager@@QAAHH@Z
94.976	95.04	340	default/InlineHelp	??1InlineHelp@@UAA@XZ
94.941	95.76	340	default/PropKeys	?Load@PropKeys@@UAAXAAVBinStreamRev@@@Z
94.900	95.00	400	default/Campaign	??0Campaign@@QAA@PAVDataArray@@@Z
94.877	96.88	260	default/Rot	?Set@Quat@Hmx@@QAAXABVVector3@@@Z
94.767	95.12	344	default/Bitmap	?ConvertColor@RndBitmap@@ABAXPBEAAE111@Z
94.659	99.78	164	default/Mesh	?TransformNormal@@YA?AVVector3@@ABV1@ABVMatrix3@Hmx@@@Z
94.627	94.63	268	default/MusicLibraryStore	??0MusicLibraryStore@@QAA@XZ
94.598	94.66	348	default/StarDisplay	?PreLoad@StarDisplay@@UAAXAAVBinStream@@@Z
94.514	94.58	296	default/DataFunc	?DataStringFlags@@YA?AVDataNode@@PAVDataArray@@@Z
94.412	94.46	408	default/TexBlendController	?GetBlendState@RndTexBlendController@@QBA?AW4BlendState@1@AAMM@Z
94.370	97.30	184	default/AmbientOcclusion	?TransformNormal@RndAmbientOcclusion@@IBAXABVVector3@@ABVMatrix3@Hmx@@AAV2@@Z
94.338	96.31	284	default/Bitmap	?NearestColor@RndBitmap@@ABAEEEEE@Z
94.333	100.00	120	default/keygen_xbox	?mash@@YAXPAE0@Z
94.265	99.78	196	default/Rot	?MakeScale@@YAXABVMatrix3@Hmx@@AAVVector3@@@Z
94.138	94.31	116	default/BandLabel	?Copy@BandLabel@@UAAXPBVObject@Hmx@@W4CopyType@23@@Z
94.107	94.29	112	default/SpotlightDrawer	?Init@SpotlightDrawer@@SAXXZ
94.028	94.44	144	default/SongData	?AddPhrase@SongData@@UAAXW4BeatmatchPhraseType@@HHMHMH@Z
93.931	94.45	116	default/JoypadClient	?Poll@JoypadClient@@AAAXXZ
93.692	93.77	260	default/system/bandobj/UnisonIcon	?SyncProperty@UnisonIcon@@UAA_NAAVDataNode@@PAVDataArray@@HW4PropOp@@@Z
93.691	94.15	220	default/ContextWrapper	?FailAllContexts@ContextWrapperPool@@QAAXXZ
93.636	94.00	440	default/PitchArrow	?PreLoad@PitchArrow@@UAAXAAVBinStream@@@Z
93.587	93.63	416	default/Env	??0RndEnviron@@IAA@XZ
93.548	93.55	124	default/system/rndobj/Rnd	?OnToggleHeap@Rnd@@IAA?AVDataNode@@PBVDataArray@@@Z
93.527	95.18	448	default/GemTrack	?DrawBeatLines@GemTrack@@QAAXHH@Z
93.488	95.12	172	default/LayerDir	?PostLoad@LayerDir@@UAAXAAVBinStream@@@Z
93.415	93.66	164	default/CharData	?LoadPortrait@PrefabChar@@QAAXXZ
93.333	93.33	120	default/SynapseAPO	??0SynapseAPO@DSP@@QAA@XZ
93.319	93.45	476	default/CharFaceServo	??0CharFaceServo@@IAA@XZ
93.306	93.55	248	default/Loader	?PollUntilLoaded@LoadMgr@@QAAXPAVLoader@@0@Z
93.250	94.00	240	default/DirLoader	?HandleProperty@Object@Hmx@@QAA?AVDataNode@@PAVDataArray@@0_N@Z
93.189	93.91	360	default/TourDescPanel	?LoadIcons@TourDescPanel@@QAAXXZ
93.094	93.41	128	default/Screenshot	?Copy@Screenshot@@UAAXPBVObject@Hmx@@W4CopyType@23@@Z
93.063	93.30	252	default/Memcard_Xbox	?ShowDeviceSelector@MemcardXbox@@UAAXABUContainerId@@_NPAVObject@Hmx@@H@Z
92.941	92.94	204	default/MusicLibraryStore	?ClearPreview@MusicLibraryStore@@QAAXXZ
92.915	93.85	236	default/Part	?SetPersistentPool@RndParticleSys@@UAAXHW4Type@1@@Z
92.767	93.04	292	default/Rnd_Xbox	?SetDefaultRenderStates@DxRnd@@QAAXXZ
92.746	92.96	284	default/VocalPlayer	?LocalEndgameEnergy@VocalPlayer@@QAAXH@Z
92.643	92.82	112	default/CrowdAudio	??0?$ObjPtr@VObjectDir@@@@QAA@PAVObject@Hmx@@PAVObjectDir@@@Z
92.643	92.82	112	default/CrowdMeterIcon	??0?$ObjPtr@VRndAnimatable@@@@QAA@PAVObject@Hmx@@PAVRndAnimatable@@@Z
92.640	93.15	356	default/BandLeadMeter	?PostLoad@BandLeadMeter@@UAAXAAVBinStream@@@Z
92.638	93.17	188	default/FftIpp	?FftReal@FftIpp@@QAAXPIBMPIAM1@Z
92.607	92.79	112	default/FlowValueCase	?Save@FlowValueCase@@UAAXAAVBinStream@@@Z
92.593	92.59	108	default/LightPreset	?ApplyState@LightPreset@@IAAXABUKeyframe@1@@Z
92.464	92.82	112	default/BandCharacter	?AddOverlays@BandCharacter@@UAAXAAVBandPatchMesh@@@Z
92.461	92.63	460	default/Mesh	?SaveVertices@RndMesh@@UAAXAAVBinStream@@@Z
92.458	93.81	236	default/ExternalMic	?dataReady@ExternalMic@@QAAXKKPAU_XOVERLAPPED@@@Z
92.093	94.41	216	default/Morph	?InterpWeight@RndMorph@@QAAMABV?$Keys@MM@@M@Z
92.060	93.10	268	default/Tex	?SetBitmap@RndTex@@QAAXABVRndBitmap@@PBD_NW4Type@1@@Z
92.009	93.46	428	default/LightPresetManager	?Poll@LightPresetManager@@QAAXXZ
91.802	92.08	364	default/BandCamShot	?SetFrame@BandCamShot@@UAAXMM@Z
91.760	91.96	100	default/CharInterest	??0?$ObjPtr@VObject@Hmx@@@@QAA@PAVObject@Hmx@@0@Z
91.760	91.96	100	default/CharBone	??0?$ObjPtr@VCharBone@@@@QAA@PAVObject@Hmx@@PAVCharBone@@@Z
91.733	94.67	300	default/band3/game/Singer	?ResolveAmbiguity@Singer@@QAAXXZ
91.686	92.08	204	default/MetaMusic	??$__introsort_loop@PAPAUObjEntry@@PAU1@HUObjSort@@@stlpmtx_std@@YAXPAPAUObjEntry@@00HUObjSort@@@Z
91.365	92.00	252	default/MidiSynth	?Write@RingBuffer@@QAAHPAXH@Z
91.364	91.36	352	default/CharacterCreatorPanel	?ModifyFeature@CharacterCreatorPanel@@QAAXVSymbol@@M@Z
91.250	94.09	176	default/Spotlight	?SetColor@Spotlight@@IAAXH@Z
91.047	91.05	340	default/StorePanel	?Load@StorePanel@@UAAXXZ
90.698	91.40	344	default/Character	??5@YAAAVBinStreamRev@@AAV0@AAULod@Character@@@Z
90.526	90.53	152	default/CamAnim	?Save@RndCamAnim@@UAAXAAVBinStream@@@Z
90.430	91.83	372	default/Mesh	??$PropSync@VRndBone@@@@YA_NAAV?$ObjVector@VRndBone@@@@AAVDataNode@@PAVDataArray@@HW4PropOp@@@Z
90.410	90.49	244	default/Instance	??0SharedGroup@@QAA@PAVRndGroup@@@Z
89.726	90.04	380	default/network/net/NetSession	?AddLocalUser@NetSession@@QAAXPAVLocalUser@@@Z
89.557	90.60	460	default/RockCentral	?DataPointToQString@RockCentral@@SAXABVDataPoint@@AAVString@Quazal@@@Z
89.474	89.47	152	default/ChordbookPanel	?Poll@ChordbookPanel@@UAAXXZ
89.427	90.03	496	default/AmbientOcclusion	?Intersect@?$kdTree@VTriangle@@@@QBA_NABVVector3@@0MAAM@Z
89.419	90.31	248	default/Rot	?MakeRotQuat@@YAXABVVector3@@0AAVQuat@Hmx@@@Z
89.198	90.01	444	default/BandIKEffector	?ComputeHandPullAndQuat@BandIKEffector@@IAAXAAVQuatXfm@@AAVTransform@@ABV3@ABVVector3@@MMM@Z
89.189	91.89	148	default/VocalTrackDir	?RecalculateLyricZ@VocalTrackDir@@QAAXPA_N0@Z
88.723	89.36	188	default/DataFile	?LoadDtz@@YAPAVDataArray@@PBDH@Z
88.560	89.36	100	default/MessageTimer	??$__unguarded_insertion_sort_aux@PAPAUObjEntry@@PAU1@UObjSort@@@stlpmtx_std@@YAXPAPAUObjEntry@@00UObjSort@@@Z
88.549	91.37	284	default/Geo	?Intersect@@YA_NABVSegment@@ABVSphere@@@Z
88.298	88.83	416	default/SpotlightDrawer_NG	?RenderBeams@NgSpotlightDrawer@@IAAXABVMatrix4@Hmx@@@Z
88.258	88.66	248	default/system/rndobj/Utl	?SetBloomBlurWeights@@YAX_NMM@Z
88.207	90.31	484	default/VocalPart	?GetNoteSliceWeight@VocalPart@@QBAMMMH@Z
88.090	88.09	356	default/CharEyes	?Enter@CharEyes@@UAAXXZ
88.012	88.37	332	default/Memcard_Xbox	?Mount@MCContainerXbox@@UAA?AW4MCResult@@W4CreateType@@@Z
87.955	88.48	264	default/AmbientOcclusion	??0?$kdTree@VTriangle@@@@QAA@ABVBox@@@Z
87.692	88.46	104	default/CDReader	?CDReadExternal@@YA_NAAPAXH_K@Z
87.447	89.36	188	default/MemMgr	?MemResizeElem@@YAPAXAAPAXAAHPAXHHPBDH3@Z
87.143	87.43	140	default/PlayerDiffIcon	?PreLoad@PlayerDiffIcon@@UAAXAAVBinStream@@@Z
87.097	87.74	124	default/CheckboxDisplay	?PreLoad@CheckboxDisplay@@UAAXAAVBinStream@@@Z
87.031	87.50	128	default/PatchDir	?Load@PatchDir@@UAAXAAVBinStream@@@Z
86.761	87.73	352	default/GemPlayer	?ChangeDifficulty@GemPlayer@@UAAXW4Difficulty@@@Z
86.510	90.31	384	default/DelayEffect	?Process@DelayEffect@@QAAXPAMHH@Z
86.338	88.17	284	default/MemMgr	?MemTruncate@@YAPAXPAXHPBDH1@Z
86.136	86.36	176	default/LayerDir	?PreLoad@LayerDir@@UAAXAAVBinStream@@@Z
86.118	86.39	372	default/FileMerger	?FailedLoading@FileMerger@@MAAXPAVLoader@@@Z
85.844	87.41	128	default/Campaign	?GetCurrentPointsForNextMajorCampaignLevelForMetaScore@Campaign@@QAAHH@Z
85.836	86.49	488	default/CharDriver	??0CharDriver@@IAA@XZ
85.833	86.67	120	default/OutfitConfig	??0?$ObjPtr@VRndMat@@@@QAA@ABV0@@Z
85.714	85.71	112	default/RealGuitarTrackWatcherImpl	?InTrill@RealGuitarTrackWatcherImpl@@UBA_NH@Z
85.667	85.67	168	default/TexMovie	?Copy@TexMovie@@UAAXPBVObject@Hmx@@W4CopyType@23@@Z
85.519	85.99	424	default/system/rndobj/Rnd	?UpdateRate@Rnd@@IAAXXZ
85.484	85.81	124	default/MicInputArrow	?PreLoad@MicInputArrow@@UAAXAAVBinStream@@@Z
85.375	86.50	480	default/FileMerger	?Clear@Merger@FileMerger@@QAAXXZ
85.315	85.59	292	default/VocalPlayer	?LocalSetEnabledState@VocalPlayer@@UAAXW4EnabledState@@HPAVBandUser@@_N@Z
85.295	86.20	176	default/SongStatusMgr	?CreateOrAccessSongStatus@SongStatusMgr@@QBAPAVSongStatus@@H@Z
85.060	85.76	200	default/MessageTimer	??$__linear_insert@PAPAUObjEntry@@PAU1@UObjSort@@@stlpmtx_std@@YAXPAPAUObjEntry@@0PAU1@UObjSort@@@Z
84.652	87.73	448	default/system/rndobj/Utl	?TransformKeys@@YAXPAVRndTransAnim@@ABVTransform@@@Z
84.600	85.00	300	default/KeyboardTrackWatcherImpl	?CheckForFatFinger@KeyboardTrackWatcherImpl@@QAA_NMHIW4GemHitFlags@@@Z
84.286	85.14	140	default/BandCharacter	?PreLoad@BandCharacter@@UAAXAAVBinStream@@@Z
84.286	85.71	448	default/band3/game/BandUserMgr	??1BandUserMgr@@UAA@XZ
84.164	84.25	244	default/Emitter	?Save@SynthEmitter@@UAAXAAVBinStream@@@Z
84.079	84.40	252	default/system/obj/Dir	??$__find_if@PAVFilePath@@P6A_NABV1@@Z@stlpmtx_std@@YAPAVFilePath@@PAV1@0P6A_NABV1@@ZABUrandom_access_iterator_tag@0@@Z
84.000	86.38	412	default/EntityUploader	?BeginRockCentralOps@EntityUploader@@QAAHH@Z
83.257	85.11	420	default/FFT	?fft_real_forward_scalar@@YAHPAMK0@Z
83.188	84.28	128	default/HamPhotoDisplay	?Save@HamPhotoDisplay@@UAAXAAVBinStream@@@Z
83.081	83.60	344	default/CharClip	??0CharClip@@IAA@XZ
83.052	83.12	308	default/MemTracker	??$__adjust_heap@PAUMemDiffEntry@@HU1@U?$less@UMemDiffEntry@@@stlpmtx_std@@@stlpmtx_std@@YAXPAUMemDiffEntry@@HHU1@U?$less@UMemDiffEntry@@@0@@Z
82.600	83.27	120	default/system/meta/MemcardMgr	?SaveLoadAllComplete@MemcardMgr@@QAAXXZ
82.585	84.28	260	default/BandSongMgr	??0SongMgr@@QAA@XZ
82.064	82.81	188	default/network/Platform/MemoryManager	?GetDefaultMemoryManager@MemoryManager@Quazal@@SAPAV12@XZ
81.831	82.45	260	default/CamAnim	?Load@RndCamAnim@@UAAXAAVBinStream@@@Z
81.620	81.69	284	default/MemTracker	??$__linear_insert@PAUMemDiffEntry@@U1@U?$less@UMemDiffEntry@@@stlpmtx_std@@@stlpmtx_std@@YAXPAUMemDiffEntry@@0U1@U?$less@UMemDiffEntry@@@0@@Z
81.524	85.21	168	default/BoxMap	?ApplyLight@BoxMapLighting@@ABAXABV?$BoxLightArray@ULightParams_Directional@BoxMapLighting@@$0DC@@@@Z
81.486	82.16	148	default/TrackPanelDir	?PreLoad@TrackPanelDir@@UAAXAAVBinStream@@@Z
81.471	85.26	280	default/keygen_xbox	?getMasher@KeyChain@@YAXPAE@Z
81.254	81.61	284	default/CharBoneOffset	??0CharBoneOffset@@IAA@XZ
81.250	82.14	224	default/PanelDir	?DisableComponent@PanelDir@@QAAXPAVUIComponent@@W4JoypadAction@@@Z
80.755	81.04	212	default/MemTracker	??$__push_heap@PAUMemDiffEntry@@HU1@U?$less@UMemDiffEntry@@@stlpmtx_std@@@stlpmtx_std@@YAXPAUMemDiffEntry@@HHU1@U?$less@UMemDiffEntry@@@0@@Z
80.667	81.41	108	default/Mesh	?HasVert@PatchVerts@@QBA_NH@Z
80.344	81.12	256	default/MeshAnim	?FindShader@RndShaderMgr@@QAAAAVRndShaderProgram@@W4ShaderType@@ABUShaderOptions@@@Z
80.333	82.00	120	default/StreamReceiver360	?Tag@StreamReceiver360@@UAAXXZ
80.000	83.23	316	default/BoxMap	?CacheData@BoxMapLighting@@QAA_NAAULightParams_Spot@1@@Z
79.876	82.97	388	default/HamIKEffector	?ApplyPosConstraints@HamIKEffector@@IAAMAAVVector3@@ABV2@PAV1@@Z
79.750	84.41	176	default/Joypad_Xbox	?GetXinputSinceLastFrame@@YAXHPAU_XINPUT_STATE@@PAI@Z
79.519	82.20	216	default/VelocityBuffer	?CacheXfms@RndXfmCache@@AAA_NPIBVRndMesh@@PIBMIAAI@Z
79.492	79.66	236	default/CharNeckTwist	?Poll@CharNeckTwist@@UAAXXZ
79.032	81.29	124	default/SynapseAPO	??0?$CSampleXAPOBase@VSynapseAPO@DSP@@USynapseAPOParams@2@@ATG@@IAA@XZ
78.860	78.95	228	default/MemTracker	??$__partial_sort@PAUMemDiffEntry@@U1@U?$less@UMemDiffEntry@@@stlpmtx_std@@@stlpmtx_std@@YAXPAUMemDiffEntry@@000U?$less@UMemDiffEntry@@@0@@Z
78.710	78.71	124	default/system/synth/MoggClip	?SetupPanInfo@MoggClip@@QAAXMM_N@Z
78.303	79.42	304	default/BlockMgr	?SpinUp@BlockMgr@@QAA_NXZ
78.238	78.32	252	default/DirLoader	?SaveObjects@DirLoader@@SA_NPBDPAVObjectDir@@@Z
78.074	79.98	484	default/Archive	?Enumerate@Archive@@QAAXPBDP6AX00@Z_N0@Z
78.009	78.68	444	default/Console	?Break@RndConsole@@QAAXPAVDataArray@@@Z
77.866	79.02	328	default/MeshAnim	?Load@RndMultiMesh@@UAAXAAVBinStream@@@Z
77.775	79.28	480	default/Rnd_Xbox	?ModalDraw@DxRnd@@MAAXW4ModalType@Debug@@PBD@Z
77.211	77.34	152	default/FIRFilter	?setCoefficients@FIRFilter@soundtouch@@UAAXPBMII@Z
77.209	77.92	364	default/Text	?UpdateText@RndText@@QAAX_N@Z
76.951	79.02	164	default/MultiTempoTempoMap	?GetLoopTick@MultiTempoTempoMap@@UBAHHAAH@Z
76.417	83.19	192	default/Rot	?Multiply@@YAXABVVector3@@ABVQuat@Hmx@@AAV1@@Z
76.286	78.29	140	default/band3/game/TrainerPanel	?GetSectionLoopEnd@TrainerPanel@@QBAHH@Z
76.093	78.69	216	default/BandWardrobe	??0Merger@FileMerger@@QAA@PAVObject@Hmx@@@Z
76.029	76.46	140	default/band3/game/Game	??0GemTrainerLoopPanel@@QAA@XZ
75.095	75.19	420	default/Campaign	?ConfigureCampaignLevelData@Campaign@@QAAXPAVDataArray@@@Z
74.866	75.11	328	default/PartLauncher	??0RndPartLauncher@@IAA@XZ
74.450	74.95	444	default/TexMovie	?Load@TexMovie@@UAAXAAVBinStream@@@Z
74.215	74.98	260	default/FFT	?CalculateSinCosTable@@YAHJPAM@Z
74.151	75.38	212	default/Faders	?Load@FaderGroup@@QAAXAAVBinStream@@@Z
74.055	74.15	220	default/Sequence	?Load@Sequence@@UAAXAAVBinStream@@@Z
72.870	74.41	492	default/VelocityBuffer	?DrawMesh@RndVelocityBuffer@@QBAXPAVRndMesh@@@Z
72.647	73.29	340	default/BandSongMetadata	?HasPart@BandSongMetadata@@QBA_NVSymbol@@@Z
72.439	73.17	164	default/BufStream	?ReadImpl@BufStream@@EAAXPAXH@Z
72.143	75.41	196	default/Character	?UnhookShadow@Character@@IAAXXZ
70.403	72.98	496	default/SpectralAnalysis	?Analyze@SpectralAnalysis@DSP@@QAAXPBMPAM@Z
69.882	69.88	136	default/UIComponent	?Save@UIComponent@@UAAXAAVBinStream@@@Z
69.671	69.85	340	default/BandMachine	?SyncLoad@BandMachine@@QAAXAAVBinStream@@E@Z
69.614	70.30	176	default/system/ui/UIProxy	?PostLoad@UIProxy@@UAAXAAVBinStream@@@Z
69.571	69.93	224	default/CharNeckTwist	??0CharNeckTwist@@IAA@XZ
69.167	69.55	264	default/MemTracker	??$__unguarded_partition@PAUMemDiffEntry@@U1@U?$less@UMemDiffEntry@@@stlpmtx_std@@@stlpmtx_std@@YAPAUMemDiffEntry@@PAU1@0U1@U?$less@UMemDiffEntry@@@0@@Z
69.157	69.16	332	default/OverdriveMeter	?SyncObjects@OverdriveMeter@@UAAXXZ
69.037	69.96	216	default/Part	?SetMesh@RndParticleSys@@QAAXPAVRndMesh@@@Z
68.927	69.86	384	default/TrackDir	?SetupKeyShifting@TrackDir@@QAAXPAVRndDir@@@Z
68.783	73.78	332	default/BoxMap	?ApplyLight@BoxMapLighting@@ABAXABV?$BoxLightArray@ULightParams_Point@BoxMapLighting@@$0DC@@@ABVVector3@@@Z
68.718	69.10	156	default/MemTracker	??$__unguarded_linear_insert@PAUMemDiffEntry@@U1@U?$less@UMemDiffEntry@@@stlpmtx_std@@@stlpmtx_std@@YAXPAUMemDiffEntry@@U1@U?$less@UMemDiffEntry@@@0@@Z
68.218	68.92	312	default/HDCache	?WriteDone@HDCache@@QAA_NXZ
67.989	68.15	380	default/GemTrackDir	?SetPitch@GemTrackDir@@QAAXM@Z
67.771	68.29	192	default/PracticePanel	?Exit@PracticePanel@@UAAXXZ
67.630	68.31	324	default/AsyncFile_Win	?_OpenAsync@AsyncFileWin@@MAAXXZ
67.333	69.54	480	default/ProfileMgr	?LoadGlobalOptions@ProfileMgr@@QAAXAAVFixedSizeSaveableStream@@@Z
66.825	66.92	412	default/Rnd_Xbox	?PreInit@DxRnd@@QAAXPAUHWND__@@@Z
66.699	68.07	292	default/CustomizePanel	??0CustomizePanel@@QAA@XZ
66.605	67.42	172	default/MeshAnim	??1RndMultiMesh@@UAA@XZ
66.490	68.84	204	default/Rnd_Xbox	?SavePreBuffer@DxRnd@@AAAXXZ
66.410	67.84	420	default/MapFile_Xbox	?GetFunction@XboxMapFile@@QAAPBDI_N@Z
66.342	67.79	152	default/BandSongMgr	?AddSongData@BandSongMgr@@UAAXPAVDataArray@@PAVDataLoader@@W4ContentLocT@@@Z
66.277	66.86	376	default/network/net/NetSession	?RemoveLocalUser@NetSession@@QAAXPAVLocalUser@@@Z
65.867	66.53	120	default/VocalTrack	?OnPhraseComplete@VocalTrack@@QAAXMMH@Z
65.583	66.10	192	default/band3/meta_band/TokenRedemptionPanel	?Unload@TokenRedemptionPanel@@UAAXXZ
65.241	66.79	116	default/VocalPart	?IsEmptyPhrase@VocalPart@@QBA_NABQBVVocalPhrase@@@Z
65.211	65.61	152	default/GemTrackDir	?SetPlayerLocal@GemTrackDir@@UAAXM@Z
65.089	66.70	360	default/UIList	?Copy@UIList@@UAAXPBVObject@Hmx@@W4CopyType@23@@Z
64.982	66.91	436	default/Shader	?CheckShadow@@YAXXZ
64.683	65.41	328	default/XLSPConnection	?SetState@XLSPConnection@@AAAXW4State@1@@Z
64.347	65.81	288	default/band3/meta_band/SessionMgr	?AreInvitesAllowed@SessionMgr@@UBA_NXZ
64.271	64.86	340	default/Character	?SyncObjects@Character@@UAAXXZ
63.857	64.57	168	default/StorePanel	?Enter@StorePanel@@UAAXXZ
63.833	65.00	240	default/band3/meta_band/PassiveMessenger	??0PassiveMessenger@@QAA@XZ
63.600	64.00	100	default/RockCentral	?OfferType@StoreOffer@@QBA?AVSymbol@@XZ
63.294	64.62	272	default/Object	??1Object@Hmx@@UAA@XZ
62.915	64.19	188	default/EventTrigger	??0Anim@EventTrigger@@QAA@PAVObject@Hmx@@@Z
62.773	65.27	176	default/PropKeys	?KeyLessEq@?$Keys@VColor@Hmx@@V12@@@QBAHM@Z
62.764	64.58	220	default/EnvAnim	?Load@RndEnvAnim@@UAAXAAVBinStream@@@Z
62.226	64.81	124	default/HamCamTransform	??6@YAAAVBinStream@@AAV0@ABUDynamicPropertyEntry@Flow@@@Z
62.033	63.34	244	default/Spotlight	?Load@ColorPalette@@UAAXAAVBinStream@@@Z
61.964	62.14	112	default/StorePanel	?IsLoaded@StorePanel@@UBA_NXZ
61.854	62.06	192	default/NetGameMsgs	?Dispatch@TourMostStarsMsg@@UAAXXZ
61.818	61.82	132	default/band3/meta_band/SaveLoadManager	?Start@SaveLoadManager@@IAAXXZ
61.786	62.14	112	default/FileMerger	?Filter@FileMerger@@MAA?AW4Action@MergeFilter@@PAVObject@Hmx@@0PAVObjectDir@@@Z
61.726	67.77	248	default/mtx	?Multiply@@YAXABVTransform@@0AAV1@@Z
61.500	62.50	120	default/Waypoint	??0?$ObjPtr@VSeqInst@@@@QAA@ABV0@@Z
61.234	61.23	188	default/UIPicture	?UpdateTexture@UIPicture@@IAAXABVFilePath@@@Z
61.222	62.75	144	default/UIListArrow	??0UIListArrow@@IAA@XZ
61.167	65.72	360	default/BoxMap	?ApplyLight@BoxMapLighting@@ABAXABV?$BoxLightArray@ULightParams_Spot@BoxMapLighting@@$0DC@@@ABVVector3@@@Z
60.673	62.58	440	default/system/obj/Dir	?Iterate@ObjectDir@@IAAXPAVDataArray@@_N@Z
60.633	62.51	480	default/system/bandobj/BandHeadShaper	?AddFrame@BandHeadShaper@@QAAXPBDHM@Z
60.511	61.29	180	default/MemHeap	?PrintAlloc@?A0xb5f23974@@YAXAAVTextStream@@PAHHHPBVAllocInfo@@@Z
60.483	61.86	116	default/TexMovie	?Replace@TexMovie@@UAAXPAVObjRef@@PAVObject@Hmx@@@Z
60.361	61.47	144	default/File_Win	?FileQualifiedFilename@@YAXPADHPBD@Z
60.172	61.72	232	default/MemTrack	?MemTrackReport@@YAXH_N@Z
60.033	62.20	360	default/OutfitConfig	?PropSync@@YA_NAAVMeshAO@OutfitConfig@@AAVDataNode@@PAVDataArray@@HW4PropOp@@@Z
60.000	61.17	120	default/WavMgr	?Get@?$ResMgr@X@@QAAPAXVCRC@Hmx@@@Z
59.966	61.49	472	default/band3/tour/GigFilter	?Init@GigFilter@@QAAXPBVDataArray@@@Z
59.935	60.37	184	default/ScreenMask	?Load@RndScreenMask@@UAAXAAVBinStream@@@Z
59.934	61.82	244	default/CharacterCreatorPanel	??0CharacterCreatorPanel@@QAA@XZ
59.873	60.44	316	default/UI	?Terminate@UIManager@@UAAXXZ
59.603	61.88	272	default/DuplicatedObject	?ValidState@DuplicatedObject@Quazal@@QAAP8StateMachine@2@AAP832@AAXABVQEvent@32@@Z0@Z0@Z
58.991	60.48	444	default/BandSongMgr	?SongAudioData@BandSongMgr@@UBAPAVSongInfo@@H@Z
58.953	61.16	172	default/ArkFile	??0ArkFile@@QAA@PBDH@Z
58.519	60.00	216	default/Instance	?PostLoad@WorldInstance@@UAAXAAVBinStream@@@Z
58.364	59.27	132	default/LabelShrinkWrapper	?SetObjConcrete@?$ObjRefConcrete@VUILabel@@VObjectDir@@@@QAAXPAVUILabel@@@Z
58.105	60.21	228	default/LightHue	?Load@WorldReflection@@UAAXAAVBinStream@@@Z
57.917	58.70	432	default/PracticePanel	?Enter@PracticePanel@@UAAXXZ
57.286	57.90	196	default/CameraShot	?EndAnim@CamShot@@UAAXXZ
56.868	57.79	152	default/CameraShot	??0CamShotCrowd@@QAA@PAVObject@Hmx@@@Z
56.711	57.71	180	default/InlineHelp	?Update@InlineHelp@@MAAXXZ
56.528	56.81	212	default/Group	?Save@RndGroup@@UAAXAAVBinStream@@@Z
56.429	56.83	252	default/JoypadMsgs	?ClientConnect@NetStream@@QAAXABVNetAddress@@@Z
56.115	56.69	104	default/BaseMaterial	?SetObjConcrete@?$ObjRefConcrete@VBaseMaterial@@VObjectDir@@@@QAAXPAVBaseMaterial@@@Z
55.627	55.87	332	default/BandSongMgr	?AllowContentToBeAdded@BandSongMgr@@UAA_NPAVDataArray@@W4ContentLocT@@@Z
55.625	56.48	352	default/MemTracker	??$__median@UMemDiffEntry@@U?$less@UMemDiffEntry@@@stlpmtx_std@@@stlpmtx_std@@YAABUMemDiffEntry@@ABU1@00U?$less@UMemDiffEntry@@@0@@Z
55.494	55.56	324	default/UILabel	?PostLoad@UILabel@@UAAXAAVBinStream@@@Z
55.103	56.48	116	default/UIList	?Update@UIList@@EAAXXZ
55.062	56.00	192	default/CharBoneDir	?PostLoad@CharBoneDir@@UAAXAAVBinStream@@@Z
54.490	55.23	408	default/Game	?LoadSong@Game@@QAAXXZ
53.929	56.55	168	default/ClipDistMap	??$__partial_sort@PAUNode@ClipDistMap@@U12@UDistMapNodeSort@@@stlpmtx_std@@YAXPAUNode@ClipDistMap@@000UDistMapNodeSort@@@Z
53.740	55.29	400	default/BandSongMgr	?ReadCachedMetadataFromStream@BandSongMgr@@UAAXAAVBinStream@@H@Z
53.542	55.77	332	default/BandDirector	?GetModeInst@BandDirector@@QAA?AVSymbol@@V2@@Z
53.305	53.90	236	default/BandSongMetadata	?HasPart@BandSongMetadata@@UBA_NVSymbol@@_N@Z
51.960	51.96	100	default/Symbol	?PreInit@Symbol@@SAXHH@Z
51.803	52.13	244	default/MainHubPanel	?Poll@MainHubPanel@@UAAXXZ
51.371	52.44	280	default/ChecksumAlgorithm	?DeriveKey@ChecksumAlgorithm@Quazal@@QAA?AVKey@2@ABVBuffer@2@I@Z
51.056	53.11	428	default/UISlider	?PostLoad@PanelDir@@UAAXAAVBinStream@@@Z
50.645	51.24	304	default/ChordbookPanel	?Enter@ChordbookPanel@@UAAXXZ
50.543	50.76	184	default/system/bandobj/BandTrack	?RefreshOverdrive@BandTrack@@UAAXM_N@Z
50.441	51.52	372	default/BandWardrobe	?ValidGenreGender@BandWardrobe@@QAA_NPAVCamShot@@@Z
48.979	51.43	188	default/MemMgr	?MemFree@@YAXPAX@Z
48.494	49.13	348	default/CampaignSongInfoPanel	?Refresh@CampaignSongInfoPanel@@QAAXXZ
48.483	48.83	116	default/band3/game/PracticeSectionProvider	??1PracticeSectionProvider@@UAA@XZ
48.400	49.23	120	default/TypeProps	?ReplaceObject@TypeProps@@AAAXAAVDataNode@@PAVObject@Hmx@@1@Z
48.200	49.45	160	default/band3/game/RGTrainerPanel	?IsSongSectionComplete@RGTrainerPanel@@UAA_NPAVBandProfile@@HW4Difficulty@@H@Z
47.675	48.42	160	default/CharClipSet	?SetBpm@CharClipSet@@UAAXH@Z
47.406	47.88	128	default/AccomplishmentPanel	?GetAccomplishmentName@AccomplishmentPanel@@QAA?AVSymbol@@XZ
47.059	47.06	136	default/MidiReader	?ReadNextEventImpl@MidiReader@@AAAXXZ
46.115	47.47	384	default/UIScreen	?Enter@UIScreen@@UAAXPAV1@@Z
45.475	46.41	236	default/Object	?Copy@Object@Hmx@@UAAXPBV12@W4CopyType@12@@Z
45.282	45.54	156	default/band3/meta_band/PassiveMessenger	??1PassiveMessenger@@UAA@XZ
44.365	45.56	252	default/UIComponent	?PreLoad@UIComponent@@UAAXAAVBinStream@@@Z
44.176	45.50	136	default/Mesh	?Replace@RndMesh@@UAAXPAVObjRef@@PAVObject@Hmx@@@Z
44.176	45.50	136	default/Lit	?Replace@RndLight@@UAAXPAVObjRef@@PAVObject@Hmx@@@Z
43.977	50.34	176	default/AmbientOcclusion	?DistanceSH@RndAmbientOcclusion@@IBAMABVVector4@@ABVVector3@@01@Z
43.432	45.19	148	default/PatchDir	?DrawShowing@PatchDir@@UAAXXZ
43.164	44.23	244	default/LabelNumberTicker	?PreLoad@LabelNumberTicker@@UAAXAAVBinStream@@@Z
42.438	44.94	128	default/DirLoader	?HandleType@Object@Hmx@@QAA?AVDataNode@@PAVDataArray@@@Z
42.250	42.79	112	default/TexLoadPanel	??1TexLoadPanel@@UAA@XZ
41.710	43.32	372	default/MeterDisplay	?Update@MeterDisplay@@MAAXXZ
41.448	42.66	116	default/SpectralAnalysis	??0?$_Vector_base@MV?$XboxAllocator@M@@@stlpmtx_std@@QAA@IABV?$XboxAllocator@M@@@Z
41.250	42.14	112	default/SpotlightDrawer	?Copy@SpotlightDrawer@@UAAXPBVObject@Hmx@@W4CopyType@23@@Z
40.327	41.14	196	default/system/bandobj/DialogDisplay	?Poll@DialogDisplay@@UAAXXZ
39.622	40.40	180	default/band3/game/RGTrainerPanel	?Enter@RGTrainerPanel@@UAAXXZ
38.968	39.61	124	default/Part	?Replace@RndParticleSys@@UAAXPAVObjRef@@PAVObject@Hmx@@@Z
38.724	39.89	464	default/DirLoader	??0DirLoader@@QAA@ABVFilePath@@W4LoaderPos@@PAVCallback@Loader@@PAVBinStream@@PAVObjectDir@@_N@Z
38.690	40.59	116	default/UIList	?PreLoad@UIList@@UAAXAAVBinStream@@@Z
38.647	42.25	272	default/Line	?UpdatePointColor@RndLine@@QAAXH_N@Z
38.305	39.40	328	default/SpotlightDrawer	?DrawShadow@SpotlightDrawer@@MAAXXZ
38.272	39.10	412	default/Mat	?Handle@RndMat@@UAA?AVDataNode@@PAVDataArray@@_N@Z
38.000	39.50	200	default/MidiInstrument	?Load@MidiInstrument@@UAAXAAVBinStream@@@Z
37.464	38.36	112	default/UISlider	?Copy@UISlider@@UAAXPBVObject@Hmx@@W4CopyType@23@@Z
36.587	38.97	252	default/band3/tour/FixedSetlist	?Init@FixedSetlist@@QAAXPBVDataArray@@@Z
36.524	38.06	496	default/Trans	??0RndTransformable@@IAA@XZ
35.581	37.19	124	default/HAQManager	?PrintComponentInfo@HAQManager@@AAAXPAVUIComponent@@@Z
35.122	36.46	164	default/CharLipSync	??$__uninitialized_copy@PAVString@@PAV1@@stlpmtx_std@@YAPAVString@@PAV1@00ABU__false_type@0@@Z
34.880	35.88	100	default/system/rndobj/Rnd	?CompressThread@@YAKPAX@Z
34.600	35.49	180	default/system/os/UsbMidiGuitar	??1Queue@@QAA@XZ
34.394	35.08	264	default/Debug	?Fail@Debug@@QAAXPBDPAX@Z
34.139	37.06	144	default/PropAnim	?Replace@RndPropAnim@@UAAXPAVObjRef@@PAVObject@Hmx@@@Z
33.857	34.39	224	default/UI	??1Automator@@UAA@XZ
33.486	34.77	140	default/UITransitionHandler	??$?5VTexPtr@RndMatAnim@@@@YAAAVBinStreamRev@@AAV0@AAV?$Key@VTexPtr@RndMatAnim@@@@@Z
33.320	34.92	200	default/Shader	?CalcShaderOpts@RndShaderDrawRect@@MAA_KPAVNgMat@@W4ShaderType@@_N@Z
31.905	33.45	168	default/UIComponent	?Copy@UIComponent@@UAAXPBVObject@Hmx@@W4CopyType@23@@Z
31.442	33.19	172	default/DuplicatedObject	?GetInstanceFromVector@InstanceTable@Quazal@@QAAIII@Z
30.868	31.53	152	default/UIListMesh	?Draw@UIListMesh@@UAAXABUUIListWidgetDrawState@@ABVUIListState@@ABVTransform@@W4State@UIComponent@@PAVBox@@W4DrawCommand@@@Z
29.672	31.48	232	default/SongStatusMgr	?LoadFixed@SongStatusMgr@@UAAXAAVFixedSizeSaveableStream@@H@Z
28.955	31.76	356	default/Tex	?SetBitmap@RndTex@@QAAXPAVFileLoader@@@Z
28.176	29.65	136	default/ProfileMgr	?FakeProfileFill@ProfileMgr@@QAAXXZ
26.321	28.29	112	default/LabelShrinkWrapper	?Copy@LabelShrinkWrapper@@UAAXPBVObject@Hmx@@W4CopyType@23@@Z
26.156	28.50	128	default/system/hamobj/MiniLeaderboardDisplay	?PreLoad@MiniLeaderboardDisplay@@UAAXAAVBinStream@@@Z
26.105	28.08	152	default/SpotlightDrawer	?Load@SpotlightDrawer@@UAAXAAVBinStream@@@Z
25.011	26.53	356	default/system/dsp/SndAnalysis	?ShiftedDotProduct@@YAXPBMHPAM_N@Z
25.000	26.72	128	default/Debug	?DevHostname@@YAPBDVSymbol@@@Z
24.338	24.60	308	default/GemManager	??0Entry@LocalePanel@@QAA@ABU01@@Z
23.897	24.59	116	default/CharBones	?Print@CharBones@@UAAXXZ
23.837	24.96	196	default/StandardStream	?SetJump@StandardStream@@UAAXMMPBD@Z
23.481	23.67	108	default/Defines	?SymToControllerType@@YA?AW4ControllerType@@VSymbol@@@Z
23.073	23.94	436	default/PlayerLeaderboards	?OnSelectRow@PlayerLeaderboard@@UAA?AVSymbol@@HPAVBandUser@@@Z
22.350	23.60	160	default/Character	?Replace@Character@@UAAXPAVObjRef@@PAVObject@Hmx@@@Z
22.203	23.73	236	default/SpeechMgr	??$__uninitialized_copy@PAUGrammar@SpeechMgr@@PAU12@@stlpmtx_std@@YAPAUGrammar@SpeechMgr@@PAU12@00ABU__false_type@0@@Z
21.104	21.84	460	default/HAQManager	?GetButtonText@HAQManager@@ABA?AVString@@XZ
21.000	23.05	264	default/TrackPanelDirBase	??4?$ObjPtrList@VRndTransformable@@VObjectDir@@@@QAAXABV0@@Z
20.895	21.95	152	default/NextSongPanel	?Exiting@NextSongPanel@@UBA_NXZ
19.387	21.16	124	default/Group	?CollidePlane@RndGroup@@UAAHABVPlane@@@Z
18.818	19.50	264	default/MeshAnim	??6@YAAAVTextStream@@AAV0@PBVObject@Hmx@@@Z
17.459	19.76	148	default/CharBoneDir	?PreLoad@CharBoneDir@@UAAXAAVBinStream@@@Z
17.459	19.76	148	default/UISlider	?PreLoad@PanelDir@@UAAXAAVBinStream@@@Z
17.383	19.05	240	default/MeshAnim	?Load@RndMeshAnim@@UAAXAAVBinStream@@@Z
17.171	19.60	140	default/LabelShrinkWrapper	?PreLoad@LabelShrinkWrapper@@UAAXAAVBinStream@@@Z
16.639	17.61	144	default/BandCharacter	?Compress@BandCharacter@@UAAXPAVRndTex@@_N@Z
14.885	16.92	384	default/PreloadPanel	?Load@PreloadPanel@@UAAXXZ
13.889	15.56	180	default/Anim	?Link@?$ObjPtrList@VObject@Hmx@@VObjectDir@@@@AAAXViterator@1@PAUNode@1@@Z
13.328	15.57	232	default/MatAnim	??4?$ObjPtrList@VObject@Hmx@@VObjectDir@@@@QAAXABV0@@Z
13.074	14.56	108	default/HamCamTransform	??4TransformArea@@QAAAAV0@ABV0@@Z
12.889	14.56	144	default/Spotlight	?Replace@Spotlight@@UAAXPAVObjRef@@PAVObject@Hmx@@@Z
10.720	11.33	428	default/OSCMessenger	?MakeOSCAddress@OSCMessenger@@AAAHVString@@PAD@Z
10.562	12.19	356	default/Group	?Load@RndGroup@@UAAXAAVBinStream@@@Z
10.500	12.12	136	default/BandList	?PreLoad@BandList@@UAAXAAVBinStream@@@Z
10.118	12.76	136	default/VocalPlayer	?SongSectionOnly@VocalPlayer@@QBA_NAAM0@Z
7.512	9.02	172	default/NetGameMsgs	?Dispatch@RestartGameMsg@@UAAXXZ
7.188	7.50	128	default/RockCentral	?CancelOutstandingCalls@RockCentral@@QAAXPAVObject@Hmx@@@Z
7.134	8.90	328	default/Splash	??0Splash@@QAA@XZ
6.829	6.83	164	default/Joypad_Xbox	?ReceiveUpstreamEEPROMWriteResponse@@YAXHPAE@Z
6.209	7.26	172	default/MusicLibrary	?ByteCode@RemoveLastSongFromSetlistMsg@@UBAEXZ
5.385	5.38	104	default/BandUser	?GetLocalBandUser@LocalBandUser@@UAAPAV1@XZ
5.321	6.39	112	default/SessionUsersProviders	?Mat@SessionUsersProvider@@UBAPAVRndMat@@HHPAVUIListMesh@@@Z
4.292	6.03	288	default/CharPollGroup	??0CharPollGroup@@IAA@XZ
3.448	3.45	116	default/BandUser	?SyncLoad@RemoteUser@@UAAXAAVBinStream@@I@Z
3.393	3.39	112	default/UILabel	?Poll@UILabel@@UAAXXZ
2.703	2.70	148	default/MemMgr	??3@YAXPAX@Z
1.519	2.81	216	default/MusicLibrary	?RemoveLastSongFromSetlist@MusicLibrary@@QAAXXZ
1.100	2.43	120	default/PartAnim	??$?6VColor@Hmx@@@@YAAAVTextStream@@AAV0@ABV?$Key@VColor@Hmx@@@@@Z
0.870	0.87	184	default/Anim	?ChainSourceSubdir@RndDir@@UAAXPAVObject@Hmx@@PAVObjectDir@@@Z
0.645	0.65	248	default/OutfitConfig	?Save@OutfitConfig@@UAAXAAVBinStream@@@Z
0.370	0.37	432	default/UIComponent	?PostLoad@UIComponent@@UAAXAAVBinStream@@@Z
