solo_closable_B	solo_rows	sites	class	retail_masked_dupes	retail_S	ours_F	why
8212	6	9	REFUTED_recursive_relocation	1	??A?$map@VCRC@Hmx@@MU?$less@VCRC@Hmx@@@stlpmtx_std@@V?$StlNodeAlloc@U?$pair@$$CBVCRC@Hmx@@M@stlpmtx_std@@@4@@stlpmtx_std@@QAAAAMABVCRC@Hmx@@@Z	??A?$map@HMU?$less@H@stlpmtx_std@@V?$StlNodeAlloc@U?$pair@$$CBHM@stlpmtx_std@@@2@@stlpmtx_std@@QAAAAMABH@Z	1 relocation slot(s) resolve to different retail bodies
1988	7	16	FOLD_PROVEN_installed	1	??4?$vector@HV?$StlNodeAlloc@H@stlpmtx_std@@@stlpmtx_std@@QAAAAV01@ABV01@@Z	??4?$vector@MV?$StlNodeAlloc@M@stlpmtx_std@@@stlpmtx_std@@QAAAAV01@ABV01@@Z	installed on >=2 independent channels
1692	1	1	REFUTED_recursive_relocation	1	?UpdateTarget@Target@BandCamShot@@QAAXVSymbol@@PAV2@@Z	?UpdateTarget@Target@HamCamShot@@QAAXVSymbol@@PAV2@@Z	1 relocation slot(s) resolve to different retail bodies
1320	3	3	REFUTED_residency	12	?_M_fill_insert@?$vector@VVector3@@V?$StlNodeAlloc@VVector3@@@stlpmtx_std@@@stlpmtx_std@@AAAXPAVVector3@@IABV3@@Z	?_M_fill_insert@?$vector@USpotlightDrawerEntry@LightPreset@@V?$StlNodeAlloc@USpotlightDrawerEntry@LightPreset@@@stlpmtx_std@@@stlpmtx_std@@AAAXPAUSpotlightDrawerEntry@LightPreset@@IABU34@@Z	retail keeps addr(F)=0x82381088 != addr(S)=0x824b2478; two addresses is the definition of not folded; keeps the wrong-callee reading
892	1	1	REFUTED_residency	8	?SetAutoplayError@BeatMatcher@@QAAXH@Z	?Restart@BeatMatcher@@QAAXXZ	retail keeps addr(F)=0x82790748 != addr(S)=0x82790568; two addresses is the definition of not folded; keeps the wrong-callee reading
588	1	1	REFUTED_shape_not_unique	5	??0?$hash_map@VSymbol@@HU?$hash@VSymbol@@@stlpmtx_std@@U?$equal_to@VSymbol@@@3@V?$StlNodeAlloc@U?$pair@$$CBVSymbol@@H@stlpmtx_std@@@3@@stlpmtx_std@@QAA@XZ	??0?$hash_map@HHU?$hash@H@stlpmtx_std@@U?$equal_to@H@2@V?$StlNodeAlloc@U?$pair@$$CBHH@stlpmtx_std@@@2@@stlpmtx_std@@QAA@XZ	retail holds 5 masked-identical bodies of this shape, so the per-instantiation family was NOT folded (CD-7 shape-identical class)
536	2	2	REFUTED_shape_not_unique	5	??0?$hash_map@VSymbol@@HU?$hash@VSymbol@@@stlpmtx_std@@U?$equal_to@VSymbol@@@3@V?$StlNodeAlloc@U?$pair@$$CBVSymbol@@H@stlpmtx_std@@@3@@stlpmtx_std@@QAA@XZ	??0?$hash_map@HPAVUIComponent@@U?$hash@H@stlpmtx_std@@U?$equal_to@H@3@V?$StlNodeAlloc@U?$pair@$$CBHPAVUIComponent@@@stlpmtx_std@@@3@@stlpmtx_std@@QAA@XZ	retail holds 5 masked-identical bodies of this shape, so the per-instantiation family was NOT folded (CD-7 shape-identical class)
344	1	2	REFUTED_residency	5	??0?$hash_map@VSymbol@@HU?$hash@VSymbol@@@stlpmtx_std@@U?$equal_to@VSymbol@@@3@V?$StlNodeAlloc@U?$pair@$$CBVSymbol@@H@stlpmtx_std@@@3@@stlpmtx_std@@QAA@XZ	??0?$hash_map@VSymbol@@PAVDataArray@@U?$hash@VSymbol@@@stlpmtx_std@@U?$equal_to@VSymbol@@@4@V?$StlNodeAlloc@U?$pair@$$CBVSymbol@@PAVDataArray@@@stlpmtx_std@@@4@@stlpmtx_std@@QAA@XZ	retail keeps addr(F)=0x825af9e8 != addr(S)=0x8255d480; two addresses is the definition of not folded; keeps the wrong-callee reading
320	1	1	REFUTED_recursive_relocation	7	?_M_fill_insert@?$vector@V?$Key@M@@V?$StlNodeAlloc@V?$Key@M@@@stlpmtx_std@@@stlpmtx_std@@AAAXPAV?$Key@M@@IABV3@@Z	?_M_fill_insert@?$vector@VSeam@MeshAO@OutfitConfig@@V?$StlNodeAlloc@VSeam@MeshAO@OutfitConfig@@@stlpmtx_std@@@stlpmtx_std@@AAAXPAVSeam@MeshAO@OutfitConfig@@IABV345@@Z	1 relocation slot(s) resolve to different retail bodies
308	1	1	REFUTED_residency	48	?insert@?$list@UWeightContext@CharBone@@V?$StlNodeAlloc@UWeightContext@CharBone@@@stlpmtx_std@@@stlpmtx_std@@QAA?AU?$_List_iterator@UWeightContext@CharBone@@U?$_Nonconst_traits@UWeightContext@CharBone@@@stlpmtx_std@@@2@U32@ABUWeightContext@CharBone@@@Z	?insert@?$list@UBreakpoint@RndConsole@@V?$StlNodeAlloc@UBreakpoint@RndConsole@@@stlpmtx_std@@@stlpmtx_std@@QAA?AU?$_List_iterator@UBreakpoint@RndConsole@@U?$_Nonconst_traits@UBreakpoint@RndConsole@@@stlpmtx_std@@@2@U32@ABUBreakpoint@RndConsole@@@Z	retail keeps addr(F)=0x8246b9a0 != addr(S)=0x823d6fa8; two addresses is the definition of not folded; keeps the wrong-callee reading
284	2	2	REFUTED_recursive_relocation	5	??0?$hash_map@VSymbol@@HU?$hash@VSymbol@@@stlpmtx_std@@U?$equal_to@VSymbol@@@3@V?$StlNodeAlloc@U?$pair@$$CBVSymbol@@H@stlpmtx_std@@@3@@stlpmtx_std@@QAA@XZ	??0?$hash_map@VSymbol@@MU?$hash@VSymbol@@@stlpmtx_std@@U?$equal_to@VSymbol@@@3@V?$StlNodeAlloc@U?$pair@$$CBVSymbol@@M@stlpmtx_std@@@3@@stlpmtx_std@@QAA@XZ	1 relocation slot(s) resolve to different retail bodies
272	2	3	UNDECIDED	1	?SetSize@VertArray@RndMeshDeform@@IAAXH@Z	?SetSize@DeltaArray@BandFaceDeform@@QAAXH@Z	2 slot(s) unresolvable on this channel
244	1	1	FOLD_PROVEN_installed	1	??4?$vector@HV?$StlNodeAlloc@H@stlpmtx_std@@@stlpmtx_std@@QAAAAV01@ABV01@@Z	??4?$vector@PAVTail@@V?$StlNodeAlloc@PAVTail@@@stlpmtx_std@@@stlpmtx_std@@QAAAAV01@ABV01@@Z	installed on >=2 independent channels
244	1	1	REFUTED_residency	2	??4?$vector@V?$Key@V?$vector@VVector3@@V?$StlNodeAlloc@VVector3@@@stlpmtx_std@@@stlpmtx_std@@@@V?$StlNodeAlloc@V?$Key@V?$vector@VVector3@@V?$StlNodeAlloc@VVector3@@@stlpmtx_std@@@stlpmtx_std@@@@@stlpmtx_std@@@stlpmtx_std@@QAAAAV01@ABV01@@Z	??4?$vector@V?$Key@V?$vector@VColor@Hmx@@V?$StlNodeAlloc@VColor@Hmx@@@stlpmtx_std@@@stlpmtx_std@@@@V?$StlNodeAlloc@V?$Key@V?$vector@VColor@Hmx@@V?$StlNodeAlloc@VColor@Hmx@@@stlpmtx_std@@@stlpmtx_std@@@@@stlpmtx_std@@@stlpmtx_std@@QAAAAV01@ABV01@@Z	retail keeps addr(F)=0x822c7e08 != addr(S)=0x8246f9f0; two addresses is the definition of not folded; keeps the wrong-callee reading
228	1	1	REFUTED_shape_not_unique	5	?resize@?$vector@V?$map@HMU?$less@H@stlpmtx_std@@V?$StlNodeAlloc@U?$pair@$$CBHM@stlpmtx_std@@@2@@stlpmtx_std@@V?$StlNodeAlloc@V?$map@HMU?$less@H@stlpmtx_std@@V?$StlNodeAlloc@U?$pair@$$CBHM@stlpmtx_std@@@2@@stlpmtx_std@@@2@@stlpmtx_std@@QAAXIABV?$map@HMU?$less@H@stlpmtx_std@@V?$StlNodeAlloc@U?$pair@$$CBHM@stlpmtx_std@@@2@@2@@Z	?resize@?$vector@V?$set@VSymbol@@U?$less@VSymbol@@@stlpmtx_std@@V?$StlNodeAlloc@VSymbol@@@3@@stlpmtx_std@@V?$StlNodeAlloc@V?$set@VSymbol@@U?$less@VSymbol@@@stlpmtx_std@@V?$StlNodeAlloc@VSymbol@@@3@@stlpmtx_std@@@2@@stlpmtx_std@@QAAXIABV?$set@VSymbol@@U?$less@VSymbol@@@stlpmtx_std@@V?$StlNodeAlloc@VSymbol@@@3@@2@@Z	retail holds 5 masked-identical bodies of this shape, so the per-instantiation family was NOT folded (CD-7 shape-identical class)
216	1	1	REFUTED_recursive_relocation	7	?_M_fill_insert@?$vector@V?$Key@M@@V?$StlNodeAlloc@V?$Key@M@@@stlpmtx_std@@@stlpmtx_std@@AAAXPAV?$Key@M@@IABV3@@Z	?_M_fill_insert@?$vector@V?$Key@VSymbol@@@@V?$StlNodeAlloc@V?$Key@VSymbol@@@@@stlpmtx_std@@@stlpmtx_std@@AAAXPAV?$Key@VSymbol@@@@IABV3@@Z	1 relocation slot(s) resolve to different retail bodies
216	1	1	REFUTED_recursive_relocation	7	?_M_fill_insert@?$vector@V?$Key@M@@V?$StlNodeAlloc@V?$Key@M@@@stlpmtx_std@@@stlpmtx_std@@AAAXPAV?$Key@M@@IABV3@@Z	?_M_fill_insert@?$vector@V?$Key@_N@@V?$StlNodeAlloc@V?$Key@_N@@@stlpmtx_std@@@stlpmtx_std@@AAAXPAV?$Key@_N@@IABV3@@Z	1 relocation slot(s) resolve to different retail bodies
204	1	1	REFUTED_residency	12	?_M_fill_insert@?$vector@VVector3@@V?$StlNodeAlloc@VVector3@@@stlpmtx_std@@@stlpmtx_std@@AAAXPAVVector3@@IABV3@@Z	?_M_fill_insert@?$vector@V?$Key@UWeight@@@@V?$StlNodeAlloc@V?$Key@UWeight@@@@@stlpmtx_std@@@stlpmtx_std@@AAAXPAV?$Key@UWeight@@@@IABV3@@Z	retail keeps addr(F)=0x82398798 != addr(S)=0x824b2478; two addresses is the definition of not folded; keeps the wrong-callee reading
192	2	2	REFUTED_recursive_relocation	7	?_M_fill_insert@?$vector@V?$Key@M@@V?$StlNodeAlloc@V?$Key@M@@@stlpmtx_std@@@stlpmtx_std@@AAAXPAV?$Key@M@@IABV3@@Z	?_M_fill_insert@?$vector@VStreakInfo@Stats@@V?$StlNodeAlloc@VStreakInfo@Stats@@@stlpmtx_std@@@stlpmtx_std@@AAAXPAVStreakInfo@Stats@@IABV34@@Z	1 relocation slot(s) resolve to different retail bodies
180	1	1	REFUTED_shape_not_unique	5	??0?$hash_map@VSymbol@@HU?$hash@VSymbol@@@stlpmtx_std@@U?$equal_to@VSymbol@@@3@V?$StlNodeAlloc@U?$pair@$$CBVSymbol@@H@stlpmtx_std@@@3@@stlpmtx_std@@QAA@XZ	??0?$hash_map@HPAVColorPalette@@U?$hash@H@stlpmtx_std@@U?$equal_to@H@3@V?$StlNodeAlloc@U?$pair@$$CBHPAVColorPalette@@@stlpmtx_std@@@3@@stlpmtx_std@@QAA@XZ	retail holds 5 masked-identical bodies of this shape, so the per-instantiation family was NOT folded (CD-7 shape-identical class)
164	1	1	REFUTED_recursive_relocation	1	?push_back@?$vector@UHamListRibbonDrawState@@V?$StlNodeAlloc@UHamListRibbonDrawState@@@stlpmtx_std@@@stlpmtx_std@@QAAXABUHamListRibbonDrawState@@@Z	?push_back@?$vector@V?$RangedData@VRGRollChord@@@?$RangedDataCollection@VRGRollChord@@@@V?$StlNodeAlloc@V?$RangedData@VRGRollChord@@@?$RangedDataCollection@VRGRollChord@@@@@stlpmtx_std@@@stlpmtx_std@@QAAXABV?$RangedData@VRGRollChord@@@?$RangedDataCollection@VRGRollChord@@@@@Z	1 relocation slot(s) resolve to different retail bodies
164	1	1	REFUTED_shape_not_unique	5	??0?$hash_map@VSymbol@@V?$vector@PAVPatchSticker@@V?$StlNodeAlloc@PAVPatchSticker@@@stlpmtx_std@@@stlpmtx_std@@USymbolHash@PatchDir@@U?$equal_to@VSymbol@@@3@V?$StlNodeAlloc@U?$pair@$$CBVSymbol@@V?$vector@PAVPatchSticker@@V?$StlNodeAlloc@PAVPatchSticker@@@stlpmtx_std@@@stlpmtx_std@@@stlpmtx_std@@@3@@stlpmtx_std@@QAA@XZ	??0?$hash_map@VSymbol@@V?$vector@VSymbol@@V?$StlNodeAlloc@VSymbol@@@stlpmtx_std@@@stlpmtx_std@@U?$hash@VSymbol@@@3@U?$equal_to@VSymbol@@@3@V?$StlNodeAlloc@U?$pair@$$CBVSymbol@@V?$vector@VSymbol@@V?$StlNodeAlloc@VSymbol@@@stlpmtx_std@@@stlpmtx_std@@@stlpmtx_std@@@3@@stlpmtx_std@@QAA@XZ	retail holds 5 masked-identical bodies of this shape, so the per-instantiation family was NOT folded (CD-7 shape-identical class)
160	1	1	REFUTED_recursive_relocation	12	?_M_fill_insert@?$vector@VVector3@@V?$StlNodeAlloc@VVector3@@@stlpmtx_std@@@stlpmtx_std@@AAAXPAVVector3@@IABV3@@Z	?_M_fill_insert@?$vector@VUserGuid@@V?$StlNodeAlloc@VUserGuid@@@stlpmtx_std@@@stlpmtx_std@@AAAXPAVUserGuid@@IABV3@@Z	1 relocation slot(s) resolve to different retail bodies
156	1	1	REFUTED_residency	13	??4?$ObjList@UTarget@HamCamShot@@@@QAAXABV0@@Z	??4?$ObjList@UTarget@BandCamShot@@@@QAAXABV0@@Z	retail keeps addr(F)=0x824d1280 != addr(S)=0x822b7ac8; two addresses is the definition of not folded; keeps the wrong-callee reading
156	1	1	REFUTED_shape_not_unique	5	??0?$hash_map@VSymbol@@V?$vector@PAVPatchSticker@@V?$StlNodeAlloc@PAVPatchSticker@@@stlpmtx_std@@@stlpmtx_std@@USymbolHash@PatchDir@@U?$equal_to@VSymbol@@@3@V?$StlNodeAlloc@U?$pair@$$CBVSymbol@@V?$vector@PAVPatchSticker@@V?$StlNodeAlloc@PAVPatchSticker@@@stlpmtx_std@@@stlpmtx_std@@@stlpmtx_std@@@3@@stlpmtx_std@@QAA@XZ	??0?$hash_map@VSymbol@@V?$vector@PAVLightPreset@@V?$StlNodeAlloc@PAVLightPreset@@@stlpmtx_std@@@stlpmtx_std@@USymbolHash@LightPresetManager@@U?$equal_to@VSymbol@@@3@V?$StlNodeAlloc@U?$pair@$$CBVSymbol@@V?$vector@PAVLightPreset@@V?$StlNodeAlloc@PAVLightPreset@@@stlpmtx_std@@@stlpmtx_std@@@stlpmtx_std@@@3@@stlpmtx_std@@QAA@XZ	retail holds 5 masked-identical bodies of this shape, so the per-instantiation family was NOT folded (CD-7 shape-identical class)
148	1	1	UNDECIDED	1	??$_M_range_insert@PBV?$Key@M@@@?$vector@V?$Key@M@@V?$StlNodeAlloc@V?$Key@M@@@stlpmtx_std@@@stlpmtx_std@@AAAXPAV?$Key@M@@PBV2@1ABUforward_iterator_tag@1@@Z	??$_M_range_insert@PBV?$Key@_N@@@?$vector@V?$Key@_N@@V?$StlNodeAlloc@V?$Key@_N@@@stlpmtx_std@@@stlpmtx_std@@AAAXPAV?$Key@_N@@PBV2@1ABUforward_iterator_tag@1@@Z	1 slot(s) unresolvable on this channel
148	1	1	UNDECIDED	1	??$_M_range_insert@PBV?$Key@M@@@?$vector@V?$Key@M@@V?$StlNodeAlloc@V?$Key@M@@@stlpmtx_std@@@stlpmtx_std@@AAAXPAV?$Key@M@@PBV2@1ABUforward_iterator_tag@1@@Z	??$_M_range_insert@PBV?$Key@VSymbol@@@@@?$vector@V?$Key@VSymbol@@@@V?$StlNodeAlloc@V?$Key@VSymbol@@@@@stlpmtx_std@@@stlpmtx_std@@AAAXPAV?$Key@VSymbol@@@@PBV2@1ABUforward_iterator_tag@1@@Z	1 slot(s) unresolvable on this channel
132	1	1	REFUTED_shape_not_unique	5	??$__final_insertion_sort@PAVSpotlightEntry@SpotlightDrawer@@VByColor@@@stlpmtx_std@@YAXPAVSpotlightEntry@SpotlightDrawer@@0VByColor@@@Z	??$__final_insertion_sort@PAVCategory@CameraManager@@U?$less@VCategory@CameraManager@@@stlpmtx_std@@@stlpmtx_std@@YAXPAVCategory@CameraManager@@0U?$less@VCategory@CameraManager@@@0@@Z	retail holds 5 masked-identical bodies of this shape, so the per-instantiation family was NOT folded (CD-7 shape-identical class)
128	1	1	REFUTED_residency	6	?GetBestStreak@SongStatusMgr@@QBAHHW4ScoreType@@W4Difficulty@@@Z	?GetBestStars@SongStatusMgr@@QBAHHW4ScoreType@@W4Difficulty@@@Z	retail keeps addr(F)=0x825d1930 != addr(S)=0x825d1bd8; two addresses is the definition of not folded; keeps the wrong-callee reading
128	1	1	REFUTED_residency	6	?GetBestAwesomes@SongStatusMgr@@QBAHHW4ScoreType@@W4Difficulty@@@Z	?GetBestStreak@SongStatusMgr@@QBAHHW4ScoreType@@W4Difficulty@@@Z	retail keeps addr(F)=0x825d1bd8 != addr(S)=0x825d1d98; two addresses is the definition of not folded; keeps the wrong-callee reading
124	1	1	REFUTED_shape_not_unique	9	?_M_insert@?$hashtable@U?$pair@$$CBHPAVSongStatus@@@stlpmtx_std@@HU?$hash@H@2@U?$_HashMapTraitsT@U?$pair@$$CBHPAVSongStatus@@@stlpmtx_std@@@priv@2@U?$_Select1st@U?$pair@$$CBHPAVSongStatus@@@stlpmtx_std@@@2@U?$equal_to@H@2@V?$StlNodeAlloc@U?$pair@$$CBHPAVSongStatus@@@stlpmtx_std@@@2@@stlpmtx_std@@QAAAAU?$pair@$$CBHPAVSongStatus@@@2@ABU32@@Z	?_M_insert@?$hashtable@U?$pair@$$CBHVSymbol@@@stlpmtx_std@@HU?$hash@H@2@U?$_HashMapTraitsT@U?$pair@$$CBHVSymbol@@@stlpmtx_std@@@priv@2@U?$_Select1st@U?$pair@$$CBHVSymbol@@@stlpmtx_std@@@2@U?$equal_to@H@2@V?$StlNodeAlloc@U?$pair@$$CBHVSymbol@@@stlpmtx_std@@@2@@stlpmtx_std@@QAAAAU?$pair@$$CBHVSymbol@@@2@ABU32@@Z	retail holds 9 masked-identical bodies of this shape, so the per-instantiation family was NOT folded (CD-7 shape-identical class)
120	1	1	REFUTED_shape_not_unique	9	?_M_insert@?$hashtable@U?$pair@$$CBHPAVSongStatus@@@stlpmtx_std@@HU?$hash@H@2@U?$_HashMapTraitsT@U?$pair@$$CBHPAVSongStatus@@@stlpmtx_std@@@priv@2@U?$_Select1st@U?$pair@$$CBHPAVSongStatus@@@stlpmtx_std@@@2@U?$equal_to@H@2@V?$StlNodeAlloc@U?$pair@$$CBHPAVSongStatus@@@stlpmtx_std@@@2@@stlpmtx_std@@QAAAAU?$pair@$$CBHPAVSongStatus@@@2@ABU32@@Z	?_M_insert@?$hashtable@U?$pair@$$CBHPAVSongUpgradeData@@@stlpmtx_std@@HU?$hash@H@2@U?$_HashMapTraitsT@U?$pair@$$CBHPAVSongUpgradeData@@@stlpmtx_std@@@priv@2@U?$_Select1st@U?$pair@$$CBHPAVSongUpgradeData@@@stlpmtx_std@@@2@U?$equal_to@H@2@V?$StlNodeAlloc@U?$pair@$$CBHPAVSongUpgradeData@@@stlpmtx_std@@@2@@stlpmtx_std@@QAAAAU?$pair@$$CBHPAVSongUpgradeData@@@2@ABU32@@Z	retail holds 9 masked-identical bodies of this shape, so the per-instantiation family was NOT folded (CD-7 shape-identical class)
112	1	1	FOLD_PROVEN_installed	1	??4?$vector@HV?$StlNodeAlloc@H@stlpmtx_std@@@stlpmtx_std@@QAAAAV01@ABV01@@Z	??4?$vector@PAVUIScreen@@V?$StlNodeAlloc@PAVUIScreen@@@stlpmtx_std@@@stlpmtx_std@@QAAAAV01@ABV01@@Z	installed on >=2 independent channels
112	1	1	REFUTED_recursive_relocation	2	?_M_insert_overflow_aux@?$vector@V?$vector@VVector3@@V?$StlNodeAlloc@VVector3@@@stlpmtx_std@@@stlpmtx_std@@V?$StlNodeAlloc@V?$vector@VVector3@@V?$StlNodeAlloc@VVector3@@@stlpmtx_std@@@stlpmtx_std@@@2@@stlpmtx_std@@IAAXPAV?$vector@VVector3@@V?$StlNodeAlloc@VVector3@@@stlpmtx_std@@@2@ABV32@ABU__true_type@2@I_N@Z	?_M_insert_overflow_aux@?$vector@V?$vector@VRangeSection@@V?$StlNodeAlloc@VRangeSection@@@stlpmtx_std@@@stlpmtx_std@@V?$StlNodeAlloc@V?$vector@VRangeSection@@V?$StlNodeAlloc@VRangeSection@@@stlpmtx_std@@@stlpmtx_std@@@2@@stlpmtx_std@@IAAXPAV?$vector@VRangeSection@@V?$StlNodeAlloc@VRangeSection@@@stlpmtx_std@@@2@ABV32@ABU__true_type@2@I_N@Z	2 relocation slot(s) resolve to different retail bodies
112	1	1	REFUTED_recursive_relocation	1	??$__introsort_loop@PAVCategory@CameraManager@@V12@HU?$less@VCategory@CameraManager@@@stlpmtx_std@@@stlpmtx_std@@YAXPAVCategory@CameraManager@@00HU?$less@VCategory@CameraManager@@@0@@Z	??$__introsort_loop@PAVSpotlightEntry@SpotlightDrawer@@V12@HVByColor@@@stlpmtx_std@@YAXPAVSpotlightEntry@SpotlightDrawer@@00HVByColor@@@Z	1 relocation slot(s) resolve to different retail bodies
108	1	1	FOLD_PROVEN_installed	1	?_M_fill_insert_aux@?$vector@PAVRndDrawable@@V?$StlNodeAlloc@PAVRndDrawable@@@stlpmtx_std@@@stlpmtx_std@@AAAXPAPAVRndDrawable@@IABQAV3@ABU__false_type@2@@Z	?_M_fill_insert_aux@?$vector@PAVObject@Hmx@@V?$StlNodeAlloc@PAVObject@Hmx@@@stlpmtx_std@@@stlpmtx_std@@AAAXPAPAVObject@Hmx@@IABQAV34@ABU__false_type@2@@Z	installed on >=2 independent channels
108	1	1	REFUTED_residency	9	??1BitmapOverride@WorldDir@@QAA@XZ	??1EventCall@EventAnim@@QAA@XZ	retail keeps addr(F)=0x822b1240 != addr(S)=0x824cb350; two addresses is the definition of not folded; keeps the wrong-callee reading
104	1	2	REFUTED_shape_not_unique	5	??0?$hash_map@VSymbol@@HU?$hash@VSymbol@@@stlpmtx_std@@U?$equal_to@VSymbol@@@3@V?$StlNodeAlloc@U?$pair@$$CBVSymbol@@H@stlpmtx_std@@@3@@stlpmtx_std@@QAA@XZ	??0?$hash_map@HVSymbol@@U?$hash@H@stlpmtx_std@@U?$equal_to@H@3@V?$StlNodeAlloc@U?$pair@$$CBHVSymbol@@@stlpmtx_std@@@3@@stlpmtx_std@@QAA@XZ	retail holds 5 masked-identical bodies of this shape, so the per-instantiation family was NOT folded (CD-7 shape-identical class)
100	1	1	REFUTED_shape_not_unique	7	??1?$vector@V?$map@HMU?$less@H@stlpmtx_std@@V?$StlNodeAlloc@U?$pair@$$CBHM@stlpmtx_std@@@2@@stlpmtx_std@@V?$StlNodeAlloc@V?$map@HMU?$less@H@stlpmtx_std@@V?$StlNodeAlloc@U?$pair@$$CBHM@stlpmtx_std@@@2@@stlpmtx_std@@@2@@stlpmtx_std@@QAA@XZ	??1?$vector@V?$set@VSymbol@@U?$less@VSymbol@@@stlpmtx_std@@V?$StlNodeAlloc@VSymbol@@@3@@stlpmtx_std@@V?$StlNodeAlloc@V?$set@VSymbol@@U?$less@VSymbol@@@stlpmtx_std@@V?$StlNodeAlloc@VSymbol@@@3@@stlpmtx_std@@@2@@stlpmtx_std@@QAA@XZ	retail holds 7 masked-identical bodies of this shape, so the per-instantiation family was NOT folded (CD-7 shape-identical class)
92	1	1	REFUTED_recursive_relocation	3	??4?$vector@UBone@CharBones@@V?$StlNodeAlloc@UBone@CharBones@@@stlpmtx_std@@@stlpmtx_std@@QAAAAV01@ABV01@@Z	??4?$vector@U?$pair@HM@stlpmtx_std@@V?$StlNodeAlloc@U?$pair@HM@stlpmtx_std@@@2@@stlpmtx_std@@QAAAAV01@ABV01@@Z	1 relocation slot(s) resolve to different retail bodies
84	1	1	REFUTED_residency	39	?Advance@?$ObjDirItr@VRndGroup@@@@AAAXXZ	?Advance@?$ObjDirItr@VSynthSample@@@@AAAXXZ	retail keeps addr(F)=0x826fe2d0 != addr(S)=0x8243db18; two addresses is the definition of not folded; keeps the wrong-callee reading
84	1	1	REFUTED_residency	39	?Advance@?$ObjDirItr@VRndPollable@@@@AAAXXZ	?Advance@?$ObjDirItr@VRndAnimatable@@@@AAAXXZ	retail keeps addr(F)=0x82403d50 != addr(S)=0x82403e28; two addresses is the definition of not folded; keeps the wrong-callee reading
84	1	1	REFUTED_residency	39	?Advance@?$ObjDirItr@VRndAnimatable@@@@AAAXXZ	?Advance@?$ObjDirItr@VRndPollable@@@@AAAXXZ	retail keeps addr(F)=0x82403e28 != addr(S)=0x82403d50; two addresses is the definition of not folded; keeps the wrong-callee reading
84	1	1	REFUTED_residency	48	?insert@?$list@UInstance@RndMultiMesh@@V?$TransformListAlloc@UInstance@RndMultiMesh@@@stlpmtx_std@@@stlpmtx_std@@QAA?AU?$_List_iterator@UInstance@RndMultiMesh@@U?$_Nonconst_traits@UInstance@RndMultiMesh@@@stlpmtx_std@@@2@U32@ABUInstance@RndMultiMesh@@@Z	?insert@?$list@UInstance@RndMultiMesh@@V?$StlNodeAlloc@UInstance@RndMultiMesh@@@stlpmtx_std@@@stlpmtx_std@@QAA?AU?$_List_iterator@UInstance@RndMultiMesh@@U?$_Nonconst_traits@UInstance@RndMultiMesh@@@stlpmtx_std@@@2@U32@ABUInstance@RndMultiMesh@@@Z	retail keeps addr(F)=0x824e0f00 != addr(S)=0x8241ab98; two addresses is the definition of not folded; keeps the wrong-callee reading
84	1	1	REFUTED_shape_not_unique	39	?Advance@?$ObjDirItr@VBandList@@@@AAAXXZ	?Advance@?$ObjDirItr@VCharClipGroup@@@@AAAXXZ	retail holds 39 masked-identical bodies of this shape, so the per-instantiation family was NOT folded (CD-7 shape-identical class)
84	1	1	REFUTED_shape_not_unique	39	?Advance@?$ObjDirItr@VRndMesh@@@@AAAXXZ	?Advance@?$ObjDirItr@VPanelDir@@@@AAAXXZ	retail holds 39 masked-identical bodies of this shape, so the per-instantiation family was NOT folded (CD-7 shape-identical class)
68	1	1	REFUTED_residency	1	?resize@?$vector@UDynamicPropertyEntry@Flow@@V?$StlNodeAlloc@UDynamicPropertyEntry@Flow@@@stlpmtx_std@@@stlpmtx_std@@QAAXIABUDynamicPropertyEntry@Flow@@@Z	?resize@?$vector@VStrand@CharHair@@V?$StlNodeAlloc@VStrand@CharHair@@@stlpmtx_std@@@stlpmtx_std@@QAAXIABVStrand@CharHair@@@Z	retail keeps addr(F)=0x82715c00 != addr(S)=0x823ab598; two addresses is the definition of not folded; keeps the wrong-callee reading
28	1	1	REFUTED_recursive_relocation	1	??$TrimExcess@UTempoInfoPoint@MultiTempoTempoMap@@@@YAXAAV?$vector@UTempoInfoPoint@MultiTempoTempoMap@@V?$StlNodeAlloc@UTempoInfoPoint@MultiTempoTempoMap@@@stlpmtx_std@@@stlpmtx_std@@@Z	??$TrimExcess@UCompEv@DataEventList@@@@YAXAAV?$vector@UCompEv@DataEventList@@V?$StlNodeAlloc@UCompEv@DataEventList@@@stlpmtx_std@@@stlpmtx_std@@@Z	1 relocation slot(s) resolve to different retail bodies
16	1	1	FOLD_PROVEN_installed	1	??4?$vector@HV?$StlNodeAlloc@H@stlpmtx_std@@@stlpmtx_std@@QAAAAV01@ABV01@@Z	??4?$vector@PAVRemoteBandUser@@V?$StlNodeAlloc@PAVRemoteBandUser@@@stlpmtx_std@@@stlpmtx_std@@QAAAAV01@ABV01@@Z	installed on >=2 independent channels
12	1	1	REFUTED_recursive_relocation	1	?Copy@BandDirector@@UAAXPBVObject@Hmx@@W4CopyType@23@@Z	?Replace@BandDirector@@UAAXPAVObjRef@@PAVObject@Hmx@@@Z	2 relocation slot(s) resolve to different retail bodies
12	1	1	REFUTED_recursive_relocation	337	?ClassName@DxMultiMesh@@UBA?AVSymbol@@XZ	?ClassName@AppLabel@@UBA?AVSymbol@@XZ	1 relocation slot(s) resolve to different retail bodies
12	1	1	REFUTED_recursive_relocation	337	?ClassName@CharIKFingers@@UBA?AVSymbol@@XZ	?ClassName@CharBlendBone@@UBA?AVSymbol@@XZ	1 relocation slot(s) resolve to different retail bodies
12	1	1	REFUTED_residency	337	?ClassName@UILabel@@UBA?AVSymbol@@XZ	?ClassName@VocalTrackDir@@UBA?AVSymbol@@XZ	retail keeps addr(F)=0x822fe750 != addr(S)=0x827f4248; two addresses is the definition of not folded; keeps the wrong-callee reading
12	1	1	REFUTED_residency	337	?ClassName@CharSleeve@@UBA?AVSymbol@@XZ	?ClassName@CharDriver@@UBA?AVSymbol@@XZ	retail keeps addr(F)=0x82377b30 != addr(S)=0x823cf918; two addresses is the definition of not folded; keeps the wrong-callee reading
12	1	1	REFUTED_residency	337	?ClassName@CharForeTwist@@UBA?AVSymbol@@XZ	?ClassName@CharIKMidi@@UBA?AVSymbol@@XZ	retail keeps addr(F)=0x823c9540 != addr(S)=0x823c6148; two addresses is the definition of not folded; keeps the wrong-callee reading
12	1	1	REFUTED_residency	337	?ClassName@CharUpperTwist@@UBA?AVSymbol@@XZ	?ClassName@CharIKSliderMidi@@UBA?AVSymbol@@XZ	retail keeps addr(F)=0x823cb0c8 != addr(S)=0x823c6e30; two addresses is the definition of not folded; keeps the wrong-callee reading
12	1	1	REFUTED_residency	337	?ClassName@CharIKMidi@@UBA?AVSymbol@@XZ	?ClassName@CharMirror@@UBA?AVSymbol@@XZ	retail keeps addr(F)=0x823cd980 != addr(S)=0x823c9540; two addresses is the definition of not folded; keeps the wrong-callee reading
12	1	1	REFUTED_residency	337	?ClassName@CharIKSliderMidi@@UBA?AVSymbol@@XZ	?ClassName@CharNeckTwist@@UBA?AVSymbol@@XZ	retail keeps addr(F)=0x823ce668 != addr(S)=0x823cb0c8; two addresses is the definition of not folded; keeps the wrong-callee reading
12	1	1	REFUTED_residency	337	?ClassName@CharMirror@@UBA?AVSymbol@@XZ	?ClassName@CharPollGroup@@UBA?AVSymbol@@XZ	retail keeps addr(F)=0x823afe58 != addr(S)=0x823cd980; two addresses is the definition of not folded; keeps the wrong-callee reading
12	1	1	REFUTED_residency	337	?ClassName@CharNeckTwist@@UBA?AVSymbol@@XZ	?ClassName@CharServoBone@@UBA?AVSymbol@@XZ	retail keeps addr(F)=0x82375ce0 != addr(S)=0x823ce668; two addresses is the definition of not folded; keeps the wrong-callee reading
12	1	1	REFUTED_residency	337	?ClassName@CharServoBone@@UBA?AVSymbol@@XZ	?ClassName@CharSleeve@@UBA?AVSymbol@@XZ	retail keeps addr(F)=0x823cf918 != addr(S)=0x82375ce0; two addresses is the definition of not folded; keeps the wrong-callee reading
12	1	1	REFUTED_residency	337	?ClassName@DialogDisplay@@UBA?AVSymbol@@XZ	?ClassName@CharUpperTwist@@UBA?AVSymbol@@XZ	retail keeps addr(F)=0x823c6e30 != addr(S)=0x8232a0f0; two addresses is the definition of not folded; keeps the wrong-callee reading
12	1	1	REFUTED_residency	337	?ClassName@VocalTrackDir@@UBA?AVSymbol@@XZ	?ClassName@Character@@UBA?AVSymbol@@XZ	retail keeps addr(F)=0x82372420 != addr(S)=0x822fe750; two addresses is the definition of not folded; keeps the wrong-callee reading
12	1	1	REFUTED_residency	337	?ClassName@RndTexBlender@@UBA?AVSymbol@@XZ	?ClassName@LightPreset@@UBA?AVSymbol@@XZ	retail keeps addr(F)=0x824b5570 != addr(S)=0x8248ab90; two addresses is the definition of not folded; keeps the wrong-callee reading
12	1	1	REFUTED_residency	337	?ClassName@FadePanel@@UBA?AVSymbol@@XZ	?ClassName@MsgSource@@UBA?AVSymbol@@XZ	retail keeps addr(F)=0x823e35e8 != addr(S)=0x826a8a88; two addresses is the definition of not folded; keeps the wrong-callee reading
12	1	1	REFUTED_residency	337	?ClassName@DxMovie@@UBA?AVSymbol@@XZ	?ClassName@DxMultiMesh@@UBA?AVSymbol@@XZ	retail keeps addr(F)=0x8273f828 != addr(S)=0x8273e478; two addresses is the definition of not folded; keeps the wrong-callee reading
12	1	1	REFUTED_residency	337	?ClassName@BandCharacter@@UBA?AVSymbol@@XZ	?ClassName@RndLine@@UBA?AVSymbol@@XZ	retail keeps addr(F)=0x8247b5f0 != addr(S)=0x822896e0; two addresses is the definition of not folded; keeps the wrong-callee reading
12	1	1	REFUTED_residency	337	?ClassName@UISlider@@UBA?AVSymbol@@XZ	?ClassName@PanelDir@@UBA?AVSymbol@@XZ	retail keeps addr(F)=0x823591b8 != addr(S)=0x82809b98; two addresses is the definition of not folded; keeps the wrong-callee reading
12	1	1	REFUTED_shape_not_unique	337	?ClassName@RndLine@@UBA?AVSymbol@@XZ	?ClassName@RndSpline@@UBA?AVSymbol@@XZ	retail holds 337 masked-identical bodies of this shape, so the per-instantiation family was NOT folded (CD-7 shape-identical class)
0	0	1	FOLD_PROVEN_installed	1	??4?$vector@HV?$StlNodeAlloc@H@stlpmtx_std@@@stlpmtx_std@@QAAAAV01@ABV01@@Z	??4?$vector@PAVRndAnimatable@@V?$StlNodeAlloc@PAVRndAnimatable@@@stlpmtx_std@@@stlpmtx_std@@QAAAAV01@ABV01@@Z	installed on >=2 independent channels
0	0	1	FOLD_PROVEN_installed	1	??4?$vector@HV?$StlNodeAlloc@H@stlpmtx_std@@@stlpmtx_std@@QAAAAV01@ABV01@@Z	??4?$vector@PAUDummySample@MidiChannel@@V?$StlNodeAlloc@PAUDummySample@MidiChannel@@@stlpmtx_std@@@stlpmtx_std@@QAAAAV01@ABV01@@Z	installed on >=2 independent channels
0	0	1	MAP_REPAIR_CANDIDATE	1	?resize@?$vector@UDepthBuffer3DAttachment@@V?$StlNodeAlloc@UDepthBuffer3DAttachment@@@stlpmtx_std@@@stlpmtx_std@@QAAXIABUDepthBuffer3DAttachment@@@Z	?resize@?$vector@VVocalScoreCache@@V?$StlNodeAlloc@VVocalScoreCache@@@stlpmtx_std@@@stlpmtx_std@@QAAXIABVVocalScoreCache@@@Z	sole retail caller Singer::PostLoad fits OUR spelling vector<VocalScoreCache> far better than the map name vector<DepthBuffer3DAttachment>; homogeneous fan-in gives no fold evidence; NOT repaired here
0	0	2	REFUTED_recursive_relocation	16	??1?$vector@V?$Key@V?$vector@VColor@Hmx@@V?$StlNodeAlloc@VColor@Hmx@@@stlpmtx_std@@@stlpmtx_std@@@@V?$StlNodeAlloc@V?$Key@V?$vector@VColor@Hmx@@V?$StlNodeAlloc@VColor@Hmx@@@stlpmtx_std@@@stlpmtx_std@@@@@stlpmtx_std@@@stlpmtx_std@@QAA@XZ	??1?$vector@V?$Key@V?$vector@VVector3@@V?$StlNodeAlloc@VVector3@@@stlpmtx_std@@@stlpmtx_std@@@@V?$StlNodeAlloc@V?$Key@V?$vector@VVector3@@V?$StlNodeAlloc@VVector3@@@stlpmtx_std@@@stlpmtx_std@@@@@stlpmtx_std@@@stlpmtx_std@@QAA@XZ	1 relocation slot(s) resolve to different retail bodies
0	0	1	REFUTED_recursive_relocation	11	?OnPlayerRemoved@Game@@QAAXPAVPlayer@@@Z	?OnPlayerSaved@Game@@QAAXPAVPlayer@@@Z	1 relocation slot(s) resolve to different retail bodies
0	0	1	REFUTED_recursive_relocation	4	??4?$_Rb_tree@VCRC@Hmx@@U?$less@VCRC@Hmx@@@stlpmtx_std@@U?$pair@$$CBVCRC@Hmx@@M@4@U?$_Select1st@U?$pair@$$CBVCRC@Hmx@@M@stlpmtx_std@@@4@U?$_MapTraitsT@U?$pair@$$CBVCRC@Hmx@@M@stlpmtx_std@@@priv@4@V?$StlNodeAlloc@U?$pair@$$CBVCRC@Hmx@@M@stlpmtx_std@@@4@@stlpmtx_std@@QAAAAV01@ABV01@@Z	??4?$_Rb_tree@HU?$less@H@stlpmtx_std@@U?$pair@$$CBHM@2@U?$_Select1st@U?$pair@$$CBHM@stlpmtx_std@@@2@U?$_MapTraitsT@U?$pair@$$CBHM@stlpmtx_std@@@priv@2@V?$StlNodeAlloc@U?$pair@$$CBHM@stlpmtx_std@@@2@@stlpmtx_std@@QAAAAV01@ABV01@@Z	1 relocation slot(s) resolve to different retail bodies
0	0	2	REFUTED_residency	7	??$__merge_sort_with_buffer@PAVSymbol@@PAV1@HVAccomplishmentGroupCmp@@@stlpmtx_std@@YAXPAVSymbol@@00PAHVAccomplishmentGroupCmp@@@Z	??$__merge_sort_with_buffer@PAVSymbol@@PAV1@HVAccomplishmentCategoryCmp@@@stlpmtx_std@@YAXPAVSymbol@@00PAHVAccomplishmentCategoryCmp@@@Z	retail keeps addr(F)=0x825f4a80 != addr(S)=0x825fbb50; two addresses is the definition of not folded; keeps the wrong-callee reading
0	0	1	REFUTED_residency	8	?Restart@BeatMatcher@@QAAXXZ	?SetAutoplayError@BeatMatcher@@QAAXH@Z	retail keeps addr(F)=0x82790568 != addr(S)=0x82790748; two addresses is the definition of not folded; keeps the wrong-callee reading
0	0	1	REFUTED_residency	6	??$__merge_without_buffer@PAVSymbol@@HVAccomplishmentGroupCmp@@@stlpmtx_std@@YAXPAVSymbol@@00HHVAccomplishmentGroupCmp@@@Z	??$__merge_without_buffer@PAVSymbol@@HVAccomplishmentCategoryCmp@@@stlpmtx_std@@YAXPAVSymbol@@00HHVAccomplishmentCategoryCmp@@@Z	retail keeps addr(F)=0x825fbd78 != addr(S)=0x825fba20; two addresses is the definition of not folded; keeps the wrong-callee reading
0	0	1	REFUTED_residency	7	??$__merge_adaptive@PAVSymbol@@HPAV1@VAccomplishmentGroupCmp@@@stlpmtx_std@@YAXPAVSymbol@@00HH0HVAccomplishmentGroupCmp@@@Z	??$__merge_adaptive@PAVSymbol@@HPAV1@VAccomplishmentCategoryCmp@@@stlpmtx_std@@YAXPAVSymbol@@00HH0HVAccomplishmentCategoryCmp@@@Z	retail keeps addr(F)=0x825f4b10 != addr(S)=0x825fbbe0; two addresses is the definition of not folded; keeps the wrong-callee reading
0	0	1	REFUTED_residency	2	?GetTotalPointsForNextMajorCampaignLevelForUser@Campaign@@QAAHPAVLocalBandUser@@@Z	?GetCurrentPointsForNextMajorCampaignLevelForUser@Campaign@@QAAHPAVLocalBandUser@@@Z	retail keeps addr(F)=0x825a6ff8 != addr(S)=0x825a7158; two addresses is the definition of not folded; keeps the wrong-callee reading
0	0	1	REFUTED_residency	2	?GetCurrentPointsForNextMajorCampaignLevelForUser@Campaign@@QAAHPAVLocalBandUser@@@Z	?GetTotalPointsForNextMajorCampaignLevelForUser@Campaign@@QAAHPAVLocalBandUser@@@Z	retail keeps addr(F)=0x825a7158 != addr(S)=0x825a6ff8; two addresses is the definition of not folded; keeps the wrong-callee reading
0	0	3	REFUTED_shape_not_unique	5	??0?$hash_map@VSymbol@@HU?$hash@VSymbol@@@stlpmtx_std@@U?$equal_to@VSymbol@@@3@V?$StlNodeAlloc@U?$pair@$$CBVSymbol@@H@stlpmtx_std@@@3@@stlpmtx_std@@QAA@XZ	??0?$hash_map@VSymbol@@V1@U?$hash@VSymbol@@@stlpmtx_std@@U?$equal_to@VSymbol@@@3@V?$StlNodeAlloc@U?$pair@$$CBVSymbol@@V1@@stlpmtx_std@@@3@@stlpmtx_std@@QAA@XZ	retail holds 5 masked-identical bodies of this shape, so the per-instantiation family was NOT folded (CD-7 shape-identical class)
0	0	3	REFUTED_shape_not_unique	5	??0?$hash_map@VSymbol@@HU?$hash@VSymbol@@@stlpmtx_std@@U?$equal_to@VSymbol@@@3@V?$StlNodeAlloc@U?$pair@$$CBVSymbol@@H@stlpmtx_std@@@3@@stlpmtx_std@@QAA@XZ	??0?$hash_map@VSymbol@@PAV?$vector@VSymbol@@V?$StlNodeAlloc@VSymbol@@@stlpmtx_std@@@stlpmtx_std@@U?$hash@VSymbol@@@3@U?$equal_to@VSymbol@@@3@V?$StlNodeAlloc@U?$pair@$$CBVSymbol@@PAV?$vector@VSymbol@@V?$StlNodeAlloc@VSymbol@@@stlpmtx_std@@@stlpmtx_std@@@stlpmtx_std@@@3@@stlpmtx_std@@QAA@XZ	retail holds 5 masked-identical bodies of this shape, so the per-instantiation family was NOT folded (CD-7 shape-identical class)
0	0	1	REFUTED_shape_not_unique	5	??0?$hash_map@VSymbol@@HU?$hash@VSymbol@@@stlpmtx_std@@U?$equal_to@VSymbol@@@3@V?$StlNodeAlloc@U?$pair@$$CBVSymbol@@H@stlpmtx_std@@@3@@stlpmtx_std@@QAA@XZ	??0?$hash_map@VSymbol@@PAVAccomplishment@@U?$hash@VSymbol@@@stlpmtx_std@@U?$equal_to@VSymbol@@@4@V?$StlNodeAlloc@U?$pair@$$CBVSymbol@@PAVAccomplishment@@@stlpmtx_std@@@4@@stlpmtx_std@@QAA@XZ	retail holds 5 masked-identical bodies of this shape, so the per-instantiation family was NOT folded (CD-7 shape-identical class)
0	0	1	REFUTED_shape_not_unique	5	??0?$hash_map@VSymbol@@HU?$hash@VSymbol@@@stlpmtx_std@@U?$equal_to@VSymbol@@@3@V?$StlNodeAlloc@U?$pair@$$CBVSymbol@@H@stlpmtx_std@@@3@@stlpmtx_std@@QAA@XZ	??0?$hash_map@VSymbol@@PAVAccomplishmentCategory@@U?$hash@VSymbol@@@stlpmtx_std@@U?$equal_to@VSymbol@@@4@V?$StlNodeAlloc@U?$pair@$$CBVSymbol@@PAVAccomplishmentCategory@@@stlpmtx_std@@@4@@stlpmtx_std@@QAA@XZ	retail holds 5 masked-identical bodies of this shape, so the per-instantiation family was NOT folded (CD-7 shape-identical class)
0	0	1	REFUTED_shape_not_unique	5	??0?$hash_map@VSymbol@@HU?$hash@VSymbol@@@stlpmtx_std@@U?$equal_to@VSymbol@@@3@V?$StlNodeAlloc@U?$pair@$$CBVSymbol@@H@stlpmtx_std@@@3@@stlpmtx_std@@QAA@XZ	??0?$hash_map@VSymbol@@PAVAccomplishmentGroup@@U?$hash@VSymbol@@@stlpmtx_std@@U?$equal_to@VSymbol@@@4@V?$StlNodeAlloc@U?$pair@$$CBVSymbol@@PAVAccomplishmentGroup@@@stlpmtx_std@@@4@@stlpmtx_std@@QAA@XZ	retail holds 5 masked-identical bodies of this shape, so the per-instantiation family was NOT folded (CD-7 shape-identical class)
0	0	1	REFUTED_shape_not_unique	5	??0?$hash_map@VSymbol@@HU?$hash@VSymbol@@@stlpmtx_std@@U?$equal_to@VSymbol@@@3@V?$StlNodeAlloc@U?$pair@$$CBVSymbol@@H@stlpmtx_std@@@3@@stlpmtx_std@@QAA@XZ	??0?$hash_map@VSymbol@@PAVAward@@U?$hash@VSymbol@@@stlpmtx_std@@U?$equal_to@VSymbol@@@4@V?$StlNodeAlloc@U?$pair@$$CBVSymbol@@PAVAward@@@stlpmtx_std@@@4@@stlpmtx_std@@QAA@XZ	retail holds 5 masked-identical bodies of this shape, so the per-instantiation family was NOT folded (CD-7 shape-identical class)
0	0	1	REFUTED_shape_not_unique	5	??0?$hash_map@VSymbol@@HU?$hash@VSymbol@@@stlpmtx_std@@U?$equal_to@VSymbol@@@3@V?$StlNodeAlloc@U?$pair@$$CBVSymbol@@H@stlpmtx_std@@@3@@stlpmtx_std@@QAA@XZ	??0?$hash_map@VSymbol@@PAV?$list@VSymbol@@V?$StlNodeAlloc@VSymbol@@@stlpmtx_std@@@stlpmtx_std@@U?$hash@VSymbol@@@3@U?$equal_to@VSymbol@@@3@V?$StlNodeAlloc@U?$pair@$$CBVSymbol@@PAV?$list@VSymbol@@V?$StlNodeAlloc@VSymbol@@@stlpmtx_std@@@stlpmtx_std@@@stlpmtx_std@@@3@@stlpmtx_std@@QAA@XZ	retail holds 5 masked-identical bodies of this shape, so the per-instantiation family was NOT folded (CD-7 shape-identical class)
0	0	1	REFUTED_shape_not_unique	5	??0?$hash_map@VSymbol@@HU?$hash@VSymbol@@@stlpmtx_std@@U?$equal_to@VSymbol@@@3@V?$StlNodeAlloc@U?$pair@$$CBVSymbol@@H@stlpmtx_std@@@3@@stlpmtx_std@@QAA@XZ	??0?$hash_map@VSymbol@@PAV?$set@VSymbol@@U?$less@VSymbol@@@stlpmtx_std@@V?$StlNodeAlloc@VSymbol@@@3@@stlpmtx_std@@U?$hash@VSymbol@@@3@U?$equal_to@VSymbol@@@3@V?$StlNodeAlloc@U?$pair@$$CBVSymbol@@PAV?$set@VSymbol@@U?$less@VSymbol@@@stlpmtx_std@@V?$StlNodeAlloc@VSymbol@@@3@@stlpmtx_std@@@stlpmtx_std@@@3@@stlpmtx_std@@QAA@XZ	retail holds 5 masked-identical bodies of this shape, so the per-instantiation family was NOT folded (CD-7 shape-identical class)
0	0	1	REFUTED_shape_not_unique	5	??0?$hash_map@VSymbol@@HU?$hash@VSymbol@@@stlpmtx_std@@U?$equal_to@VSymbol@@@3@V?$StlNodeAlloc@U?$pair@$$CBVSymbol@@H@stlpmtx_std@@@3@@stlpmtx_std@@QAA@XZ	??0?$hash_map@VSymbol@@PAVSongFilter@SongSortMgr@@U?$hash@VSymbol@@@stlpmtx_std@@U?$equal_to@VSymbol@@@5@V?$StlNodeAlloc@U?$pair@$$CBVSymbol@@PAVSongFilter@SongSortMgr@@@stlpmtx_std@@@5@@stlpmtx_std@@QAA@XZ	retail holds 5 masked-identical bodies of this shape, so the per-instantiation family was NOT folded (CD-7 shape-identical class)
0	0	1	REFUTED_shape_not_unique	9	?_M_insert@?$hashtable@U?$pair@$$CBVSymbol@@PAVDataArray@@@stlpmtx_std@@VSymbol@@U?$hash@VSymbol@@@2@U?$_HashMapTraitsT@U?$pair@$$CBVSymbol@@PAVDataArray@@@stlpmtx_std@@@priv@2@U?$_Select1st@U?$pair@$$CBVSymbol@@PAVDataArray@@@stlpmtx_std@@@2@U?$equal_to@VSymbol@@@2@V?$StlNodeAlloc@U?$pair@$$CBVSymbol@@PAVDataArray@@@stlpmtx_std@@@2@@stlpmtx_std@@QAAAAU?$pair@$$CBVSymbol@@PAVDataArray@@@2@ABU32@@Z	?_M_insert@?$hashtable@U?$pair@$$CBVSymbol@@V?$hash_map@VSymbol@@PAVDataArray@@U?$hash@VSymbol@@@stlpmtx_std@@U?$equal_to@VSymbol@@@4@V?$StlNodeAlloc@U?$pair@$$CBVSymbol@@PAVDataArray@@@stlpmtx_std@@@4@@stlpmtx_std@@@stlpmtx_std@@VSymbol@@U?$hash@VSymbol@@@2@U?$_HashMapTraitsT@U?$pair@$$CBVSymbol@@V?$hash_map@VSymbol@@PAVDataArray@@U?$hash@VSymbol@@@stlpmtx_std@@U?$equal_to@VSymbol@@@4@V?$StlNodeAlloc@U?$pair@$$CBVSymbol@@PAVDataArray@@@stlpmtx_std@@@4@@stlpmtx_std@@@stlpmtx_std@@@priv@2@U?$_Select1st@U?$pair@$$CBVSymbol@@V?$hash_map@VSymbol@@PAVDataArray@@U?$hash@VSymbol@@@stlpmtx_std@@U?$equal_to@VSymbol@@@4@V?$StlNodeAlloc@U?$pair@$$CBVSymbol@@PAVDataArray@@@stlpmtx_std@@@4@@stlpmtx_std@@@stlpmtx_std@@@2@U?$equal_to@VSymbol@@@2@V?$StlNodeAlloc@U?$pair@$$CBVSymbol@@V?$hash_map@VSymbol@@PAVDataArray@@U?$hash@VSymbol@@@stlpmtx_std@@U?$equal_to@VSymbol@@@4@V?$StlNodeAlloc@U?$pair@$$CBVSymbol@@PAVDataArray@@@stlpmtx_std@@@4@@stlpmtx_std@@@stlpmtx_std@@@2@@stlpmtx_std@@QAAAAU?$pair@$$CBVSymbol@@V?$hash_map@VSymbol@@PAVDataArray@@U?$hash@VSymbol@@@stlpmtx_std@@U?$equal_to@VSymbol@@@4@V?$StlNodeAlloc@U?$pair@$$CBVSymbol@@PAVDataArray@@@stlpmtx_std@@@4@@stlpmtx_std@@@2@ABU32@@Z	retail holds 9 masked-identical bodies of this shape, so the per-instantiation family was NOT folded (CD-7 shape-identical class)
0	0	1	REFUTED_shape_not_unique	5	??0?$hash_map@VSymbol@@PAVDataArray@@U?$hash@VSymbol@@@stlpmtx_std@@U?$equal_to@VSymbol@@@4@V?$StlNodeAlloc@U?$pair@$$CBVSymbol@@PAVDataArray@@@stlpmtx_std@@@4@@stlpmtx_std@@QAA@XZ	??0?$hash_map@VSymbol@@V?$hash_map@VSymbol@@PAVDataArray@@U?$hash@VSymbol@@@stlpmtx_std@@U?$equal_to@VSymbol@@@4@V?$StlNodeAlloc@U?$pair@$$CBVSymbol@@PAVDataArray@@@stlpmtx_std@@@4@@stlpmtx_std@@U?$hash@VSymbol@@@3@U?$equal_to@VSymbol@@@3@V?$StlNodeAlloc@U?$pair@$$CBVSymbol@@V?$hash_map@VSymbol@@PAVDataArray@@U?$hash@VSymbol@@@stlpmtx_std@@U?$equal_to@VSymbol@@@4@V?$StlNodeAlloc@U?$pair@$$CBVSymbol@@PAVDataArray@@@stlpmtx_std@@@4@@stlpmtx_std@@@stlpmtx_std@@@3@@stlpmtx_std@@QAA@XZ	retail holds 5 masked-identical bodies of this shape, so the per-instantiation family was NOT folded (CD-7 shape-identical class)
0	0	1	REFUTED_shape_not_unique	5	??0?$hash_map@VSymbol@@HU?$hash@VSymbol@@@stlpmtx_std@@U?$equal_to@VSymbol@@@3@V?$StlNodeAlloc@U?$pair@$$CBVSymbol@@H@stlpmtx_std@@@3@@stlpmtx_std@@QAA@XZ	??0?$hash_map@VSymbol@@PAVUIScreen@@U?$hash@VSymbol@@@stlpmtx_std@@U?$equal_to@VSymbol@@@4@V?$StlNodeAlloc@U?$pair@$$CBVSymbol@@PAVUIScreen@@@stlpmtx_std@@@4@@stlpmtx_std@@QAA@XZ	retail holds 5 masked-identical bodies of this shape, so the per-instantiation family was NOT folded (CD-7 shape-identical class)
0	0	1	REFUTED_shape_not_unique	5	??0?$hash_map@VSymbol@@HU?$hash@VSymbol@@@stlpmtx_std@@U?$equal_to@VSymbol@@@3@V?$StlNodeAlloc@U?$pair@$$CBVSymbol@@H@stlpmtx_std@@@3@@stlpmtx_std@@QAA@XZ	??0?$hash_map@VSymbol@@PAVLesson@@U?$hash@VSymbol@@@stlpmtx_std@@U?$equal_to@VSymbol@@@4@V?$StlNodeAlloc@U?$pair@$$CBVSymbol@@PAVLesson@@@stlpmtx_std@@@4@@stlpmtx_std@@QAA@XZ	retail holds 5 masked-identical bodies of this shape, so the per-instantiation family was NOT folded (CD-7 shape-identical class)
0	0	1	REFUTED_shape_not_unique	5	??0?$hash_map@VSymbol@@HU?$hash@VSymbol@@@stlpmtx_std@@U?$equal_to@VSymbol@@@3@V?$StlNodeAlloc@U?$pair@$$CBVSymbol@@H@stlpmtx_std@@@3@@stlpmtx_std@@QAA@XZ	??0?$hash_map@HPAVSongUpgradeData@@U?$hash@H@stlpmtx_std@@U?$equal_to@H@3@V?$StlNodeAlloc@U?$pair@$$CBHPAVSongUpgradeData@@@stlpmtx_std@@@3@@stlpmtx_std@@QAA@XZ	retail holds 5 masked-identical bodies of this shape, so the per-instantiation family was NOT folded (CD-7 shape-identical class)
0	0	1	REFUTED_shape_not_unique	5	??0?$hash_map@VSymbol@@V?$vector@PAVPatchSticker@@V?$StlNodeAlloc@PAVPatchSticker@@@stlpmtx_std@@@stlpmtx_std@@USymbolHash@PatchDir@@U?$equal_to@VSymbol@@@3@V?$StlNodeAlloc@U?$pair@$$CBVSymbol@@V?$vector@PAVPatchSticker@@V?$StlNodeAlloc@PAVPatchSticker@@@stlpmtx_std@@@stlpmtx_std@@@stlpmtx_std@@@3@@stlpmtx_std@@QAA@XZ	??0?$hash_map@VSymbol@@V?$vector@HV?$StlNodeAlloc@H@stlpmtx_std@@@stlpmtx_std@@U?$hash@VSymbol@@@3@U?$equal_to@VSymbol@@@3@V?$StlNodeAlloc@U?$pair@$$CBVSymbol@@V?$vector@HV?$StlNodeAlloc@H@stlpmtx_std@@@stlpmtx_std@@@stlpmtx_std@@@3@@stlpmtx_std@@QAA@XZ	retail holds 5 masked-identical bodies of this shape, so the per-instantiation family was NOT folded (CD-7 shape-identical class)
0	0	1	REFUTED_shape_not_unique	16	??$sort@PAPAVUILabel@@ULabelSort@?A0x15e3583a@@@stlpmtx_std@@YAXPAPAVUILabel@@0ULabelSort@?A0x15e3583a@@@Z	??$sort@PAPAVUIListWidget@@UWidgetDrawSort@?A0xd29bb4b7@@@stlpmtx_std@@YAXPAPAVUIListWidget@@0UWidgetDrawSort@?A0xd29bb4b7@@@Z	retail holds 16 masked-identical bodies of this shape, so the per-instantiation family was NOT folded (CD-7 shape-identical class)
0	0	1	REFUTED_shape_not_unique	5	??0?$hash_map@VSymbol@@HU?$hash@VSymbol@@@stlpmtx_std@@U?$equal_to@VSymbol@@@3@V?$StlNodeAlloc@U?$pair@$$CBVSymbol@@H@stlpmtx_std@@@3@@stlpmtx_std@@QAA@XZ	??0?$hash_map@VSymbol@@PAVMetaMusicScene@@U?$hash@VSymbol@@@stlpmtx_std@@U?$equal_to@VSymbol@@@4@V?$StlNodeAlloc@U?$pair@$$CBVSymbol@@PAVMetaMusicScene@@@stlpmtx_std@@@4@@stlpmtx_std@@QAA@XZ	retail holds 5 masked-identical bodies of this shape, so the per-instantiation family was NOT folded (CD-7 shape-identical class)
0	0	2	UNDECIDED	1	?PrintParticlePoolSize@?A0x1a651105@@YA?AVDataNode@@PAVDataArray@@@Z	?PrintParticlePoolSize@?A0xb0344ebf@@YA?AVDataNode@@PAVDataArray@@@Z	2 slot(s) unresolvable on this channel
0	0	1	UNDECIDED	1	?StartDecompressionThread@?A0x3d3858a8@@YAXXZ	?StartDecompressionThread@?A0xe745f4e1@@YAXXZ	11 slot(s) unresolvable on this channel
