unit	rows	bytes	unit_total_bytes	unit_matched_bytes	src
default/DuplicatedObject	83	24188	25056	312	src/network/ObjDup/DuplicatedObject.cpp
default/RockCentral	134	20368	93520	52120	src/band3/net_band/RockCentral.cpp
default/VocalTrackDir	166	15544	61624	25164	src/system/bandobj/VocalTrackDir.cpp
default/network/quazal/Transport/PRUDP/PRUDPEndPoint	64	12992	12992	0	src/network/quazal/Transport/PRUDP/PRUDPEndPoint.cpp
default/BandSongMetadata	62	12332	27612	11868	src/band3/meta_band/BandSongMetadata.cpp
default/Shader	14	12072	20120	3172	src/system/rndobj/Shader.cpp
default/network/quazal/ObjDupProtocol	53	12060	12060	0	src/network/quazal/ObjDupProtocol.cpp
default/LightPreset	38	11188	57740	35832	src/system/world/LightPreset.cpp
default/GemManager	37	10584	28768	11032	src/band3/bandtrack/GemManager.cpp
default/Text	27	10512	28716	11480	src/system/rndobj/Text.cpp
default/MoveMgr	58	10328	15084	1824	src/system/hamobj/MoveMgr.cpp
default/system/bandobj/BandTrack	51	10076	30796	16488	src/system/bandobj/BandTrack.cpp
default/DirLoader	61	9192	23176	9228	src/system/obj/DirLoader.cpp
default/EventTrigger	35	9092	42636	20632	src/system/rndobj/EventTrigger.cpp
default/network/quazal/Transport/PRUDP/PRUDPStream	69	8888	8888	0	src/network/quazal/Transport/PRUDP/PRUDPStream.cpp
default/MetaPerformer	37	8728	42328	30996	src/band3/meta_band/MetaPerformer.cpp
default/network/quazal/Transport/Interface/NATTraversalEngine	69	8680	8680	0	src/network/quazal/Transport/Interface/NATTraversalEngine.cpp
default/AmbientOcclusion	19	8168	28536	10928	src/system/rndobj/AmbientOcclusion.cpp
default/CharBoneDir	46	7988	22668	11112	src/system/char/CharBoneDir.cpp
default/UI	45	7868	24416	9556	src/system/ui/UI.cpp
default/network/quazal/Transport/Interface/StationURL	69	7856	7960	0	src/network/quazal/Transport/Interface/StationURL.cpp
default/Scheduler	23	7472	8500	0	src/network/Core/Scheduler.cpp
default/HamCamTransform	44	7464	19044	3288	src/system/hamobj/HamCamTransform.cpp
default/ChordShapeGenerator	17	7428	19940	6624	src/system/bandobj/ChordShapeGenerator.cpp
default/system/rnddx9/ShaderMgr	35	7300	12624	2472	src/system/rnddx9/ShaderMgr.cpp
default/Font	22	7296	17996	7772	src/system/rndobj/Font.cpp
default/BandCharacter	56	6800	70224	43852	src/system/bandobj/BandCharacter.cpp
default/SongData	41	6760	29932	16008	src/system/beatmatch/SongData.cpp
default/CustomizePanel	20	6720	24980	9920	src/band3/meta_band/CustomizePanel.cpp
default/UILabel	33	6716	28704	17300	src/system/ui/UILabel.cpp
default/SongParser	26	6644	34136	19060	src/system/beatmatch/SongParser.cpp
default/Character	40	6628	34108	16460	src/system/char/Character.cpp
default/MidiParser	55	6616	27288	18004	src/system/midi/MidiParser.cpp
default/Game	17	6608	26196	11664	src/band3/game/Game.cpp
default/TrackPanelDir	43	6568	23268	12764	src/system/bandobj/TrackPanelDir.cpp
default/network/quazal/Services/Facades/Client/JobBackEndServicesLogin	19	6544	6688	0	src/network/quazal/Services/Facades/Client/JobBackEndServicesLogin.cpp
default/system/rndobj/Utl	33	6520	45020	15816	src/system/rndobj/Utl.cpp
default/Mesh	43	6292	46252	26236	src/system/rndobj/Mesh.cpp
default/CharClip	31	6248	29572	19876	src/system/char/CharClip.cpp
default/network/quazal/Transport/UDP/UDPTransport	42	6184	6184	0	src/network/quazal/Transport/UDP/UDPTransport.cpp
default/band3/bandtrack/Gem	24	6152	29032	10636	src/band3/bandtrack/Gem.cpp
default/GemPlayer	23	6124	50544	28152	src/band3/game/GemPlayer.cpp
default/network/net/NetSession	25	6120	31652	18284	src/network/net/NetSession.cpp
default/BandCharDesc	21	6100	32384	23484	src/system/bandobj/BandCharDesc.cpp
default/Anim	18	6040	23704	12056	src/system/rndobj/Anim.cpp
default/network/quazal/JobJoinSession	14	6036	6108	0	src/network/quazal/JobJoinSession.cpp
default/MusicLibraryStore	33	6016	8808	1768	src/band3/meta_band/MusicLibraryStore.cpp
default/network/quazal/Station	27	5836	5836	0	src/network/quazal/Station.cpp
default/BandSongMgr	23	5812	20876	10636	src/band3/meta_band/BandSongMgr.cpp
default/Rnd_Xbox	19	5808	20244	8292	src/system/rnddx9/Rnd_Xbox.cpp
default/CharacterCreatorPanel	29	5664	21260	8220	src/band3/meta_band/CharacterCreatorPanel.cpp
default/BandCamShot	24	5560	33940	17240	src/system/bandobj/BandCamShot.cpp
default/CameraShot	20	5544	45532	25524	src/system/world/CameraShot.cpp
default/system/rnddx9/CubeTex	24	5536	13232	5864	src/system/rnddx9/CubeTex.cpp
default/Voice	39	5480	9076	3056	src/system/synth_xbox/Voice.cpp
default/band3/meta_band/AccomplishmentManager	18	5404	37304	28540	src/band3/meta_band/AccomplishmentManager.cpp
default/Tour	31	5400	16988	5132	src/band3/tour/Tour.cpp
default/UIFontImporter	25	5340	21536	14632	src/system/ui/UIFontImporter.cpp
default/Mic	31	5232	13548	6104	src/system/synth_xbox/Mic.cpp
default/StreakMeter	30	5196	20488	7268	src/system/bandobj/StreakMeter.cpp
default/VocalPart	33	5176	10836	2052	src/band3/game/VocalPart.cpp
default/AccomplishmentSongConditional	33	5160	9796	2548	src/band3/meta_band/AccomplishmentSongConditional.cpp
default/Splash	25	5060	10000	2816	src/system/movie/Splash.cpp
default/system/rnddx9/Rnd	29	5060	8740	1728	src/system/rnddx9/Rnd.cpp
default/band3/game/Player	21	5024	25840	17728	src/band3/game/Player.cpp
default/MeshAnim	40	4964	38392	20668	src/system/rndobj/MeshAnim.cpp
default/network/quazal/AccountManagement/Client/JobCreateAccount	10	4952	5024	0	src/network/quazal/AccountManagement/Client/JobCreateAccount.cpp
default/GemTrack	11	4884	14760	6692	src/band3/bandtrack/GemTrack.cpp
default/network/quazal/Transport/Interface/Network	48	4848	4848	0	src/network/quazal/Transport/Interface/Network.cpp
default/OvershellSlot	20	4804	51416	34972	src/band3/meta_band/OvershellSlot.cpp
default/Joypad	13	4760	11304	6036	src/system/os/Joypad.cpp
default/DepthBuffer3D	26	4476	9160	2424	src/system/gesture/DepthBuffer3D.cpp
default/network/quazal/AccountManagement/Client/AccountManagementClient	7	4444	4444	0	src/network/quazal/AccountManagement/Client/AccountManagementClient.cpp
default/CharCuff	11	4440	9464	4436	src/system/char/CharCuff.cpp
default/StorePanel	32	4416	13704	3772	src/system/meta/StorePanel.cpp
default/BandDirector	21	4368	64136	39560	src/system/bandobj/BandDirector.cpp
default/OutfitConfig	17	4360	29492	11592	src/system/bandobj/OutfitConfig.cpp
default/band3/meta_band/NewAwardPanel	29	4292	9192	3956	src/band3/meta_band/NewAwardPanel.cpp
default/CameraManager	27	4252	16736	10708	src/system/world/CameraManager.cpp
default/BandUser	41	4184	18472	11476	src/band3/game/BandUser.cpp
default/Debug	23	4172	7608	2740	src/system/os/Debug.cpp
default/GemTrackDir	19	4052	35876	18112	src/system/bandobj/GemTrackDir.cpp
default/PostProc	8	4040	17508	12440	src/system/rndobj/PostProc.cpp
default/CharEyes	32	3996	32620	15008	src/system/char/CharEyes.cpp
default/NextSongPanel	14	3968	33456	16088	src/band3/meta_band/NextSongPanel.cpp
default/band3/game/GemTrainerPanel	8	3920	13196	6324	src/band3/game/GemTrainerPanel.cpp
default/CheatProvider	27	3820	7512	1364	src/system/ui/CheatProvider.cpp
default/band3/meta_band/TokenRedemptionPanel	18	3640	7148	3116	src/band3/meta_band/TokenRedemptionPanel.cpp
default/band3/game/PresenceMgr	11	3640	6100	1360	src/band3/game/PresenceMgr.cpp
default/band3/meta_band/RetryAudioPanel	16	3560	5704	1376	src/band3/meta_band/RetryAudioPanel.cpp
default/ExternalMic	10	3552	5760	1708	src/system/synth_xbox/ExternalMic.cpp
default/network/quazal/Foundation/ProductFacade	8	3520	3592	0	src/network/quazal/Foundation/ProductFacade.cpp
default/band3/game/TrainerPanel	16	3508	14512	9376	src/band3/game/TrainerPanel.cpp
default/FreestylePanel	11	3480	8728	4600	src/band3/game/FreestylePanel.cpp
default/network/quazal/SessionDiscovery/LAN/LANSessionDiscovery	25	3468	3468	0	src/network/quazal/SessionDiscovery/LAN/LANSessionDiscovery.cpp
default/SkeletonClip	15	3452	7932	1140	src/system/gesture/SkeletonClip.cpp
default/WavMgr	34	3452	3688	40	src/system/synth/WavMgr.cpp
default/MatAnim	11	3448	15524	8372	src/system/rndobj/MatAnim.cpp
default/band3/meta_band/BandStorePanel	29	3444	12812	4644	src/band3/meta_band/BandStorePanel.cpp
default/VocalPlayer	30	3436	33656	15528	src/band3/game/VocalPlayer.cpp
default/network/quazal/StationManager	8	3424	3424	0	src/network/quazal/StationManager.cpp
default/UIList	16	3408	32380	20656	src/system/ui/UIList.cpp
default/network/quazal/XboxLSP/Client/JobLSPLogin	7	3356	3428	0	src/network/quazal/XboxLSP/Client/JobLSPLogin.cpp
default/Trans	17	3324	19744	13080	src/system/rndobj/Trans.cpp
default/PatchDir	15	3280	19180	12380	src/system/bandobj/PatchDir.cpp
default/MeshDeform	16	3280	11032	5720	src/system/rndobj/MeshDeform.cpp
default/sslgen	1	3280	3280	0	src/system/net/curl/lib/sslgen.c
default/BandSwatch	23	3276	8532	3748	src/system/bandobj/BandSwatch.cpp
default/SessionJobs_Xbox	30	3276	4032	160	src/system/net/SessionJobs_Xbox.cpp
default/AppInlineHelp	12	3272	8316	4336	src/band3/meta_band/AppInlineHelp.cpp
default/MemTracker	15	3240	12088	5064	src/system/utl/MemTracker.cpp
default/network/quazal/JobConnectStation	9	3240	3240	0	src/network/quazal/JobConnectStation.cpp
default/band3/game/RGTrainerPanel	13	3216	15844	8356	src/band3/game/RGTrainerPanel.cpp
default/BandList	15	3188	15800	8812	src/system/bandobj/BandList.cpp
default/Shockwave	20	3176	5100	648	src/system/rndobj/Shockwave.cpp
default/system/ui/UILabelDir	28	3160	9316	4500	src/system/ui/UILabelDir.cpp
default/OvershellPanel	12	3140	33500	23964	src/band3/meta_band/OvershellPanel.cpp
default/RhythmDetector	17	3124	4772	504	src/system/hamobj/RhythmDetector.cpp
default/band3/meta_band/PatchPanel	12	3120	16260	10624	src/band3/meta_band/PatchPanel.cpp
default/network/quazal/DupSpace/DuplicationSpaceTable	8	3100	3100	0	src/network/quazal/DupSpace/DuplicationSpaceTable.cpp
default/band3/meta_band/SaveLoadManager	25	3092	33040	24872	src/band3/meta_band/SaveLoadManager.cpp
default/system/obj/Dir	22	3064	27536	15552	src/system/obj/Dir.cpp
default/SongSectionController	15	3052	17116	10908	src/system/bandobj/SongSectionController.cpp
default/CalibrationPanel	13	3024	17120	9660	src/band3/meta_band/CalibrationPanel.cpp
default/TourDescPanel	15	2980	13780	5372	src/band3/tour/TourDescPanel.cpp
default/ProfileMgr	24	2940	27388	21808	src/band3/meta_band/ProfileMgr.cpp
default/File	22	2916	8108	2396	src/system/os/File.cpp
default/TransAnim	14	2904	13060	8056	src/system/rndobj/TransAnim.cpp
default/CharIKScale	6	2900	7328	3264	src/system/char/CharIKScale.cpp
default/band3/meta_band/AccomplishmentProgress	8	2900	15408	10004	src/band3/meta_band/AccomplishmentProgress.cpp
default/band3/meta_band/CampaignGoalsLeaderboardPanel	12	2892	9652	5420	src/band3/meta_band/CampaignGoalsLeaderboardPanel.cpp
default/SongDB	17	2872	13408	7624	src/band3/game/SongDB.cpp
default/MusicLibrary	20	2812	44100	28192	src/band3/meta_band/MusicLibrary.cpp
default/band3/game/Band	12	2804	9248	5844	src/band3/game/Band.cpp
default/FocusTracker	20	2792	13288	7536	src/band3/game/FocusTracker.cpp
default/PropKeys	14	2788	22380	14200	src/system/rndobj/PropKeys.cpp
default/band3/bandtrack/TrackPanel	22	2740	15548	9548	src/band3/bandtrack/TrackPanel.cpp
default/AccomplishmentPanel	18	2724	51264	39936	src/band3/meta_band/AccomplishmentPanel.cpp
default/band3/meta_band/AssetProvider	9	2700	4452	928	src/band3/meta_band/AssetProvider.cpp
default/Line	4	2676	13356	8300	src/system/rndobj/Line.cpp
default/system/synth/OggMap	11	2672	2888	76	src/system/synth/OggMap.cpp
default/network/quazal/StationDDL	19	2672	2672	0	src/network/quazal/StationDDL.cpp
default/Group	13	2636	13324	6628	src/system/rndobj/Group.cpp
default/GamePanel	5	2636	11092	7632	src/band3/game/GamePanel.cpp
default/system/beatmatch/GameGemList	17	2632	8196	2416	src/system/beatmatch/GameGemList.cpp
default/MasterAudio	11	2624	18988	13824	src/system/beatmatch/MasterAudio.cpp
default/MemHeap	10	2600	5376	1584	src/system/utl/MemHeap.cpp
default/Sfx	12	2584	20564	12336	src/system/synth/Sfx.cpp
default/CharClipGroup	12	2580	8888	5064	src/system/char/CharClipGroup.cpp
default/MemcardMgr_Xbox	17	2564	8408	3692	src/system/meta/MemcardMgr_Xbox.cpp
default/CharHair	11	2556	26884	15088	src/system/char/CharHair.cpp
default/MessageTimer	6	2540	4996	1248	src/system/obj/MessageTimer.cpp
default/UIListDir	5	2536	12504	8288	src/system/ui/UIListDir.cpp
default/BandIKEffector	6	2524	14848	6188	src/system/bandobj/BandIKEffector.cpp
default/CharDriver	17	2520	18212	11084	src/system/char/CharDriver.cpp
default/DataFile	20	2516	13884	6104	src/system/obj/DataFile.cpp
default/Matchmaker	18	2512	11176	7344	src/band3/meta_band/Matchmaker.cpp
default/network/quazal/Transport/UDP/QueuingSocket	9	2488	2488	0	src/network/quazal/Transport/UDP/QueuingSocket.cpp
default/band3/meta_band/ViewSetting	24	2484	14500	7912	src/band3/meta_band/ViewSetting.cpp
default/BandPatchMesh	14	2472	6672	2656	src/system/bandobj/BandPatchMesh.cpp
default/SongStatusMgr	18	2456	13516	9020	src/band3/meta_band/SongStatusMgr.cpp
default/SpotlightDrawer	14	2408	14040	9340	src/system/world/SpotlightDrawer.cpp
default/band3/meta_band/MusicLibraryNetSetlists	12	2408	6308	2752	src/band3/meta_band/MusicLibraryNetSetlists.cpp
default/MetaPanel	17	2404	26772	22552	src/band3/meta_band/MetaPanel.cpp
default/CrowdAudio	11	2388	15664	11252	src/system/bandobj/CrowdAudio.cpp
default/GemTrackResourceManager	17	2372	5372	1476	src/system/bandobj/GemTrackResourceManager.cpp
default/TexBlender	7	2364	11020	5960	src/system/rndobj/TexBlender.cpp
default/network/quazal/Core/String	20	2360	2360	0	src/network/quazal/Core/String.cpp
default/network/quazal/SessionDDL	12	2344	2344	0	src/network/quazal/SessionDDL.cpp
default/FileMerger	18	2316	32116	14856	src/system/char/FileMerger.cpp
default/CharacterTest	8	2308	4508	1148	src/system/char/CharacterTest.cpp
default/band3/game/MultiplayerAnalyzer	13	2300	6200	3560	src/band3/game/MultiplayerAnalyzer.cpp
default/band3/meta_band/ModifierMgr	18	2276	4720	2304	src/band3/meta_band/ModifierMgr.cpp
default/DataNode	19	2260	11380	6620	src/system/obj/DataNode.cpp
default/BeatMatcher	24	2240	9836	6156	src/system/beatmatch/BeatMatcher.cpp
default/VocalTrack	15	2216	44332	16884	src/band3/bandtrack/VocalTrack.cpp
default/network/quazal/Core/ByteStream	21	2208	2208	0	src/network/quazal/Core/ByteStream.cpp
default/PostProc_NG	6	2168	7248	3736	src/system/rndobj/PostProc_NG.cpp
default/band3/game/Singer	7	2160	6928	2860	src/band3/game/Singer.cpp
default/GameMicManager	12	2152	6204	2728	src/band3/game/GameMicManager.cpp
default/Crowd	14	2136	29596	15484	src/system/world/Crowd.cpp
default/EndingBonus	15	2092	10392	6872	src/system/bandobj/EndingBonus.cpp
default/UploadErrorMgr	31	2092	3976	1444	src/band3/meta_band/UploadErrorMgr.cpp
default/MainHubPanel	9	2084	18884	16436	src/band3/meta_band/MainHubPanel.cpp
default/band3/game/Stats	7	2076	11132	6488	src/band3/game/Stats.cpp
default/BandMachine	14	2072	6048	3244	src/band3/meta_band/BandMachine.cpp
default/Part	8	2064	34944	23892	src/system/rndobj/Part.cpp
default/network/quazal/DOCore	1	2056	2056	0	src/network/quazal/DOCore.cpp
default/CharIKFingers	23	2048	17320	6696	src/system/char/CharIKFingers.cpp
default/network/quazal/Authentication/Client/JobTicketManagerLogin	5	2028	2100	0	src/network/quazal/Authentication/Client/JobTicketManagerLogin.cpp
default/CrowdMeterIcon	20	2024	8616	4664	src/system/bandobj/CrowdMeterIcon.cpp
default/Waypoint	8	2016	12520	6988	src/system/char/Waypoint.cpp
default/MoggClipMap	20	2004	3960	936	src/system/synth/MoggClipMap.cpp
default/PropSync	11	1984	15416	8032	src/system/obj/PropSync.cpp
default/network/quazal/Transport/Interface/JobConnectEndPoint	13	1984	1984	0	src/network/quazal/Transport/Interface/JobConnectEndPoint.cpp
default/network/quazal/Core	3	1960	2032	0	src/network/quazal/Core.cpp
default/MemMgr	7	1948	4252	920	src/system/utl/MemMgr.cpp
default/Accomplishment	39	1948	7692	2212	src/band3/meta_band/Accomplishment.cpp
default/CampaignSongInfoPanel	11	1932	4872	2052	src/band3/meta_band/CampaignSongInfoPanel.cpp
default/Env_NG	5	1928	9244	4728	src/system/rndobj/Env_NG.cpp
default/network/quazal/DOCallContext	10	1928	1928	0	src/network/quazal/DOCallContext.cpp
default/network/quazal/CallRegister	8	1924	1924	0	src/network/quazal/CallRegister.cpp
default/PropAnim	11	1912	30424	17132	src/system/rndobj/PropAnim.cpp
default/BandLeadMeter	15	1896	7616	3200	src/system/bandobj/BandLeadMeter.cpp
default/band3/meta_band/BandProfile	9	1896	18140	13692	src/band3/meta_band/BandProfile.cpp
default/Cam	10	1896	10152	6272	src/system/rndobj/Cam.cpp
default/StandardStream	16	1868	14124	7860	src/system/synth/StandardStream.cpp
default/Song	4	1864	14340	9948	src/system/utl/Song.cpp
default/TrackDir	23	1856	14752	8168	src/system/track/TrackDir.cpp
default/network/quazal/XboxLSP/Client/LSPBackEndServices	8	1856	1856	0	src/network/quazal/XboxLSP/Client/LSPBackEndServices.cpp
default/CharIKSliderMidi	12	1852	6812	2764	src/system/char/CharIKSliderMidi.cpp
default/network/quazal/SecureTransport/SecureStream	21	1852	1924	0	src/network/quazal/SecureTransport/SecureStream.cpp
default/CacheMgr_Xbox	10	1836	5256	3256	src/system/utl/CacheMgr_Xbox.cpp
default/CharBonesMeshes	17	1828	7260	3136	src/system/char/CharBonesMeshes.cpp
default/BandWardrobe	17	1812	33608	20340	src/system/bandobj/BandWardrobe.cpp
default/Lit_NG	7	1808	6704	1896	src/system/rndobj/Lit_NG.cpp
default/OverdriveMeter	15	1792	5396	2324	src/system/bandobj/OverdriveMeter.cpp
default/Leaderboard	11	1788	10888	6920	src/band3/meta_band/Leaderboard.cpp
default/CharBones	2	1768	11228	3356	src/system/char/CharBones.cpp
default/VocalNoteList	13	1764	8004	2212	src/system/beatmatch/VocalNoteList.cpp
default/Env	7	1760	14500	10276	src/system/rndobj/Env.cpp
default/UsbMidiKeyboard	18	1752	3452	536	src/system/os/UsbMidiKeyboard.cpp
default/band3/meta_band/ClosetMgr	13	1744	11928	9544	src/band3/meta_band/ClosetMgr.cpp
default/ContextChecker	21	1732	8428	5728	src/band3/meta_band/ContextChecker.cpp
default/TrackWatcherImpl	13	1728	15068	9140	src/system/beatmatch/TrackWatcherImpl.cpp
default/DataFunc	13	1724	34824	22580	src/system/obj/DataFunc.cpp
default/Flow	2	1676	3144	348	src/system/flow/Flow.cpp
default/band3/game/PerfectSectionTracker	4	1672	6760	2540	src/band3/game/PerfectSectionTracker.cpp
default/AppLabel	10	1668	21020	18684	src/band3/meta_band/AppLabel.cpp
default/CharClipDriver	9	1664	5612	3432	src/system/char/CharClipDriver.cpp
default/system/synth/Synth	4	1644	9364	5716	src/system/synth/Synth.cpp
default/RGUtl	11	1632	8220	4744	src/system/beatmatch/RGUtl.cpp
default/network/quazal/Session	1	1628	1628	0	src/network/quazal/Session.cpp
default/FlowValueCase	4	1624	2220	120	src/system/flow/FlowValueCase.cpp
default/ContentMgr	4	1624	3216	1244	src/system/os/ContentMgr.cpp
default/network/quazal/Services/Facades/Client/JobBackEndServicesLogout	3	1624	1624	0	src/network/quazal/Services/Facades/Client/JobBackEndServicesLogout.cpp
default/Char	7	1612	11568	8548	src/system/char/Char.cpp
default/band3/meta_band/CharCache	7	1612	4604	2280	src/band3/meta_band/CharCache.cpp
default/CharLipSync	10	1608	12108	6384	src/system/char/CharLipSync.cpp
default/system/synth/VoiceBeat	2	1608	2836	900	src/system/synth/VoiceBeat.cpp
default/system/beatmatch/GameGem	20	1596	2172	432	src/system/beatmatch/GameGem.cpp
default/FreestyleMoveRecorder	11	1588	1696	32	src/system/hamobj/FreestyleMoveRecorder.cpp
default/Instance	6	1580	13144	6820	src/system/world/Instance.cpp
default/Overlay	13	1576	4980	2680	src/system/rndobj/Overlay.cpp
default/system/rndobj/Rnd	10	1568	34660	18308	src/system/rndobj/Rnd.cpp
default/network/quazal/SessionClock/SessionClockDDL	13	1560	1560	0	src/network/quazal/SessionClock/SessionClockDDL.cpp
default/network/quazal/IDGeneratorDDL	14	1552	1552	0	src/network/quazal/IDGeneratorDDL.cpp
default/FixedSizeSaveable	13	1548	2764	1064	src/system/meta/FixedSizeSaveable.cpp
default/Cheats	7	1548	8072	5424	src/system/utl/Cheats.cpp
default/WaveFile	12	1544	4644	2620	src/system/utl/WaveFile.cpp
default/Geo	6	1540	13620	4148	src/system/math/Geo.cpp
default/MidiSynth	5	1540	10820	7576	src/system/synth/MidiSynth.cpp
default/network/quazal/DOClass	5	1540	1540	0	src/network/quazal/DOClass.cpp
default/network/quazal/PromotionRefereeDDL	12	1540	1540	0	src/network/quazal/PromotionRefereeDDL.cpp
default/Memory_Xbox	9	1536	3636	552	src/Memory_Xbox.cpp
default/BandMachineMgr	7	1536	10156	6868	src/band3/meta_band/BandMachineMgr.cpp
default/Archive	9	1528	11392	7156	src/system/os/Archive.cpp
default/network/Platform/MemoryManager	10	1528	2036	24	src/network/Platform/MemoryManager.cpp
default/system/synth/FxSend	10	1520	6212	4160	src/system/synth/FxSend.cpp
default/TypeProps	8	1508	3344	1368	src/system/obj/TypeProps.cpp
default/CharSignalApplier	17	1464	3208	832	src/system/char/CharSignalApplier.cpp
default/DataArray	8	1456	6124	4668	src/system/obj/DataArray.cpp
default/Rot	7	1444	9020	5392	src/system/math/Rot.cpp
default/network/quazal/DupSpace/DefaultCellDDL	15	1444	1444	0	src/network/quazal/DupSpace/DefaultCellDDL.cpp
default/CharIKRod	10	1440	6240	3156	src/system/char/CharIKRod.cpp
default/band3/game/Scoring	5	1440	6700	4508	src/band3/game/Scoring.cpp
default/VorbisReader	8	1428	4572	1580	src/system/synth/VorbisReader.cpp
default/band3/tour/TourCondition	9	1424	4224	2800	src/band3/tour/TourCondition.cpp
default/PracticePanel	5	1420	12924	8740	src/band3/game/PracticePanel.cpp
default/HDCache	3	1376	5904	2492	src/system/os/HDCache.cpp
default/UIEventMgr	13	1368	5728	3444	src/band3/meta_band/UIEventMgr.cpp
default/SongMgr	2	1364	8952	5864	src/system/meta/SongMgr.cpp
default/band3/meta_band/SongSort	7	1360	6240	3536	src/band3/meta_band/SongSort.cpp
default/LightPresetManager	10	1356	5652	2712	src/system/world/LightPresetManager.cpp
default/network/quazal/Core/Log	5	1356	1356	0	src/network/quazal/Core/Log.cpp
default/EntityUploader	8	1316	9036	7096	src/band3/net_band/EntityUploader.cpp
default/Tex	6	1272	7860	5596	src/system/rndobj/Tex.cpp
default/BandCrowdMeter	21	1256	14956	8056	src/system/bandobj/BandCrowdMeter.cpp
default/FlowNode	2	1244	3352	240	src/system/flow/FlowNode.cpp
default/HAQManager	5	1236	1876	40	src/system/meta/HAQManager.cpp
default/AssetTypes	10	1232	6176	4872	src/band3/meta_band/AssetTypes.cpp
default/BandScoreboard	14	1228	6652	3596	src/system/bandobj/BandScoreboard.cpp
default/Screenshot	13	1228	4940	1932	src/system/ui/Screenshot.cpp
default/PoolAlloc	8	1224	2116	568	src/system/utl/PoolAlloc.cpp
default/DOFProc_NG	2	1216	3080	1124	src/system/rndobj/DOFProc_NG.cpp
default/JsonUtils	11	1204	2100	800	src/system/net/JsonUtils.cpp
default/QuestFilterPanel	4	1200	7004	4520	src/band3/tour/QuestFilterPanel.cpp
default/network/quazal/AccountManagement/Client/JobLoginOrCreateAccount	3	1192	1192	0	src/network/quazal/AccountManagement/Client/JobLoginOrCreateAccount.cpp
default/system/synth/SynthSample	9	1188	4672	2220	src/system/synth/SynthSample.cpp
default/MakeString	10	1176	1856	172	src/system/utl/MakeString.cpp
default/GranularSynth	7	1176	3632	140	src/system/synth_xbox/GranularSynth.cpp
default/Faders	9	1176	7876	4980	src/system/synth/Faders.cpp
default/SelectDifficultyPanel	5	1172	7532	6348	src/band3/meta_band/SelectDifficultyPanel.cpp
default/CharMeshHide	11	1168	13652	6972	src/system/char/CharMeshHide.cpp
default/SyncStore	15	1164	4024	2740	src/network/net/SyncStore.cpp
default/TrackerUtils	5	1156	4252	1988	src/band3/game/TrackerUtils.cpp
default/network/quazal/RootDODDL	14	1156	1156	0	src/network/quazal/RootDODDL.cpp
default/band3/game/Tracker	9	1144	7028	5260	src/band3/game/Tracker.cpp
default/AccomplishmentConditional	5	1136	2476	916	src/band3/meta_band/AccomplishmentConditional.cpp
default/Loader	10	1132	4868	2308	src/system/utl/Loader.cpp
default/TrackWidget	8	1124	14664	11068	src/system/track/TrackWidget.cpp
default/network/quazal/SecureTransport/JobConnectSecureEndPoint	3	1116	1116	0	src/network/quazal/SecureTransport/JobConnectSecureEndPoint.cpp
default/MidiInstrument	13	1112	10824	7052	src/system/synth/MidiInstrument.cpp
default/CharPollGroup	6	1088	6024	3408	src/system/char/CharPollGroup.cpp
default/band3/meta_band/StoreMainPanel	5	1088	6964	4024	src/band3/meta_band/StoreMainPanel.cpp
default/Cache_Xbox	4	1080	9208	6364	src/system/utl/Cache_Xbox.cpp
default/OverdriveTracker	7	1080	5552	3288	src/band3/game/OverdriveTracker.cpp
default/GameConfig	5	1080	9692	7276	src/band3/game/GameConfig.cpp
default/network/quazal/Authentication/Client/AuthenticationClient	4	1080	1152	0	src/network/quazal/Authentication/Client/AuthenticationClient.cpp
default/TrackPanelDirBase	3	1068	9808	6860	src/system/bandobj/TrackPanelDirBase.cpp
default/network/quazal/Authentication/Client/TicketManager	2	1060	1060	0	src/network/quazal/Authentication/Client/TicketManager.cpp
default/network/quazal/XboxLSP/Client/JobLSPLoginBypassSG	1	1044	1044	0	src/network/quazal/XboxLSP/Client/JobLSPLoginBypassSG.cpp
default/band3/meta_band/StoreInfoPanel	6	1040	6676	4920	src/band3/meta_band/StoreInfoPanel.cpp
default/system/bandobj/ReviewDisplay	8	1040	3364	1840	src/system/bandobj/ReviewDisplay.cpp
default/Sequence	13	1036	24036	18772	src/system/synth/Sequence.cpp
default/Morph	4	1032	11592	6304	src/system/rndobj/Morph.cpp
default/Task	14	1024	11992	8508	src/system/obj/Task.cpp
default/network/quazal/Core/EventHandler	3	1020	1020	0	src/network/quazal/Core/EventHandler.cpp
default/FileCache	9	1012	9712	5816	src/system/os/FileCache.cpp
default/band3/meta_band/SessionMgr	3	1004	14060	12048	src/band3/meta_band/SessionMgr.cpp
default/network/quazal/SessionDiscovery/Interface/SessionDiscoveryTable	5	996	996	0	src/network/quazal/SessionDiscovery/Interface/SessionDiscoveryTable.cpp
default/Campaign	8	964	20196	15792	src/band3/meta_band/Campaign.cpp
default/StringTable	8	960	3116	1316	src/system/utl/StringTable.cpp
default/band3/meta_band/NewAssetProvider	5	960	1652	684	src/band3/meta_band/NewAssetProvider.cpp
default/DrivenPropertyEntry	15	948	2540	104	src/system/flow/DrivenPropertyEntry.cpp
default/ClipDistMap	6	948	2332	540	src/system/char/ClipDistMap.cpp
default/lsp	14	944	2664	792	src/system/oggvorbis/lsp.c
default/band3/bandtrack/Lyric	5	944	3592	2172	src/band3/bandtrack/Lyric.cpp
default/ShadowMap	1	940	1472	432	src/system/rndobj/ShadowMap.cpp
default/ContextWrapper	15	936	2960	1804	src/band3/net_band/ContextWrapper.cpp
default/StreamReceiver360	5	936	3200	2024	src/system/synth_xbox/StreamReceiver360.cpp
default/LayerDir	9	932	11536	7000	src/system/bandobj/LayerDir.cpp
default/Mat	8	928	8804	7288	src/system/rndobj/Mat.cpp
default/WaitingUserGate	7	924	5420	3552	src/band3/meta_band/WaitingUserGate.cpp
default/BandLabel	8	924	7376	4236	src/system/bandobj/BandLabel.cpp
default/network/quazal/MatchMaking/Client/MatchMakingClient	1	920	920	0	src/network/quazal/MatchMaking/Client/MatchMakingClient.cpp
default/HamMove	6	908	5720	3200	src/system/hamobj/HamMove.cpp
default/Spotlight	9	908	32700	14808	src/system/world/Spotlight.cpp
default/band3/game/TambourineManager	2	908	4740	3360	src/band3/game/TambourineManager.cpp
default/band3/game/TrainerGemTab	6	904	6740	4600	src/band3/game/TrainerGemTab.cpp
default/ChordbookPanel	4	900	13144	7244	src/band3/game/ChordbookPanel.cpp
default/system/rndobj/Movie	6	896	4212	3128	src/system/rndobj/Movie.cpp
default/ContentMgr_Xbox	8	888	8460	4728	src/system/os/ContentMgr_Xbox.cpp
default/system/beatmatch/BeatMaster	3	888	5028	3952	src/system/beatmatch/BeatMaster.cpp
default/SongPreview	3	888	4196	3308	src/system/meta/SongPreview.cpp
default/CharClipSet	5	884	11232	5172	src/system/char/CharClipSet.cpp
default/Joypad_Xbox	3	884	2948	1016	src/system/os/Joypad_Xbox.cpp
default/network/quazal/DOCoreTypes	2	884	884	0	src/network/quazal/DOCoreTypes.cpp
default/MeterDisplay	5	872	6920	5256	src/system/hamobj/MeterDisplay.cpp
default/trie	6	872	872	0	src/system/utl/trie.cpp
default/CharUpperTwist	12	864	3212	1492	src/system/char/CharUpperTwist.cpp
default/AsyncFile_Win	4	864	2088	824	src/system/os/AsyncFile_Win.cpp
default/BufStream	12	864	1532	504	src/system/utl/BufStream.cpp
default/LabelShrinkWrapper	4	864	4396	2340	src/system/ui/LabelShrinkWrapper.cpp
default/MetaMusic	6	856	10064	4976	src/system/synth/MetaMusic.cpp
default/system/synth/Utl	8	856	1256	400	src/system/synth/Utl.cpp
default/band3/meta_band/StandIn	8	848	1676	788	src/band3/meta_band/StandIn.cpp
default/StoreEnumeration	5	844	1912	992	src/system/meta/StoreEnumeration.cpp
default/JoypadMsgs	6	844	4504	3196	src/system/os/JoypadMsgs.cpp
default/TexMovie	4	836	5892	3240	src/system/movie/TexMovie.cpp
default/system/bandobj/BandFaceDeform	3	828	3488	844	src/system/bandobj/BandFaceDeform.cpp
default/band3/bandtrack/GemRepTemplate	6	824	5184	4012	src/band3/bandtrack/GemRepTemplate.cpp
default/FlowCommand	3	820	1892	952	src/system/flow/FlowCommand.cpp
default/band3/meta_band/StoreOfferProvider	7	820	11036	5860	src/band3/meta_band/StoreOfferProvider.cpp
default/PollAnim	4	808	3788	2500	src/system/rndobj/PollAnim.cpp
default/InlineHelp	3	788	11004	7964	src/system/ui/InlineHelp.cpp
default/CharIKMidi	6	788	5836	3188	src/system/char/CharIKMidi.cpp
default/DataArraySongInfo	4	784	6280	2780	src/system/meta/DataArraySongInfo.cpp
default/network/quazal/Transport/Interface/ConnectionManager	5	780	780	0	src/network/quazal/Transport/Interface/ConnectionManager.cpp
default/CharBlendBone	4	776	4348	1968	src/system/char/CharBlendBone.cpp
default/band3/meta_band/PrefabMgr	7	772	8260	4432	src/band3/meta_band/PrefabMgr.cpp
default/network/quazal/Authentication/Client/KerberosAuthentication	1	768	768	0	src/network/quazal/Authentication/Client/KerberosAuthentication.cpp
default/SetlistMergePanel	5	752	8280	6460	src/band3/meta_band/SetlistMergePanel.cpp
default/StreamReceiver	3	736	1616	776	src/system/synth/StreamReceiver.cpp
default/NetCacheMgr	14	728	4188	2396	src/system/utl/NetCacheMgr.cpp
default/band3/meta_band/MakeupProvider	5	724	1968	1244	src/band3/meta_band/MakeupProvider.cpp
default/network/quazal/SystemComponent	1	724	724	0	src/network/quazal/SystemComponent.cpp
default/network/quazal/Stack/Core/IOCompletionNotifier	3	716	716	0	src/network/quazal/Stack/Core/IOCompletionNotifier.cpp
default/UIListWidget	7	712	9500	7328	src/system/ui/UIListWidget.cpp
default/MainHubMessageProvider	5	708	2768	1908	src/band3/meta_band/MainHubMessageProvider.cpp
default/Str	8	704	4428	3544	src/system/utl/Str.cpp
default/Wind	5	704	2796	1936	src/system/rndobj/Wind.cpp
default/network/quazal/Competition/Client/CompetitionClient	1	704	704	0	src/network/quazal/Competition/Client/CompetitionClient.cpp
default/Msg	5	696	9124	6884	src/system/obj/Msg.cpp
default/Defines	11	692	2736	1180	src/band3/game/Defines.cpp
default/CharFaceServo	5	688	5400	3556	src/system/char/CharFaceServo.cpp
default/band3/meta_band/ManageBandPanel	4	684	8768	7356	src/band3/meta_band/ManageBandPanel.cpp
default/DataPointMgr	5	676	3160	2320	src/system/utl/DataPointMgr.cpp
default/CharGuitarString	6	660	3628	1956	src/system/char/CharGuitarString.cpp
default/framing	1	648	4148	3500	src/system/oggvorbis/framing.c
default/system/beatmatch/PhraseAnalyzer	6	648	3388	2268	src/system/beatmatch/PhraseAnalyzer.cpp
default/AsyncFile	4	632	3584	2320	src/system/os/AsyncFile.cpp
default/JoypadClient	2	628	3732	2916	src/system/os/JoypadClient.cpp
default/CharLipSyncDriver	6	624	10324	6628	src/system/char/CharLipSyncDriver.cpp
default/band3/meta_band/ContentLoadingPanel	5	620	3296	1808	src/band3/meta_band/ContentLoadingPanel.cpp
default/BandHighlight	3	620	6612	3988	src/system/bandobj/BandHighlight.cpp
default/ByteGrinder	7	616	12740	7712	src/system/synth/ByteGrinder.cpp
default/HttpGet	8	616	2540	1892	src/system/net/HttpGet.cpp
default/Color	6	612	1624	732	src/system/math/Color.cpp
default/network/quazal/Transport/Interface/TransportSignatureGenerator	4	612	612	0	src/network/quazal/Transport/Interface/TransportSignatureGenerator.cpp
default/Performer	4	608	11436	9392	src/band3/game/Performer.cpp
default/CymbalSelectionProvider	6	608	1436	788	src/band3/meta_band/CymbalSelectionProvider.cpp
default/AccomplishmentProgress	19	608	1128	344	src/band3/meta_band/AccomplishmentProgress.cpp
default/network/quazal/CallContext	1	608	608	0	src/network/quazal/CallContext.cpp
default/network/quazal/WorkerThreads	1	604	604	0	src/network/quazal/WorkerThreads.cpp
default/TourProgress	7	596	8708	4400	src/band3/tour/TourProgress.cpp
default/band3/game/BandUserMgr	4	596	10040	6484	src/band3/game/BandUserMgr.cpp
default/TourPerformer	4	580	5328	1808	src/band3/tour/TourPerformer.cpp
default/AccomplishmentDiscSongConditional	8	580	3016	1500	src/band3/meta_band/AccomplishmentDiscSongConditional.cpp
default/CharNeckTwist	6	572	2760	1104	src/system/char/CharNeckTwist.cpp
default/UITransitionHandler	9	564	2348	1012	src/system/ui/UITransitionHandler.cpp
default/CharInterest	2	552	4888	3732	src/system/char/CharInterest.cpp
default/system/bandobj/BandHeadShaper	6	552	6156	2940	src/system/bandobj/BandHeadShaper.cpp
default/network/quazal/Transport/UDP/PacketOut	4	552	552	0	src/network/quazal/Transport/UDP/PacketOut.cpp
default/network/quazal/DupSpace/DupSpaceExtension	2	548	548	0	src/network/quazal/DupSpace/DupSpaceExtension.cpp
default/system/bandobj/BandButton	5	544	4720	3956	src/system/bandobj/BandButton.cpp
default/network/quazal/Transport/Interface/XboxConnectivityTester	4	544	544	0	src/network/quazal/Transport/Interface/XboxConnectivityTester.cpp
default/HamCharacter	10	540	1028	260	src/system/hamobj/HamCharacter.cpp
default/SpotlightDrawer_NG	2	540	13132	6544	src/system/world/SpotlightDrawer_NG.cpp
default/CharEyeDartRuleset	6	536	4376	3124	src/system/char/CharEyeDartRuleset.cpp
default/Emitter	2	536	4028	3024	src/system/synth/Emitter.cpp
default/BeatMatchController	10	536	1712	416	src/system/beatmatch/BeatMatchController.cpp
default/Key	2	532	1284	752	src/system/math/Key.cpp
default/network/quazal/Job	1	532	532	0	src/network/quazal/Job.cpp
default/ScreenMask	2	528	3464	2448	src/system/rndobj/ScreenMask.cpp
default/band3/game/TrackerDisplay	3	528	15052	13356	src/band3/game/TrackerDisplay.cpp
default/CharData	4	524	3212	1856	src/band3/meta_band/CharData.cpp
default/Symbol	6	524	3776	2964	src/system/utl/Symbol.cpp
default/network/quazal/SecureTransport/SecureEndPoint	1	524	524	0	src/network/quazal/SecureTransport/SecureEndPoint.cpp
default/network/quazal/Transport/Interface/HighLevelStream	2	524	524	0	src/network/quazal/Transport/Interface/HighLevelStream.cpp
default/HamDirector	3	520	668	148	src/system/hamobj/HamDirector.cpp
default/PlatformMgr	7	520	7472	3156	src/system/os/PlatformMgr.cpp
default/OriginalChoreoRemixer	3	516	2052	164	src/system/hamobj/OriginalChoreoRemixer.cpp
default/system/beatmatch/DrumMixDB	3	516	2616	1492	src/system/beatmatch/DrumMixDB.cpp
default/LitAnim	2	512	3272	2508	src/system/rndobj/LitAnim.cpp
default/MemTrack	4	512	1988	932	src/system/utl/MemTrack.cpp
default/Object	5	508	6588	4332	src/system/obj/Object.cpp
default/network/quazal/Foundation/Transport/StreamManager	1	508	508	0	src/network/quazal/Foundation/Transport/StreamManager.cpp
default/system/ui/UIProxy	4	504	5060	3496	src/system/ui/UIProxy.cpp
default/TransProxy	3	500	2352	1744	src/system/rndobj/TransProxy.cpp
default/system/bandobj/DialogDisplay	3	500	3280	856	src/system/bandobj/DialogDisplay.cpp
default/PracticeSection	6	496	3404	500	src/system/hamobj/PracticeSection.cpp
default/EventAnim	8	496	5268	2808	src/system/world/EventAnim.cpp
default/band3/game/PracticeSectionProvider	7	488	4556	3444	src/band3/game/PracticeSectionProvider.cpp
default/FilterVersion	3	484	612	64	src/system/hamobj/FilterVersion.cpp
default/Profiler	2	480	624	144	src/system/utl/Profiler.cpp
default/SessionMessages	2	480	5344	3996	src/network/net/SessionMessages.cpp
default/PitchArrow	2	480	13896	8708	src/system/bandobj/PitchArrow.cpp
default/BandUI	7	476	19940	18604	src/band3/meta_band/BandUI.cpp
default/UISlider	4	476	7280	4528	src/system/ui/UISlider.cpp
default/MeasureMap	8	472	1596	612	src/system/utl/MeasureMap.cpp
default/FlowSwitchCase	3	472	540	0	src/system/flow/FlowSwitchCase.cpp
default/CharTaskMgr	2	472	532	0	src/system/char/CharTaskMgr.cpp
default/network/quazal/Authentication/Client/JobTicketManagerAcquireTicket	1	468	468	0	src/network/quazal/Authentication/Client/JobTicketManagerAcquireTicket.cpp
default/UIScreen	3	464	8800	6936	src/system/ui/UIScreen.cpp
default/RhythmBattle	1	464	944	0	src/system/hamobj/RhythmBattle.cpp
default/BandRetargetVignette	3	460	5304	3416	src/system/bandobj/BandRetargetVignette.cpp
default/SongLayout	6	456	4136	576	src/system/hamobj/SongLayout.cpp
default/band3/meta_band/CharProvider	13	456	6380	4260	src/band3/meta_band/CharProvider.cpp
default/band3/meta_band/LockStepMgr	1	456	7124	6116	src/band3/meta_band/LockStepMgr.cpp
default/BeatMap	2	452	1568	1032	src/system/utl/BeatMap.cpp
default/StubCameraInput	2	452	452	0	src/system/gesture/StubCameraInput.cpp
default/CharServoBone	8	452	6788	4480	src/system/char/CharServoBone.cpp
default/AccomplishmentSongFilterConditional	3	448	2668	2220	src/band3/meta_band/AccomplishmentSongFilterConditional.cpp
default/Draw	1	444	5784	5032	src/system/rndobj/Draw.cpp
default/system/world/Dir	2	440	1556	120	src/system/world/Dir.cpp
default/system/dsp/VibratoDetector	2	436	744	308	src/system/dsp/VibratoDetector.cpp
default/UIPicture	3	432	5388	4016	src/system/ui/UIPicture.cpp
default/network/quazal/JobProcessJoinRequest	1	432	432	0	src/network/quazal/JobProcessJoinRequest.cpp
default/ArkFile	1	428	1404	788	src/system/os/ArkFile.cpp
default/Flare	1	428	6808	4756	src/system/rndobj/Flare.cpp
default/FileMergerOrganizer	1	424	4444	2932	src/system/char/FileMergerOrganizer.cpp
default/NoteTube	3	424	1936	1192	src/system/bandobj/NoteTube.cpp
default/mtx	3	420	3472	1924	src/system/math/mtx.cpp
default/system/rndobj/MotionBlur	1	420	3564	3028	src/system/rndobj/MotionBlur.cpp
default/AccomplishmentPlayerConditional	10	420	8068	7528	src/band3/meta_band/AccomplishmentPlayerConditional.cpp
default/band3/meta_band/CurrentOutfitProvider	3	420	1432	500	src/band3/meta_band/CurrentOutfitProvider.cpp
default/CharForeTwist	4	416	2668	1180	src/system/char/CharForeTwist.cpp
default/NetCacheMgr_Xbox	1	408	1620	624	src/system/utl/NetCacheMgr_Xbox.cpp
default/OnlineID	3	404	1260	540	src/system/os/OnlineID.cpp
default/KeyboardTrackWatcherImpl	1	400	3456	2212	src/system/beatmatch/KeyboardTrackWatcherImpl.cpp
default/CharPosConstraint	2	400	3168	2400	src/system/char/CharPosConstraint.cpp
default/network/quazal/CallContextRegister	1	400	400	0	src/network/quazal/CallContextRegister.cpp
default/PerformanceData	4	388	5444	4044	src/band3/meta_band/PerformanceData.cpp
default/UITrigger	3	384	5100	4072	src/system/ui/UITrigger.cpp
default/VirtualKeyboard	1	384	2124	1740	src/system/os/VirtualKeyboard.cpp
default/Tail	2	384	3212	1764	src/band3/bandtrack/Tail.cpp
default/network/quazal/Foundation/JobTerminateFacade	1	384	384	0	src/network/quazal/Foundation/JobTerminateFacade.cpp
default/network/quazal/DOClassesTable	1	376	376	0	src/network/quazal/DOClassesTable.cpp
default/MapFile_Xbox	1	372	2836	1936	src/system/os/MapFile_Xbox.cpp
default/system/synth_xbox/SampleInst360	3	372	772	272	src/system/synth_xbox/SampleInst360.cpp
default/UTF8	3	368	2388	2020	src/system/utl/UTF8.cpp
default/GuitarFx	10	368	3560	3108	src/band3/game/GuitarFx.cpp
default/Achievements	3	360	1464	828	src/system/meta/Achievements.cpp
default/network/quazal/Core/StringConverter	3	356	356	0	src/network/quazal/Core/StringConverter.cpp
default/BinStream	6	352	2192	1836	src/system/utl/BinStream.cpp
default/network/quazal/Transport/Routing/RoutingStream	3	352	352	0	src/network/quazal/Transport/Routing/RoutingStream.cpp
default/MoveAsyncDetector	2	348	1208	560	src/system/hamobj/MoveAsyncDetector.cpp
default/band3/meta_band/LessonMgr	7	348	4652	1460	src/band3/meta_band/LessonMgr.cpp
default/CriticalUserListener	4	344	2240	1896	src/band3/meta_band/CriticalUserListener.cpp
default/TDStretch	4	344	7496	7112	src/system/synth_xbox/soundtouch/source/SoundTouch/TDStretch.cpp
default/RenderState	1	344	1888	756	src/system/rnddx9/RenderState.cpp
default/band3/game/PerfectOverdriveTracker	1	344	6744	3332	src/band3/game/PerfectOverdriveTracker.cpp
default/ColorPalette	1	340	1048	80	src/system/world/ColorPalette.cpp
default/band3/meta_band/AccomplishmentTourConditional	3	336	1072	652	src/band3/meta_band/AccomplishmentTourConditional.cpp
default/DataEventList	1	324	4256	2632	src/system/midi/DataEventList.cpp
default/TrackerManager	5	324	6088	5144	src/band3/game/TrackerManager.cpp
default/CharLookAt	8	320	8908	4812	src/system/char/CharLookAt.cpp
default/CamAnim	3	316	3832	1888	src/system/rndobj/CamAnim.cpp
default/network/quazal/Compression/ZLib/ZLibCompression	1	316	316	0	src/network/quazal/Compression/ZLib/ZLibCompression.cpp
default/TexBlendController	4	312	4384	3136	src/system/rndobj/TexBlendController.cpp
default/UIListMesh	3	312	2324	1536	src/system/ui/UIListMesh.cpp
default/Chunks	2	308	2040	1732	src/system/utl/Chunks.cpp
default/band3/game/Game	1	308	14608	10820	src/band3/game/Game.cpp
default/MercurySwitchFilter	3	300	1380	1064	src/system/beatmatch/MercurySwitchFilter.cpp
default/Common_Xbox	2	300	500	152	src/system/synth/Common_Xbox.cpp
default/BustAMoveData	2	296	568	100	src/system/hamobj/BustAMoveData.cpp
default/band3/meta_band/SongRecord	3	296	6524	5592	src/band3/meta_band/SongRecord.cpp
default/network/quazal/Encryption/RC4/RC4Encryption	3	296	296	0	src/network/quazal/Encryption/RC4/RC4Encryption.cpp
default/CharDriverMidi	3	292	5008	3652	src/system/char/CharDriverMidi.cpp
default/CharWeightSetter	1	288	6088	4248	src/system/char/CharWeightSetter.cpp
default/CharBonesSamples	4	288	8748	3008	src/system/char/CharBonesSamples.cpp
default/SongMetadata	2	288	3172	2884	src/system/meta/SongMetadata.cpp
default/Lit	4	288	9860	7464	src/system/rndobj/Lit.cpp
default/system/synth/FxSendReverb	1	288	2824	2412	src/system/synth/FxSendReverb.cpp
default/ClipCollide	4	288	336	40	src/system/char/ClipCollide.cpp
default/network/Plugins/Checksum/MD5/MD5	2	288	7080	724	src/network/Plugins/Checksum/MD5/MD5.cpp
default/network/quazal/SystemComponents	1	288	288	0	src/network/quazal/SystemComponents.cpp
default/network/quazal/Services/Facades/Client/JobBackEndServicesTerminate	1	284	284	0	src/network/quazal/Services/Facades/Client/JobBackEndServicesTerminate.cpp
default/Synapse_dsp	8	280	9252	3660	src/system/synth_xbox/Synapse_dsp.cpp
default/network/Platform/BandwidthCounter	1	280	932	332	src/network/Platform/BandwidthCounter.cpp
default/system/beatmatch/PhraseList	3	280	1092	616	src/system/beatmatch/PhraseList.cpp
default/FlowIf	3	276	892	136	src/system/flow/FlowIf.cpp
default/MidiParserMgr	4	276	5336	4160	src/system/midi/MidiParserMgr.cpp
default/DirUnloader	3	276	1612	644	src/system/obj/DirUnloader.cpp
default/GemSmasher	8	276	2920	1736	src/band3/bandtrack/GemSmasher.cpp
default/LabelNumberTicker	3	272	5996	2808	src/system/ui/LabelNumberTicker.cpp
default/WahEffect	1	272	1236	204	src/system/synth/WahEffect.cpp
default/CampaignLevel	3	272	2100	816	src/band3/meta_band/CampaignLevel.cpp
default/UIComponent	4	264	12324	9416	src/system/ui/UIComponent.cpp
default/PhysicsManager	2	260	292	32	src/system/world/PhysicsManager.cpp
default/HamSupereasyData	4	260	260	0	src/system/hamobj/HamSupereasyData.cpp
default/ThreadCall_Win	1	252	848	596	src/system/os/ThreadCall_Win.cpp
default/CharIKFoot	1	252	4224	2360	src/system/char/CharIKFoot.cpp
default/HeadsetXferEffect	3	248	804	456	src/system/synth_xbox/HeadsetXferEffect.cpp
default/system/synth_xbox/Synth	3	248	15932	12152	src/system/synth_xbox/Synth.cpp
default/SongInfoCopy	3	248	4992	3240	src/system/utl/SongInfoCopy.cpp
default/band3/meta_band/LicenseMgr	3	248	4688	2476	src/band3/meta_band/LicenseMgr.cpp
default/network/quazal/Transport/UDP/PacketIn	3	248	248	0	src/network/quazal/Transport/UDP/PacketIn.cpp
default/SongSortMgr	4	240	17776	11868	src/band3/meta_band/SongSortMgr.cpp
default/UIListProvider	1	232	1192	760	src/system/ui/UIListProvider.cpp
default/SampleInst	2	232	1040	444	src/system/synth/SampleInst.cpp
default/CameraInput	1	232	240	8	src/system/gesture/CameraInput.cpp
default/band3/meta_band/AppMiniLeaderboardDisplay	4	232	5168	4464	src/band3/meta_band/AppMiniLeaderboardDisplay.cpp
default/network/quazal/ChangeDupSetOperation	1	232	232	0	src/network/quazal/ChangeDupSetOperation.cpp
default/network/quazal/Core/BitStream	3	232	232	0	src/network/quazal/Core/BitStream.cpp
default/UIListCustom	1	228	2400	1652	src/system/ui/UIListCustom.cpp
default/network/quazal/RMCContext	1	228	228	0	src/network/quazal/RMCContext.cpp
default/Gen	6	224	9844	6940	src/system/rndobj/Gen.cpp
default/FlowEventListener	2	224	224	0	src/system/flow/FlowEventListener.cpp
default/EnvAnim	3	224	4480	2916	src/system/rndobj/EnvAnim.cpp
default/ChunkStream	2	220	5196	3956	src/system/utl/ChunkStream.cpp
default/network/quazal/StepSequenceJob	1	220	220	0	src/network/quazal/StepSequenceJob.cpp
default/network/quazal/SessionClock/SessionClockExtension	1	220	220	0	src/network/quazal/SessionClock/SessionClockExtension.cpp
default/UserMgr	1	216	1132	700	src/system/os/UserMgr.cpp
default/OSCMessenger	2	216	644	0	src/system/utl/OSCMessenger.cpp
default/ssluse	1	216	216	0	src/system/net/curl/lib/ssluse.c
default/User	2	212	2596	2292	src/system/os/User.cpp
default/UIListSlot	2	208	3908	2348	src/system/ui/UIListSlot.cpp
default/band3/meta_band/AccomplishmentTrainerListConditional	2	208	848	628	src/band3/meta_band/AccomplishmentTrainerListConditional.cpp
default/MicClientMapper	5	204	1660	832	src/system/synth/MicClientMapper.cpp
default/UIColor	3	200	1268	896	src/system/ui/UIColor.cpp
default/FlowTrigger	1	200	872	212	src/system/flow/FlowTrigger.cpp
default/RGGemMatcher	2	200	2168	1508	src/system/beatmatch/RGGemMatcher.cpp
default/band3/meta_band/AccomplishmentLessonSongListConditional	2	200	520	60	src/band3/meta_band/AccomplishmentLessonSongListConditional.cpp
default/network/quazal/Core/ObjectThreadRoot	1	200	200	0	src/network/quazal/Core/ObjectThreadRoot.cpp
default/network/quazal/ChangeMasterStationOperation	1	200	200	0	src/network/quazal/ChangeMasterStationOperation.cpp
default/UIListSubList	2	196	3380	2596	src/system/ui/UIListSubList.cpp
default/network/quazal/Foundation/Client/ClientStreamManager	1	196	196	0	src/network/quazal/Foundation/Client/ClientStreamManager.cpp
default/SynapseAPO	2	192	1332	548	src/system/synth_xbox/SynapseAPO.cpp
default/HamNavProvider	2	192	2332	140	src/system/hamobj/HamNavProvider.cpp
default/CharBone	3	192	7800	5356	src/system/char/CharBone.cpp
default/CharUtl	1	188	3380	2788	src/system/char/CharUtl.cpp
default/network/quazal/DupSpace/MatchOperation	1	188	188	0	src/network/quazal/DupSpace/MatchOperation.cpp
default/ShaderOptions	2	184	4180	904	src/system/rndobj/ShaderOptions.cpp
default/CDReader	1	184	868	40	src/system/os/CDReader.cpp
default/TexLoadPanel	2	184	4308	3748	src/band3/meta_band/TexLoadPanel.cpp
default/network/quazal/ProtocolRequestBroker	1	184	184	0	src/network/quazal/ProtocolRequestBroker.cpp
default/CharMirror	1	180	4512	2748	src/system/char/CharMirror.cpp
default/band3/game/UITransitionNetMsgs	2	180	1612	1416	src/band3/game/UITransitionNetMsgs.cpp
default/CharSleeve	1	176	5252	2468	src/system/char/CharSleeve.cpp
default/network/quazal/JobListenOnWellKnown	1	176	176	0	src/network/quazal/JobListenOnWellKnown.cpp
default/network/quazal/GlobalDiscovery/GlobalDiscoveryExtension	1	176	176	0	src/network/quazal/GlobalDiscovery/GlobalDiscoveryExtension.cpp
default/BlockMgr	2	172	5460	3724	src/system/os/BlockMgr.cpp
default/DistortionEffect	2	168	208	40	src/system/synth/DistortionEffect.cpp
default/FilePath	2	164	1224	440	src/system/utl/FilePath.cpp
default/network/quazal/ParticipationManager	1	164	164	0	src/network/quazal/ParticipationManager.cpp
default/UIListArrow	3	160	2500	2032	src/system/ui/UIListArrow.cpp
default/AllocInfo	2	160	620	456	src/system/utl/AllocInfo.cpp
default/network/quazal/Core/StringStream	1	160	160	0	src/network/quazal/Core/StringStream.cpp
default/HamCamShot	1	156	156	0	src/system/hamobj/HamCamShot.cpp
default/BandSongPref	1	156	1280	1048	src/system/bandobj/BandSongPref.cpp
default/system/beatmatch/BeatMatchUtl	4	156	764	524	src/system/beatmatch/BeatMatchUtl.cpp
default/CheckboxDisplay	2	152	3128	2580	src/system/bandobj/CheckboxDisplay.cpp
default/band3/meta_band/UGCPurchasePanel	3	152	4572	3316	src/band3/meta_band/UGCPurchasePanel.cpp
default/system/synth/FxSendSynapse	7	148	2696	2472	src/system/synth/FxSendSynapse.cpp
default/File_Win	1	148	616	324	src/system/os/File_Win.cpp
default/UIListHighlight	2	144	1680	1308	src/system/ui/UIListHighlight.cpp
default/system/beatmatch/DrumMap	1	144	144	0	src/system/beatmatch/DrumMap.cpp
default/FreeCamera	1	140	2696	1288	src/system/world/FreeCamera.cpp
default/CreditsPanel	2	140	3920	2552	src/system/meta/CreditsPanel.cpp
default/AsyncTask	1	136	328	184	src/system/os/AsyncTask.cpp
default/HamIKSkeleton	1	136	760	236	src/system/hamobj/HamIKSkeleton.cpp
default/Metronome	4	136	772	396	src/band3/game/Metronome.cpp
default/Joypad_Xinput	3	132	1756	640	src/system/os/Joypad_Xinput.cpp
default/PostProcer	1	132	412	124	src/system/world/PostProcer.cpp
default/network/quazal/Competition/Protocol/TournamentDDL	1	132	132	0	src/network/quazal/Competition/Protocol/TournamentDDL.cpp
default/network/quazal/MatchMaking/Protocol/GameSessionDDL	1	132	132	0	src/network/quazal/MatchMaking/Protocol/GameSessionDDL.cpp
default/Rand	2	128	1792	904	src/system/math/Rand.cpp
default/SpectralAnalysis	1	128	2428	1168	src/system/synth_xbox/SpectralAnalysis.cpp
default/AccomplishmentSetlist	4	128	1060	836	src/band3/meta_band/AccomplishmentSetlist.cpp
default/system/hamobj/MiniLeaderboardDisplay	2	128	2168	1744	src/system/hamobj/MiniLeaderboardDisplay.cpp
default/PanelDir	3	124	12584	8848	src/system/ui/PanelDir.cpp
default/Graph	1	124	1752	1080	src/system/rndobj/Graph.cpp
default/CharBoneOffset	2	124	2372	1720	src/system/char/CharBoneOffset.cpp
default/NetGameMsgs	3	124	10780	7844	src/band3/game/NetGameMsgs.cpp
default/band3/meta_band/PassiveMessenger	1	124	18036	17256	src/band3/meta_band/PassiveMessenger.cpp
default/system/beatmatch/SlotChannelMapping	4	124	2672	1592	src/system/beatmatch/SlotChannelMapping.cpp
default/network/quazal/LocalClock	1	124	124	0	src/network/quazal/LocalClock.cpp
default/PartLauncher	3	120	10680	9200	src/system/rndobj/PartLauncher.cpp
default/StorePreviewMgr	3	120	3744	2612	src/system/meta/StorePreviewMgr.cpp
default/ButtonHolder	2	120	6652	5932	src/system/meta/ButtonHolder.cpp
default/UIStats	4	120	4092	1172	src/band3/meta_band/UIStats.cpp
default/system/ui/UIGridProvider	3	120	1976	1340	src/system/ui/UIGridProvider.cpp
default/ADSR	5	116	1416	1228	src/system/synth/ADSR.cpp
default/band3/game/VocalGuidePitch	2	116	1768	1016	src/band3/game/VocalGuidePitch.cpp
default/network/quazal/Foundation/Protocol/DataDDL	1	116	116	0	src/network/quazal/Foundation/Protocol/DataDDL.cpp
default/Console	1	112	13000	9936	src/system/rndobj/Console.cpp
default/Watcher	1	112	1492	752	src/system/rndobj/Watcher.cpp
default/CharIKHead	1	112	9456	5500	src/system/char/CharIKHead.cpp
default/Font3d	1	112	1308	988	src/system/rndobj/Font3d.cpp
default/SongCollision	1	112	1640	580	src/system/hamobj/SongCollision.cpp
default/system/synth_xbox/FxSendPitchShift	2	112	188	0	src/system/synth_xbox/FxSendPitchShift.cpp
default/OverdriveTimeTracker	1	112	1488	1116	src/band3/game/OverdriveTimeTracker.cpp
default/FixedSizeSaveableStream	2	108	1360	1060	src/system/meta/FixedSizeSaveableStream.cpp
default/UIButton	1	108	1436	1216	src/system/ui/UIButton.cpp
default/FitnessFilter	1	108	1080	68	src/system/gesture/FitnessFilter.cpp
default/MultiTempoTempoMap	1	108	2996	1896	src/system/utl/MultiTempoTempoMap.cpp
default/BaseMaterial	1	104	4012	2828	src/system/rndobj/BaseMaterial.cpp
default/MetaMaterial	3	104	500	0	src/system/rndobj/MetaMaterial.cpp
default/NetworkSocket_Win	1	100	2248	2012	src/system/os/NetworkSocket_Win.cpp
default/network/quazal/Core/Platform	1	100	100	0	src/network/quazal/Core/Platform.cpp
default/network/quazal/Foundation/Protocol/NotificationEventManager	1	100	100	0	src/network/quazal/Foundation/Protocol/NotificationEventManager.cpp
default/Spline	1	96	308	0	src/system/rndobj/Spline.cpp
default/CharIKHand	1	96	4312	2056	src/system/char/CharIKHand.cpp
default/CharFeedback	1	96	1220	380	src/system/hamobj/CharFeedback.cpp
default/band3/bandtrack/Track	1	96	5108	4392	src/band3/bandtrack/Track.cpp
default/system/os/UsbMidiGuitar	2	96	3296	1300	src/system/os/UsbMidiGuitar.cpp
default/system/bandobj/UnisonIcon	1	96	2908	2800	src/system/bandobj/UnisonIcon.cpp
default/network/quazal/MatchMaking/Protocol/DynamicGatheringDDL	1	96	96	0	src/network/quazal/MatchMaking/Protocol/DynamicGatheringDDL.cpp
default/network/quazal/Competition/Protocol/CompetitionDDL	1	96	96	0	src/network/quazal/Competition/Protocol/CompetitionDDL.cpp
default/network/quazal/MatchMaking/Protocol/GatheringDDL	1	96	96	0	src/network/quazal/MatchMaking/Protocol/GatheringDDL.cpp
default/network/quazal/Stack/Core/BerkeleySocketDriver	1	96	96	0	src/network/quazal/Stack/Core/BerkeleySocketDriver.cpp
default/DateTime	1	88	2512	1552	src/system/os/DateTime.cpp
default/GuitarTrackWatcherImpl	2	84	1232	1148	src/system/beatmatch/GuitarTrackWatcherImpl.cpp
default/SessionUsersProviders	1	76	2368	1696	src/band3/meta_band/SessionUsersProviders.cpp
default/Profile	1	76	1260	1184	src/system/meta/Profile.cpp
default/System	1	72	496	424	src/system/os/System.cpp
default/PartAnim	1	72	7788	5572	src/system/rndobj/PartAnim.cpp
default/NetworkEmulator	1	72	2464	1848	src/network/net/NetworkEmulator.cpp
default/system/midi/MidiReceiver	1	72	104	24	src/system/midi/MidiReceiver.cpp
default/network/quazal/Core/MutexPrimitive	1	72	72	0	src/network/quazal/Core/MutexPrimitive.cpp
default/Interp	1	68	1744	1116	src/system/math/Interp.cpp
default/DataFlex	1	68	2636	900	src/system/obj/DataFlex.c
default/PeakDetector	1	68	1284	0	src/system/synth_xbox/PeakDetector.cpp
default/aes	3	68	12812	12744	src/system/synth/tomcrypt/aes.c
default/SkeletonUpdate	1	68	156	8	src/system/gesture/SkeletonUpdate.cpp
default/band3/meta_band/CampaignGoalsLeaderboardChoicePanel	1	68	3944	3128	src/band3/meta_band/CampaignGoalsLeaderboardChoicePanel.cpp
default/MoviePanel	2	64	7656	4356	src/system/meta/MoviePanel.cpp
default/PlayerLeaderboards	2	64	2000	1500	src/band3/meta_band/PlayerLeaderboards.cpp
default/osfinfo	1	52	1296	152	src/xdk/LIBCMT/osfinfo.cpp
default/band3/meta_band/ProfileAssets	1	52	1556	1344	src/band3/meta_band/ProfileAssets.cpp
default/UIPanel	2	40	7940	7752	src/system/ui/UIPanel.cpp
default/Locale	2	40	2380	556	src/system/utl/Locale.cpp
default/HamScrollSpeedIndicator	1	40	188	36	src/system/hamobj/HamScrollSpeedIndicator.cpp
default/ThreeDSoundManager	1	40	164	0	src/system/world/ThreeDSoundManager.cpp
default/system/synth_xbox/FxSendSynapse	1	40	548	80	src/system/synth_xbox/FxSendSynapse.cpp
default/BinkReader	1	40	40	0	src/system/synth/BinkReader.cpp
default/system/gesture/DrawUtl	1	40	132	0	src/system/gesture/DrawUtl.cpp
default/MicInputArrow	2	40	5536	3416	src/system/bandobj/MicInputArrow.cpp
default/ScrollbarDisplay	1	40	7576	6844	src/system/bandobj/ScrollbarDisplay.cpp
default/band3/game/BandPerformer	1	40	3824	3148	src/band3/game/BandPerformer.cpp
default/HxGuid	2	36	548	512	src/system/utl/HxGuid.cpp
default/rtti	1	36	2132	328	src/xdk/LIBCMT/rtti.cpp
default/keygen_xbox	1	32	2452	156	src/keygen_xbox.cpp
default/RGState	2	32	372	216	src/system/beatmatch/RGState.cpp
default/PlayerDiffIcon	2	28	4872	2900	src/system/bandobj/PlayerDiffIcon.cpp
default/Memcard	1	24	564	408	src/system/os/Memcard.cpp
default/Bitmap	1	20	10348	7524	src/system/rndobj/Bitmap.cpp
default/system/synth_xbox/FxSendMeterEffect	2	16	1508	1328	src/system/synth_xbox/FxSendMeterEffect.cpp
default/system/synth_xbox/SynthSample	1	16	464	432	src/system/synth_xbox/SynthSample.cpp
default/StarDisplay	1	12	9544	8264	src/system/bandobj/StarDisplay.cpp
default/LightHue	1	12	9528	7396	src/system/world/LightHue.cpp
default/band3/meta_band/SetlistToStorePanel	1	12	2876	2004	src/band3/meta_band/SetlistToStorePanel.cpp
default/band3/meta_band/StoreSongSortNode	1	12	2076	2064	src/band3/meta_band/StoreSongSortNode.cpp
default/System_Xbox	1	8	96	88	src/system/os/System_Xbox.cpp
default/OvershellPartSelectProvider	1	0	3488	2204	src/band3/meta_band/OvershellPartSelectProvider.cpp
default/TrackWatcher	1	0	2824	2732	src/system/beatmatch/TrackWatcher.cpp
default/HamRibbon	1	0	636	216	src/system/hamobj/HamRibbon.cpp
default/HamListRibbon	1	0	1068	652	src/system/hamobj/HamListRibbon.cpp
default/Mat_NG	2	0	5352	1884	src/system/rndobj/Mat_NG.cpp
default/DataUtl	1	0	2608	2544	src/system/obj/DataUtl.cpp
default/band3/meta_band/NetSync	1	0	12844	12668	src/band3/meta_band/NetSync.cpp
default/StreakTracker	1	0	5408	5280	src/band3/game/StreakTracker.cpp
default/band3/game/ScoreTracker	1	0	732	732	src/band3/game/ScoreTracker.cpp
default/SongSortByArtist	1	0	3696	2784	src/band3/meta_band/SongSortByArtist.cpp
default/SongSortByDiff	1	0	1548	1388	src/band3/meta_band/SongSortByDiff.cpp
default/SongSortByRank	3	0	5640	4732	src/band3/meta_band/SongSortByRank.cpp
default/SongSortByRecent	1	0	3424	3264	src/band3/meta_band/SongSortByRecent.cpp
default/SongSortBySong	2	0	1744	1204	src/band3/meta_band/SongSortBySong.cpp
default/SongSortByStars	1	0	2368	2208	src/band3/meta_band/SongSortByStars.cpp
default/SongSortByReview	1	0	2664	2344	src/band3/meta_band/SongSortByReview.cpp
default/PhysicsVolume	1	0	32	32	src/system/world/PhysicsVolume.cpp
default/band3/tour/TourChar	1	0	1732	1708	src/band3/tour/TourChar.cpp
default/band3/tour/TourChallengeResultsPanel	1	0	2748	1284	src/band3/tour/TourChallengeResultsPanel.cpp
