solo_closable_B	solo_rows	sites	strength	retail_S	ours_F	units	victim_rows
8212	6	9	F_ungraded	??A?$map@VCRC@Hmx@@MU?$less@VCRC@Hmx@@@stlpmtx_std@@V?$StlNodeAlloc@U?$pair@$$CBVCRC@Hmx@@M@stlpmtx_std@@@4@@stlpmtx_std@@QAAAAMABVCRC@Hmx@@@Z	??A?$map@HMU?$less@H@stlpmtx_std@@V?$StlNodeAlloc@U?$pair@$$CBHM@stlpmtx_std@@@2@@stlpmtx_std@@QAAAAMABH@Z	default/BandList;default/SongData;default/VocalTrackDir	??$?5HM@@YAAAVBinStream@@AAV0@AAV?$map@HMU?$less@H@stlpmtx_std@@V?$StlNodeAlloc@U?$pair@$$CBHM@stlpmtx_std@@@2@@stlpmtx_std@@@Z;?AddRangeShift@SongData@@UAAXHM@Z;?StartConcealAnim@BandList@@QAAXHAAVTransform@@@Z;?StartPulseAnim@BandList@@QAAXH@Z
6060	20	38	F_ungraded	?Terminate@Movie@@SAXXZ	?MsToTick@@YAMM@Z	default/FocusTracker;default/GemManager;default/GemPlayer;default/GemTrack	?BuildScrollingDeployZone@VocalTrack@@QAAXHABU?$pair@MM@stlpmtx_std@@@Z;?BuildStaticDeployZone@VocalTrack@@QAAXHABU?$pair@MM@stlpmtx_std@@MAAMAAV?$deque@VLyricShift@VocalTrack@@V?$StlNodeAlloc@VLyricShift@VocalTrack@@@stlpmtx_std@@@3@@Z;?CanFlail@GemPlayer@@QAA_NM@Z;?ChangeDifficulty@GemTrack@@QAAXW4Difficulty@@H@Z
1988	7	16	F_ungraded	??4?$vector@HV?$StlNodeAlloc@H@stlpmtx_std@@@stlpmtx_std@@QAAAAV01@ABV01@@Z	??4?$vector@MV?$StlNodeAlloc@M@stlpmtx_std@@@stlpmtx_std@@QAAAAV01@ABV01@@Z	default/CharBonesSamples;default/ChordShapeGenerator;default/GemTrackDir;default/SongInfoCopy	??0SongInfoCopy@@QAA@PBVSongInfo@@@Z;??4TrackerDesc@@QAAAAV0@ABV0@@Z;?Clone@CharBonesSamples@@QAAXABV1@@Z;?Configure@Tracker@@QAAXABVTrackerDesc@@@Z
1692	1	1	F_ungraded	?UpdateTarget@Target@BandCamShot@@QAAXVSymbol@@PAV2@@Z	?UpdateTarget@Target@HamCamShot@@QAAXVSymbol@@PAV2@@Z	default/BandCamShot	?PropSync@@YA_NAAUTarget@HamCamShot@@AAVDataNode@@PAVDataArray@@HW4PropOp@@@Z
1320	3	3	F_sub100	?_M_fill_insert@?$vector@VVector3@@V?$StlNodeAlloc@VVector3@@@stlpmtx_std@@@stlpmtx_std@@AAAXPAVVector3@@IABV3@@Z	?_M_fill_insert@?$vector@USpotlightDrawerEntry@LightPreset@@V?$StlNodeAlloc@USpotlightDrawerEntry@LightPreset@@@stlpmtx_std@@@stlpmtx_std@@AAAXPAUSpotlightDrawerEntry@LightPreset@@IABU34@@Z	default/LightPreset	??$?5USpotlightDrawerEntry@LightPreset@@V?$StlNodeAlloc@USpotlightDrawerEntry@LightPreset@@@stlpmtx_std@@@@YAAAVBinStreamRev@@AAV0@AAV?$vector@USpotlightDrawerEntry@LightPreset@@V?$StlNodeAlloc@USpotlightDrawerEntry@LightPreset@@@stlpmtx_std@@@stlpmtx_std@@@Z;??$PropSync@USpotlightDrawerEntry@LightPreset@@@@YA_NAAV?$vector@USpotlightDrawerEntry@LightPreset@@V?$StlNodeAlloc@USpotlightDrawerEntry@LightPreset@@@stlpmtx_std@@@stlpmtx_std@@AAVDataNode@@PAVDataArray@@HW4PropOp@@@Z;??0Keyframe@LightPreset@@QAA@PAVObject@Hmx@@@Z
1248	7	7	F_sub100	??RAccomplishmentCmp@@QBA_NVSymbol@@0@Z	??RAccomplishmentCategoryCmp@@QBA_NVSymbol@@0@Z	default/AccomplishmentPanel	??$__linear_insert@PAVSymbol@@V1@VAccomplishmentCategoryCmp@@@stlpmtx_std@@YAXPAVSymbol@@0V1@VAccomplishmentCategoryCmp@@@Z;??$__lower_bound@PAVSymbol@@V1@VAccomplishmentCategoryCmp@@H@stlpmtx_std@@YAPAVSymbol@@PAV1@0ABV1@VAccomplishmentCategoryCmp@@PAH@Z;??$__merge_backward@PAVSymbol@@PAV1@PAV1@VAccomplishmentCategoryCmp@@@stlpmtx_std@@YAPAVSymbol@@PAV1@0000VAccomplishmentCategoryCmp@@@Z;??$__merge_without_buffer@PAVSymbol@@HVAccomplishmentCategoryCmp@@@stlpmtx_std@@YAXPAVSymbol@@00HHVAccomplishmentCategoryCmp@@@Z
1200	2	2	AIRTIGHT	?ShowChordNums@GameGem@@QBA_NXZ	?Loose@GameGem@@QBA_NXZ	default/BaseGuitarTrackWatcherImpl;default/RGGemMatcher	?CheckForFretTimeout@BaseGuitarTrackWatcherImpl@@QAAXM@Z;?FretMatchImpl@RGGemMatcher@@QBA_NABVGameGem@@MMMM_N1W4RGMatchType@@@Z
1068	3	7	F_ungraded	?Loose@GameGem@@QBA_NXZ	?IsRealGuitar@GameGem@@QBA_NXZ	default/BaseGuitarTrackWatcherImpl;default/TrackWatcherImpl;default/band3/bandtrack/Gem	?CanHopo@BaseGuitarTrackWatcherImpl@@QBA_NH@Z;?CreateWidgetInstances@Gem@@QAAXVSymbol@@@Z;?SendSeen@TrackWatcherImpl@@QAAXMH@Z
904	1	3	F_ungraded	?SetAllowPerPixel@RndShaderMgr@@QAAX_N@Z	?SetImportantStrings@GameGem@@QAAXE@Z	default/GemManager	?SetupRealGuitarImportantStrings@GemManager@@QAAXXZ
892	1	1	AIRTIGHT	?SetAutoplayError@BeatMatcher@@QAAXH@Z	?Restart@BeatMatcher@@QAAXXZ	default/GemPlayer	?Restart@GemPlayer@@UAAX_N@Z
588	1	1	F_ungraded	??0?$hash_map@VSymbol@@HU?$hash@VSymbol@@@stlpmtx_std@@U?$equal_to@VSymbol@@@3@V?$StlNodeAlloc@U?$pair@$$CBVSymbol@@H@stlpmtx_std@@@3@@stlpmtx_std@@QAA@XZ	??0?$hash_map@HHU?$hash@H@stlpmtx_std@@U?$equal_to@H@2@V?$StlNodeAlloc@U?$pair@$$CBHH@stlpmtx_std@@@2@@stlpmtx_std@@QAA@XZ	default/band3/meta_band/AccomplishmentProgress	??0AccomplishmentProgress@@QAA@PAVBandProfile@@@Z
536	2	2	F_ungraded	??0?$hash_map@VSymbol@@HU?$hash@VSymbol@@@stlpmtx_std@@U?$equal_to@VSymbol@@@3@V?$StlNodeAlloc@U?$pair@$$CBVSymbol@@H@stlpmtx_std@@@3@@stlpmtx_std@@QAA@XZ	??0?$hash_map@HPAVUIComponent@@U?$hash@H@stlpmtx_std@@U?$equal_to@H@3@V?$StlNodeAlloc@U?$pair@$$CBHPAVUIComponent@@@stlpmtx_std@@@3@@stlpmtx_std@@QAA@XZ	default/CharacterCreatorPanel;default/CustomizePanel	??0CharacterCreatorPanel@@QAA@XZ;??0CustomizePanel@@QAA@XZ
520	1	1	AIRTIGHT	?GetParticipatingBandUsersInSession@BandUserMgr@@QBAHAAV?$vector@PAVBandUser@@V?$StlNodeAlloc@PAVBandUser@@@stlpmtx_std@@@stlpmtx_std@@@Z	?GetParticipatingBandUsers@BandUserMgr@@QBAHAAV?$vector@PAVBandUser@@V?$StlNodeAlloc@PAVBandUser@@@stlpmtx_std@@@stlpmtx_std@@@Z	default/AccomplishmentPanel	?HasCorrectPlayerCount@AccomplishmentPanel@@QAA_NXZ
452	2	3	F_ungraded	?GetType@AccomplishmentOneShot@@UBA?AW4AccomplishmentType@@XZ	?SaveSize@GameplayOptions@@SAHH@Z	default/GameplayOptions;default/band3/meta_band/BandProfile	??0GameplayOptions@@QAA@XZ;?SaveSize@BandProfile@@SAHH@Z
408	2	3	AIRTIGHT	?ReverseSlide@GameGem@@QBA_NXZ	?LeftHandSlide@GameGem@@QBA_NXZ	default/GemManager;default/TrackWatcherImpl	?KillSustain@TrackWatcherImpl@@QAAXH@Z;?Released@GemManager@@QAAXMH@Z
344	1	2	AIRTIGHT	??0?$hash_map@VSymbol@@HU?$hash@VSymbol@@@stlpmtx_std@@U?$equal_to@VSymbol@@@3@V?$StlNodeAlloc@U?$pair@$$CBVSymbol@@H@stlpmtx_std@@@3@@stlpmtx_std@@QAA@XZ	??0?$hash_map@VSymbol@@PAVDataArray@@U?$hash@VSymbol@@@stlpmtx_std@@U?$equal_to@VSymbol@@@4@V?$StlNodeAlloc@U?$pair@$$CBVSymbol@@PAVDataArray@@@stlpmtx_std@@@4@@stlpmtx_std@@QAA@XZ	default/band3/meta_band/InterstitialMgr	?SetFromConfig@InterstitialMgr@@QAAXXZ
320	1	1	F_ungraded	?_M_fill_insert@?$vector@V?$Key@M@@V?$StlNodeAlloc@V?$Key@M@@@stlpmtx_std@@@stlpmtx_std@@AAAXPAV?$Key@M@@IABV3@@Z	?_M_fill_insert@?$vector@VSeam@MeshAO@OutfitConfig@@V?$StlNodeAlloc@VSeam@MeshAO@OutfitConfig@@@stlpmtx_std@@@stlpmtx_std@@AAAXPAVSeam@MeshAO@OutfitConfig@@IABV345@@Z	default/band3/bandtrack/Gem	??$PropSync@VSeam@MeshAO@OutfitConfig@@@@YA_NAAV?$vector@VSeam@MeshAO@OutfitConfig@@V?$StlNodeAlloc@VSeam@MeshAO@OutfitConfig@@@stlpmtx_std@@@stlpmtx_std@@AAVDataNode@@PAVDataArray@@HW4PropOp@@@Z
308	1	1	F_sub100	?insert@?$list@UWeightContext@CharBone@@V?$StlNodeAlloc@UWeightContext@CharBone@@@stlpmtx_std@@@stlpmtx_std@@QAA?AU?$_List_iterator@UWeightContext@CharBone@@U?$_Nonconst_traits@UWeightContext@CharBone@@@stlpmtx_std@@@2@U32@ABUWeightContext@CharBone@@@Z	?insert@?$list@UBreakpoint@RndConsole@@V?$StlNodeAlloc@UBreakpoint@RndConsole@@@stlpmtx_std@@@stlpmtx_std@@QAA?AU?$_List_iterator@UBreakpoint@RndConsole@@U?$_Nonconst_traits@UBreakpoint@RndConsole@@@stlpmtx_std@@@2@U32@ABUBreakpoint@RndConsole@@@Z	default/Console	?InsertBreak@RndConsole@@AAAXPAVDataArray@@H@Z
300	2	2	F_ungraded	??1?$ObjRefConcrete@VRndCam@@VObjectDir@@@@UAA@XZ	??1?$ObjOwnerPtr@VRndCamAnim@@@@UAA@XZ	default/CamAnim	??1RndCamAnim@@UAA@XZ;??_G?$ObjOwnerPtr@VRndCamAnim@@@@UAAPAXI@Z
300	2	2	F_ungraded	??1?$ObjRefConcrete@VRndEnvAnim@@VObjectDir@@@@UAA@XZ	??1?$ObjOwnerPtr@VRndEnvAnim@@@@UAA@XZ	default/EnvAnim	??1RndEnvAnim@@UAA@XZ;??_G?$ObjOwnerPtr@VRndEnvAnim@@@@UAAPAXI@Z
284	2	2	F_ungraded	??0?$hash_map@VSymbol@@HU?$hash@VSymbol@@@stlpmtx_std@@U?$equal_to@VSymbol@@@3@V?$StlNodeAlloc@U?$pair@$$CBVSymbol@@H@stlpmtx_std@@@3@@stlpmtx_std@@QAA@XZ	??0?$hash_map@VSymbol@@MU?$hash@VSymbol@@@stlpmtx_std@@U?$equal_to@VSymbol@@@3@V?$StlNodeAlloc@U?$pair@$$CBVSymbol@@M@stlpmtx_std@@@3@@stlpmtx_std@@QAA@XZ	default/BandSongMetadata;default/band3/tour/TourWeightManager	??0BandSongMetadata@@QAA@PAVBandSongMgr@@@Z;??0TourWeightManager@@QAA@XZ
272	2	3	F_ungraded	?SetSize@VertArray@RndMeshDeform@@IAAXH@Z	?SetSize@DeltaArray@BandFaceDeform@@QAAXH@Z	default/system/bandobj/BandFaceDeform	??4DeltaArray@BandFaceDeform@@QAAAAV01@ABV01@@Z;?Load@DeltaArray@BandFaceDeform@@QAAXAAVBinStream@@@Z
260	1	1	F_ungraded	?RelevantGem@DrumTrackWatcherImpl@@QAAHHHH@Z	?RelevantGem@KeyboardTrackWatcherImpl@@QAAHHHH@Z	default/KeyboardTrackWatcherImpl	?ClosestUnplayedGem@KeyboardTrackWatcherImpl@@UAAHMH@Z
244	1	1	F_ungraded	??4?$vector@HV?$StlNodeAlloc@H@stlpmtx_std@@@stlpmtx_std@@QAAAAV01@ABV01@@Z	??4?$vector@PAVTail@@V?$StlNodeAlloc@PAVTail@@@stlpmtx_std@@@stlpmtx_std@@QAAAAV01@ABV01@@Z	default/band3/bandtrack/Gem	??4Gem@@QAAAAV0@ABV0@@Z
244	1	1	F_sub100	??4?$vector@V?$Key@V?$vector@VVector3@@V?$StlNodeAlloc@VVector3@@@stlpmtx_std@@@stlpmtx_std@@@@V?$StlNodeAlloc@V?$Key@V?$vector@VVector3@@V?$StlNodeAlloc@VVector3@@@stlpmtx_std@@@stlpmtx_std@@@@@stlpmtx_std@@@stlpmtx_std@@QAAAAV01@ABV01@@Z	??4?$vector@V?$Key@V?$vector@VColor@Hmx@@V?$StlNodeAlloc@VColor@Hmx@@@stlpmtx_std@@@stlpmtx_std@@@@V?$StlNodeAlloc@V?$Key@V?$vector@VColor@Hmx@@V?$StlNodeAlloc@VColor@Hmx@@@stlpmtx_std@@@stlpmtx_std@@@@@stlpmtx_std@@@stlpmtx_std@@QAAAAV01@ABV01@@Z	default/MeshAnim	?Copy@RndMeshAnim@@UAAXPBVObject@Hmx@@W4CopyType@23@@Z
232	1	2	F_ungraded	?SetOwnerObj@?$ObjOwnerPtr@VBandCharDesc@@@@QAAXPAVBandCharDesc@@@Z	?SetObjConcrete@?$ObjRefConcrete@VBandCharDesc@@VObjectDir@@@@QAAXPAVBandCharDesc@@@Z	default/BandCharacter	?Load@?$ObjRefConcrete@VBandCharDesc@@VObjectDir@@@@QAA_NAAVBinStream@@_NPAVObjectDir@@@Z
228	1	1	F_ungraded	?resize@?$vector@V?$map@HMU?$less@H@stlpmtx_std@@V?$StlNodeAlloc@U?$pair@$$CBHM@stlpmtx_std@@@2@@stlpmtx_std@@V?$StlNodeAlloc@V?$map@HMU?$less@H@stlpmtx_std@@V?$StlNodeAlloc@U?$pair@$$CBHM@stlpmtx_std@@@2@@stlpmtx_std@@@2@@stlpmtx_std@@QAAXIABV?$map@HMU?$less@H@stlpmtx_std@@V?$StlNodeAlloc@U?$pair@$$CBHM@stlpmtx_std@@@2@@2@@Z	?resize@?$vector@V?$set@VSymbol@@U?$less@VSymbol@@@stlpmtx_std@@V?$StlNodeAlloc@VSymbol@@@3@@stlpmtx_std@@V?$StlNodeAlloc@V?$set@VSymbol@@U?$less@VSymbol@@@stlpmtx_std@@V?$StlNodeAlloc@VSymbol@@@3@@stlpmtx_std@@@2@@stlpmtx_std@@QAAXIABV?$set@VSymbol@@U?$less@VSymbol@@@stlpmtx_std@@V?$StlNodeAlloc@VSymbol@@@3@@2@@Z	default/Tour	??0SongFilter@SongSortMgr@@QAA@XZ
216	1	1	F_ungraded	?_M_fill_insert@?$vector@V?$Key@M@@V?$StlNodeAlloc@V?$Key@M@@@stlpmtx_std@@@stlpmtx_std@@AAAXPAV?$Key@M@@IABV3@@Z	?_M_fill_insert@?$vector@V?$Key@VSymbol@@@@V?$StlNodeAlloc@V?$Key@VSymbol@@@@@stlpmtx_std@@@stlpmtx_std@@AAAXPAV?$Key@VSymbol@@@@IABV3@@Z	default/BandDirector	?Add@?$Keys@VSymbol@@V1@@@QAAHABVSymbol@@M_N@Z
216	1	1	F_ungraded	?_M_fill_insert@?$vector@V?$Key@M@@V?$StlNodeAlloc@V?$Key@M@@@stlpmtx_std@@@stlpmtx_std@@AAAXPAV?$Key@M@@IABV3@@Z	?_M_fill_insert@?$vector@V?$Key@_N@@V?$StlNodeAlloc@V?$Key@_N@@@stlpmtx_std@@@stlpmtx_std@@AAAXPAV?$Key@_N@@IABV3@@Z	default/PropAnim	?Add@?$Keys@_N_N@@QAAHAB_NM_N@Z
208	2	2	AIRTIGHT	??$__adjust_heap@PAHHHU?$less@H@stlpmtx_std@@@stlpmtx_std@@YAXPAHHHHU?$less@H@0@@Z	??$__adjust_heap@PAPAVCamShot@@HPAV1@UNameSort@@@stlpmtx_std@@YAXPAPAVCamShot@@HHPAV1@UNameSort@@@Z	default/MoveMgr	??$__make_heap@PAPAVCamShot@@UNameSort@@PAV1@H@stlpmtx_std@@YAXPAPAVCamShot@@0UNameSort@@0PAH@Z;??$sort_heap@PAPAVCamShot@@UNameSort@@@stlpmtx_std@@YAXPAPAVCamShot@@0UNameSort@@@Z
204	1	1	F_sub100	?_M_fill_insert@?$vector@VVector3@@V?$StlNodeAlloc@VVector3@@@stlpmtx_std@@@stlpmtx_std@@AAAXPAVVector3@@IABV3@@Z	?_M_fill_insert@?$vector@V?$Key@UWeight@@@@V?$StlNodeAlloc@V?$Key@UWeight@@@@@stlpmtx_std@@@stlpmtx_std@@AAAXPAV?$Key@UWeight@@@@IABV3@@Z	default/Morph	??$?5V?$Key@UWeight@@@@V?$StlNodeAlloc@V?$Key@UWeight@@@@@stlpmtx_std@@@@YAAAVBinStreamRev@@AAV0@AAV?$vector@V?$Key@UWeight@@@@V?$StlNodeAlloc@V?$Key@UWeight@@@@@stlpmtx_std@@@stlpmtx_std@@@Z
192	2	2	F_ungraded	?_M_fill_insert@?$vector@V?$Key@M@@V?$StlNodeAlloc@V?$Key@M@@@stlpmtx_std@@@stlpmtx_std@@AAAXPAV?$Key@M@@IABV3@@Z	?_M_fill_insert@?$vector@VStreakInfo@Stats@@V?$StlNodeAlloc@VStreakInfo@Stats@@@stlpmtx_std@@@stlpmtx_std@@AAAXPAVStreakInfo@Stats@@IABV34@@Z	default/PerformanceData;default/band3/game/Stats	??$SaveHighest@VStreakInfo@Stats@@@Stats@@QAAXAAV?$vector@VStreakInfo@Stats@@V?$StlNodeAlloc@VStreakInfo@Stats@@@stlpmtx_std@@@stlpmtx_std@@ABVStreakInfo@0@@Z;?resize@?$vector@VStreakInfo@Stats@@V?$StlNodeAlloc@VStreakInfo@Stats@@@stlpmtx_std@@@stlpmtx_std@@QAAXIABVStreakInfo@Stats@@@Z
192	1	1	F_ungraded	?Handle@VoiceoverPanel@@UAA?AVDataNode@@PAVDataArray@@_N@Z	?Handle@FlowNode@@UAA?AVDataNode@@PAVDataArray@@_N@Z	default/FlowValueCase	?Handle@FlowValueCase@@UAA?AVDataNode@@PAVDataArray@@_N@Z
180	1	1	F_ungraded	??0?$hash_map@VSymbol@@HU?$hash@VSymbol@@@stlpmtx_std@@U?$equal_to@VSymbol@@@3@V?$StlNodeAlloc@U?$pair@$$CBVSymbol@@H@stlpmtx_std@@@3@@stlpmtx_std@@QAA@XZ	??0?$hash_map@HPAVColorPalette@@U?$hash@H@stlpmtx_std@@U?$equal_to@H@3@V?$StlNodeAlloc@U?$pair@$$CBHPAVColorPalette@@@stlpmtx_std@@@3@@stlpmtx_std@@QAA@XZ	default/ChooseColorPanel	??0ChooseColorPanel@@QAA@XZ
172	1	2	F_sub100	??$merge@PAVSymbol@@PAV1@PAV1@UGoalAlpaCmp@@@stlpmtx_std@@YAPAVSymbol@@PAV1@0000UGoalAlpaCmp@@@Z	??$merge@PAVSymbol@@PAV1@PAV1@VAccomplishmentCmp@@@stlpmtx_std@@YAPAVSymbol@@PAV1@0000VAccomplishmentCmp@@@Z	default/AccomplishmentPanel	??$__merge_sort_loop@PAVSymbol@@PAV1@HVAccomplishmentCmp@@@stlpmtx_std@@YAXPAVSymbol@@00HVAccomplishmentCmp@@@Z
168	1	1	AIRTIGHT	??0UIPanel@@QAA@XZ	??0RndAnimatable@@IAA@XZ	default/StorePanel	??0DancerSequence@@IAA@XZ
164	1	1	F_ungraded	??0?$hash_map@VSymbol@@V?$vector@PAVPatchSticker@@V?$StlNodeAlloc@PAVPatchSticker@@@stlpmtx_std@@@stlpmtx_std@@USymbolHash@PatchDir@@U?$equal_to@VSymbol@@@3@V?$StlNodeAlloc@U?$pair@$$CBVSymbol@@V?$vector@PAVPatchSticker@@V?$StlNodeAlloc@PAVPatchSticker@@@stlpmtx_std@@@stlpmtx_std@@@stlpmtx_std@@@3@@stlpmtx_std@@QAA@XZ	??0?$hash_map@VSymbol@@V?$vector@VSymbol@@V?$StlNodeAlloc@VSymbol@@@stlpmtx_std@@@stlpmtx_std@@U?$hash@VSymbol@@@3@U?$equal_to@VSymbol@@@3@V?$StlNodeAlloc@U?$pair@$$CBVSymbol@@V?$vector@VSymbol@@V?$StlNodeAlloc@VSymbol@@@stlpmtx_std@@@stlpmtx_std@@@stlpmtx_std@@@3@@stlpmtx_std@@QAA@XZ	default/band3/meta_band/LicenseMgr	??0LicenseMgr@@QAA@XZ
164	1	1	F_ungraded	?push_back@?$vector@UHamListRibbonDrawState@@V?$StlNodeAlloc@UHamListRibbonDrawState@@@stlpmtx_std@@@stlpmtx_std@@QAAXABUHamListRibbonDrawState@@@Z	?push_back@?$vector@V?$RangedData@VRGRollChord@@@?$RangedDataCollection@VRGRollChord@@@@V?$StlNodeAlloc@V?$RangedData@VRGRollChord@@@?$RangedDataCollection@VRGRollChord@@@@@stlpmtx_std@@@stlpmtx_std@@QAAXABV?$RangedData@VRGRollChord@@@?$RangedDataCollection@VRGRollChord@@@@@Z	default/SongData	?AddData@?$RangedDataCollection@VRGRollChord@@@@QAAXHHHABVRGRollChord@@@Z
160	1	1	F_ungraded	?_M_fill_insert@?$vector@VVector3@@V?$StlNodeAlloc@VVector3@@@stlpmtx_std@@@stlpmtx_std@@AAAXPAVVector3@@IABV3@@Z	?_M_fill_insert@?$vector@VUserGuid@@V?$StlNodeAlloc@VUserGuid@@@stlpmtx_std@@@stlpmtx_std@@AAAXPAVUserGuid@@IABV3@@Z	default/WaitingUserGate	??$?5VUserGuid@@V?$StlNodeAlloc@VUserGuid@@@stlpmtx_std@@@@YAAAVBinStream@@AAV0@AAV?$vector@VUserGuid@@V?$StlNodeAlloc@VUserGuid@@@stlpmtx_std@@@stlpmtx_std@@@Z
156	1	2	F_ungraded	?OnBeatToMs@@YA?AVDataNode@@PAVDataArray@@@Z	?OnSecondsToBeat@@YA?AVDataNode@@PAVDataArray@@@Z	default/StringTable	?TimeConversionInit@@YAXXZ
156	1	1	F_sub100	??4?$ObjList@UTarget@HamCamShot@@@@QAAXABV0@@Z	??4?$ObjList@UTarget@BandCamShot@@@@QAAXABV0@@Z	default/BandCamShot	?Copy@BandCamShot@@UAAXPBVObject@Hmx@@W4CopyType@23@@Z
156	1	1	F_ungraded	??0?$hash_map@VSymbol@@V?$vector@PAVPatchSticker@@V?$StlNodeAlloc@PAVPatchSticker@@@stlpmtx_std@@@stlpmtx_std@@USymbolHash@PatchDir@@U?$equal_to@VSymbol@@@3@V?$StlNodeAlloc@U?$pair@$$CBVSymbol@@V?$vector@PAVPatchSticker@@V?$StlNodeAlloc@PAVPatchSticker@@@stlpmtx_std@@@stlpmtx_std@@@stlpmtx_std@@@3@@stlpmtx_std@@QAA@XZ	??0?$hash_map@VSymbol@@V?$vector@PAVLightPreset@@V?$StlNodeAlloc@PAVLightPreset@@@stlpmtx_std@@@stlpmtx_std@@USymbolHash@LightPresetManager@@U?$equal_to@VSymbol@@@3@V?$StlNodeAlloc@U?$pair@$$CBVSymbol@@V?$vector@PAVLightPreset@@V?$StlNodeAlloc@PAVLightPreset@@@stlpmtx_std@@@stlpmtx_std@@@stlpmtx_std@@@3@@stlpmtx_std@@QAA@XZ	default/LightPresetManager	??0LightPresetManager@@QAA@PAVWorldDir@@@Z
148	1	1	AIRTIGHT	?SetVolume@MoggClip@@UAAXM@Z	?SetControllerVolume@MoggClip@@QAAXM@Z	default/Sfx	?UpdateVolume@SfxInst@@UAAXXZ
148	1	1	F_ungraded	??$_M_range_insert@PBV?$Key@M@@@?$vector@V?$Key@M@@V?$StlNodeAlloc@V?$Key@M@@@stlpmtx_std@@@stlpmtx_std@@AAAXPAV?$Key@M@@PBV2@1ABUforward_iterator_tag@1@@Z	??$_M_range_insert@PBV?$Key@_N@@@?$vector@V?$Key@_N@@V?$StlNodeAlloc@V?$Key@_N@@@stlpmtx_std@@@stlpmtx_std@@AAAXPAV?$Key@_N@@PBV2@1ABUforward_iterator_tag@1@@Z	default/PropKeys	?Copy@BoolKeys@@UAAXPBVPropKeys@@@Z
148	1	1	F_ungraded	??$_M_range_insert@PBV?$Key@M@@@?$vector@V?$Key@M@@V?$StlNodeAlloc@V?$Key@M@@@stlpmtx_std@@@stlpmtx_std@@AAAXPAV?$Key@M@@PBV2@1ABUforward_iterator_tag@1@@Z	??$_M_range_insert@PBV?$Key@VSymbol@@@@@?$vector@V?$Key@VSymbol@@@@V?$StlNodeAlloc@V?$Key@VSymbol@@@@@stlpmtx_std@@@stlpmtx_std@@AAAXPAV?$Key@VSymbol@@@@PBV2@1ABUforward_iterator_tag@1@@Z	default/PropKeys	?Copy@SymbolKeys@@UAAXPBVPropKeys@@@Z
144	1	1	F_sub100	??$__merge_without_buffer@PAVSymbol@@HUGoalAlpaCmp@@@stlpmtx_std@@YAXPAVSymbol@@00HHUGoalAlpaCmp@@@Z	??$__merge_without_buffer@PAVSymbol@@HVAccomplishmentCmp@@@stlpmtx_std@@YAXPAVSymbol@@00HHVAccomplishmentCmp@@@Z	default/AccomplishmentPanel	??$__inplace_stable_sort@PAVSymbol@@VAccomplishmentCmp@@@stlpmtx_std@@YAXPAVSymbol@@0VAccomplishmentCmp@@@Z
144	1	1	F_ungraded	?erase@?$list@UAnim@EventTrigger@@V?$StlNodeAlloc@UAnim@EventTrigger@@@stlpmtx_std@@@stlpmtx_std@@QAA?AU?$_List_iterator@UAnim@EventTrigger@@U?$_Nonconst_traits@UAnim@EventTrigger@@@stlpmtx_std@@@2@U32@0@Z	?erase@?$list@UPropTriggerDefn@FlowTrigger@@V?$StlNodeAlloc@UPropTriggerDefn@FlowTrigger@@@stlpmtx_std@@@stlpmtx_std@@QAA?AU?$_List_iterator@UPropTriggerDefn@FlowTrigger@@U?$_Nonconst_traits@UPropTriggerDefn@FlowTrigger@@@stlpmtx_std@@@2@U32@0@Z	default/EventTrigger	?resize@?$list@UPropTriggerDefn@FlowTrigger@@V?$StlNodeAlloc@UPropTriggerDefn@FlowTrigger@@@stlpmtx_std@@@stlpmtx_std@@QAAXIABUPropTriggerDefn@FlowTrigger@@@Z
144	1	1	AIRTIGHT	?erase@?$list@VOldMatOption@@V?$StlNodeAlloc@VOldMatOption@@@stlpmtx_std@@@stlpmtx_std@@QAA?AU?$_List_iterator@VOldMatOption@@U?$_Nonconst_traits@VOldMatOption@@@stlpmtx_std@@@2@U32@0@Z	?erase@?$list@UOldMMInst@@V?$StlNodeAlloc@UOldMMInst@@@stlpmtx_std@@@stlpmtx_std@@QAA?AU?$_List_iterator@UOldMMInst@@U?$_Nonconst_traits@UOldMMInst@@@stlpmtx_std@@@2@U32@0@Z	default/HamCamTransform	?resize@?$list@UOldMMInst@@V?$StlNodeAlloc@UOldMMInst@@@stlpmtx_std@@@stlpmtx_std@@QAAXIABUOldMMInst@@@Z
132	1	1	F_ungraded	??$__final_insertion_sort@PAVSpotlightEntry@SpotlightDrawer@@VByColor@@@stlpmtx_std@@YAXPAVSpotlightEntry@SpotlightDrawer@@0VByColor@@@Z	??$__final_insertion_sort@PAVCategory@CameraManager@@U?$less@VCategory@CameraManager@@@stlpmtx_std@@@stlpmtx_std@@YAXPAVCategory@CameraManager@@0U?$less@VCategory@CameraManager@@@0@@Z	default/CameraManager	??$sort@PAVCategory@CameraManager@@@stlpmtx_std@@YAXPAVCategory@CameraManager@@0@Z
128	1	1	AIRTIGHT	?GetBestStreak@SongStatusMgr@@QBAHHW4ScoreType@@W4Difficulty@@@Z	?GetBestStars@SongStatusMgr@@QBAHHW4ScoreType@@W4Difficulty@@@Z	default/AccomplishmentSongConditional	?CheckStarsCondition@AccomplishmentSongConditional@@QBA_NPAVSongStatusMgr@@VSymbol@@ABUAccomplishmentCondition@@@Z
128	1	1	AIRTIGHT	?GetBestAwesomes@SongStatusMgr@@QBAHHW4ScoreType@@W4Difficulty@@@Z	?GetBestStreak@SongStatusMgr@@QBAHHW4ScoreType@@W4Difficulty@@@Z	default/AccomplishmentSongConditional	?CheckStreakCondition@AccomplishmentSongConditional@@QBA_NPAVSongStatusMgr@@VSymbol@@ABUAccomplishmentCondition@@@Z
128	1	1	F_ungraded	?_M_erase@?$vector@VMoggClipMap@@V?$StlNodeAlloc@VMoggClipMap@@@stlpmtx_std@@@stlpmtx_std@@IAAPAVMoggClipMap@@PAV3@0ABU__false_type@2@@Z	?_M_erase@?$vector@VSfxMap@@V?$StlNodeAlloc@VSfxMap@@@stlpmtx_std@@@stlpmtx_std@@IAAPAVSfxMap@@PAV3@0ABU__false_type@2@@Z	default/Sfx	?resize@?$vector@VSfxMap@@V?$StlNodeAlloc@VSfxMap@@@stlpmtx_std@@@stlpmtx_std@@QAAXIABVSfxMap@@@Z
124	1	1	F_ungraded	?_M_insert@?$hashtable@U?$pair@$$CBHPAVSongStatus@@@stlpmtx_std@@HU?$hash@H@2@U?$_HashMapTraitsT@U?$pair@$$CBHPAVSongStatus@@@stlpmtx_std@@@priv@2@U?$_Select1st@U?$pair@$$CBHPAVSongStatus@@@stlpmtx_std@@@2@U?$equal_to@H@2@V?$StlNodeAlloc@U?$pair@$$CBHPAVSongStatus@@@stlpmtx_std@@@2@@stlpmtx_std@@QAAAAU?$pair@$$CBHPAVSongStatus@@@2@ABU32@@Z	?_M_insert@?$hashtable@U?$pair@$$CBHVSymbol@@@stlpmtx_std@@HU?$hash@H@2@U?$_HashMapTraitsT@U?$pair@$$CBHVSymbol@@@stlpmtx_std@@@priv@2@U?$_Select1st@U?$pair@$$CBHVSymbol@@@stlpmtx_std@@@2@U?$equal_to@H@2@V?$StlNodeAlloc@U?$pair@$$CBHVSymbol@@@stlpmtx_std@@@2@@stlpmtx_std@@QAAAAU?$pair@$$CBHVSymbol@@@2@ABU32@@Z	default/BandSongMgr	??A?$hash_map@HVSymbol@@U?$hash@H@stlpmtx_std@@U?$equal_to@H@3@V?$StlNodeAlloc@U?$pair@$$CBHVSymbol@@@stlpmtx_std@@@3@@stlpmtx_std@@QAAAAVSymbol@@ABH@Z
120	2	2	F_ungraded	??4?$hashtable@U?$pair@$$CBVSymbol@@PAVDataArray@@@stlpmtx_std@@VSymbol@@U?$hash@VSymbol@@@2@U?$_HashMapTraitsT@U?$pair@$$CBVSymbol@@PAVDataArray@@@stlpmtx_std@@@priv@2@U?$_Select1st@U?$pair@$$CBVSymbol@@PAVDataArray@@@stlpmtx_std@@@2@U?$equal_to@VSymbol@@@2@V?$StlNodeAlloc@U?$pair@$$CBVSymbol@@PAVDataArray@@@stlpmtx_std@@@2@@stlpmtx_std@@QAAAAV01@ABV01@@Z	??4?$_Rb_tree@VSymbol@@U?$less@VSymbol@@@stlpmtx_std@@U?$pair@$$CBVSymbol@@H@3@U?$_Select1st@U?$pair@$$CBVSymbol@@H@stlpmtx_std@@@3@U?$_MapTraitsT@U?$pair@$$CBVSymbol@@H@stlpmtx_std@@@priv@3@V?$StlNodeAlloc@U?$pair@$$CBVSymbol@@H@stlpmtx_std@@@3@@stlpmtx_std@@QAAAAV01@ABV01@@Z	default/TourProgress	?SetTourMostStarsMap@TourProgress@@QAAXABV?$map@VSymbol@@HU?$less@VSymbol@@@stlpmtx_std@@V?$StlNodeAlloc@U?$pair@$$CBVSymbol@@H@stlpmtx_std@@@3@@stlpmtx_std@@@Z;?SetToursPlayedMap@TourProgress@@QAAXABV?$map@VSymbol@@HU?$less@VSymbol@@@stlpmtx_std@@V?$StlNodeAlloc@U?$pair@$$CBVSymbol@@H@stlpmtx_std@@@3@@stlpmtx_std@@@Z
120	1	1	F_ungraded	?_M_insert@?$hashtable@U?$pair@$$CBHPAVSongStatus@@@stlpmtx_std@@HU?$hash@H@2@U?$_HashMapTraitsT@U?$pair@$$CBHPAVSongStatus@@@stlpmtx_std@@@priv@2@U?$_Select1st@U?$pair@$$CBHPAVSongStatus@@@stlpmtx_std@@@2@U?$equal_to@H@2@V?$StlNodeAlloc@U?$pair@$$CBHPAVSongStatus@@@stlpmtx_std@@@2@@stlpmtx_std@@QAAAAU?$pair@$$CBHPAVSongStatus@@@2@ABU32@@Z	?_M_insert@?$hashtable@U?$pair@$$CBHPAVSongUpgradeData@@@stlpmtx_std@@HU?$hash@H@2@U?$_HashMapTraitsT@U?$pair@$$CBHPAVSongUpgradeData@@@stlpmtx_std@@@priv@2@U?$_Select1st@U?$pair@$$CBHPAVSongUpgradeData@@@stlpmtx_std@@@2@U?$equal_to@H@2@V?$StlNodeAlloc@U?$pair@$$CBHPAVSongUpgradeData@@@stlpmtx_std@@@2@@stlpmtx_std@@QAAAAU?$pair@$$CBHPAVSongUpgradeData@@@2@ABU32@@Z	default/SongStatusMgr	??A?$hash_map@HPAVSongUpgradeData@@U?$hash@H@stlpmtx_std@@U?$equal_to@H@3@V?$StlNodeAlloc@U?$pair@$$CBHPAVSongUpgradeData@@@stlpmtx_std@@@3@@stlpmtx_std@@QAAAAPAVSongUpgradeData@@ABH@Z
120	1	1	F_ungraded	?SyncProperty@UIComponent@@UAA_NAAVDataNode@@PAVDataArray@@HW4PropOp@@@Z	?SyncProperty@FlowSwitch@@UAA_NAAVDataNode@@PAVDataArray@@HW4PropOp@@@Z	default/FlowWhile	?SyncProperty@FlowWhile@@UAA_NAAVDataNode@@PAVDataArray@@HW4PropOp@@@Z
116	1	1	F_ungraded	?find_last_of@String@@QBAID@Z	?find_last_of@FixedString@@QBAID@Z	default/Str	?find_last_of@FixedString@@QBAIPBD@Z
112	1	1	F_ungraded	??4?$vector@HV?$StlNodeAlloc@H@stlpmtx_std@@@stlpmtx_std@@QAAAAV01@ABV01@@Z	??4?$vector@PAVUIScreen@@V?$StlNodeAlloc@PAVUIScreen@@@stlpmtx_std@@@stlpmtx_std@@QAAAAV01@ABV01@@Z	default/UIEvent	??0NonDestructiveTransitionEvent@@QAA@PAVNetSync@@ABV?$vector@PAVUIScreen@@V?$StlNodeAlloc@PAVUIScreen@@@stlpmtx_std@@@stlpmtx_std@@@Z
112	1	1	F_ungraded	?_M_insert_overflow_aux@?$vector@V?$vector@VVector3@@V?$StlNodeAlloc@VVector3@@@stlpmtx_std@@@stlpmtx_std@@V?$StlNodeAlloc@V?$vector@VVector3@@V?$StlNodeAlloc@VVector3@@@stlpmtx_std@@@stlpmtx_std@@@2@@stlpmtx_std@@IAAXPAV?$vector@VVector3@@V?$StlNodeAlloc@VVector3@@@stlpmtx_std@@@2@ABV32@ABU__true_type@2@I_N@Z	?_M_insert_overflow_aux@?$vector@V?$vector@VRangeSection@@V?$StlNodeAlloc@VRangeSection@@@stlpmtx_std@@@stlpmtx_std@@V?$StlNodeAlloc@V?$vector@VRangeSection@@V?$StlNodeAlloc@VRangeSection@@@stlpmtx_std@@@stlpmtx_std@@@2@@stlpmtx_std@@IAAXPAV?$vector@VRangeSection@@V?$StlNodeAlloc@VRangeSection@@@stlpmtx_std@@@2@ABV32@ABU__true_type@2@I_N@Z	default/SongData	?_M_fill_insert@?$vector@V?$vector@VRangeSection@@V?$StlNodeAlloc@VRangeSection@@@stlpmtx_std@@@stlpmtx_std@@V?$StlNodeAlloc@V?$vector@VRangeSection@@V?$StlNodeAlloc@VRangeSection@@@stlpmtx_std@@@stlpmtx_std@@@2@@stlpmtx_std@@AAAXPAV?$vector@VRangeSection@@V?$StlNodeAlloc@VRangeSection@@@stlpmtx_std@@@2@IABV32@@Z
112	1	1	F_ungraded	??$__introsort_loop@PAVCategory@CameraManager@@V12@HU?$less@VCategory@CameraManager@@@stlpmtx_std@@@stlpmtx_std@@YAXPAVCategory@CameraManager@@00HU?$less@VCategory@CameraManager@@@0@@Z	??$__introsort_loop@PAVSpotlightEntry@SpotlightDrawer@@V12@HVByColor@@@stlpmtx_std@@YAXPAVSpotlightEntry@SpotlightDrawer@@00HVByColor@@@Z	default/SpotlightDrawer	??$sort@PAVSpotlightEntry@SpotlightDrawer@@VByColor@@@stlpmtx_std@@YAXPAVSpotlightEntry@SpotlightDrawer@@0VByColor@@@Z
108	1	1	F_sub100	??1BitmapOverride@WorldDir@@QAA@XZ	??1EventCall@EventAnim@@QAA@XZ	default/EventAnim	?erase@?$list@VEventCall@EventAnim@@V?$StlNodeAlloc@VEventCall@EventAnim@@@stlpmtx_std@@@stlpmtx_std@@QAA?AU?$_List_iterator@VEventCall@EventAnim@@U?$_Nonconst_traits@VEventCall@EventAnim@@@stlpmtx_std@@@2@U32@0@Z
108	1	1	F_ungraded	?_M_fill_insert_aux@?$vector@PAVRndDrawable@@V?$StlNodeAlloc@PAVRndDrawable@@@stlpmtx_std@@@stlpmtx_std@@AAAXPAPAVRndDrawable@@IABQAV3@ABU__false_type@2@@Z	?_M_fill_insert_aux@?$vector@PAVObject@Hmx@@V?$StlNodeAlloc@PAVObject@Hmx@@@stlpmtx_std@@@stlpmtx_std@@AAAXPAPAVObject@Hmx@@IABQAV34@ABU__false_type@2@@Z	default/FlowMultiSetProperty	?_M_fill_insert@?$vector@PAVObject@Hmx@@V?$StlNodeAlloc@PAVObject@Hmx@@@stlpmtx_std@@@stlpmtx_std@@AAAXPAPAVObject@Hmx@@IABQAV34@@Z
108	1	1	AIRTIGHT	??$__unguarded_linear_insert@PAPAVVert@RndMesh@@PAV12@USortByZ@@@stlpmtx_std@@YAXPAPAVVert@RndMesh@@PAV12@USortByZ@@@Z	??$__unguarded_linear_insert@PAPAVAllocInfo@@PAV1@P6A_NABQAV1@0@Z@stlpmtx_std@@YAXPAPAVAllocInfo@@PAV1@P6A_NABQAV1@2@Z@Z	default/MemTracker	??$__final_insertion_sort@PAPAVAllocInfo@@P6A_NABQAV1@0@Z@stlpmtx_std@@YAXPAPAVAllocInfo@@0P6A_NABQAV1@1@Z@Z
104	1	2	F_ungraded	??0?$hash_map@VSymbol@@HU?$hash@VSymbol@@@stlpmtx_std@@U?$equal_to@VSymbol@@@3@V?$StlNodeAlloc@U?$pair@$$CBVSymbol@@H@stlpmtx_std@@@3@@stlpmtx_std@@QAA@XZ	??0?$hash_map@HVSymbol@@U?$hash@H@stlpmtx_std@@U?$equal_to@H@3@V?$StlNodeAlloc@U?$pair@$$CBHVSymbol@@@stlpmtx_std@@@3@@stlpmtx_std@@QAA@XZ	default/FixedSizeSaveableStream	??0FixedSizeSaveableStream@@QAA@PAXH_N@Z
104	1	1	F_ungraded	?SetClipType@CharDriver@@IAAXVSymbol@@@Z	??$_outline_SetClipType@$I?SetClipType@CharDriver@@IAAXVSymbol@@@ZA@A@@@YAXPAVCharDriver@@VSymbol@@@Z	default/BandCharacter	?SetClipTypes@BandCharacter@@QAAXVSymbol@@0@Z
100	1	1	F_ungraded	??1?$vector@V?$map@HMU?$less@H@stlpmtx_std@@V?$StlNodeAlloc@U?$pair@$$CBHM@stlpmtx_std@@@2@@stlpmtx_std@@V?$StlNodeAlloc@V?$map@HMU?$less@H@stlpmtx_std@@V?$StlNodeAlloc@U?$pair@$$CBHM@stlpmtx_std@@@2@@stlpmtx_std@@@2@@stlpmtx_std@@QAA@XZ	??1?$vector@V?$set@VSymbol@@U?$less@VSymbol@@@stlpmtx_std@@V?$StlNodeAlloc@VSymbol@@@3@@stlpmtx_std@@V?$StlNodeAlloc@V?$set@VSymbol@@U?$less@VSymbol@@@stlpmtx_std@@V?$StlNodeAlloc@VSymbol@@@3@@stlpmtx_std@@@2@@stlpmtx_std@@QAA@XZ	default/band3/game/Game	??1SongFilter@SongSortMgr@@QAA@XZ
100	1	1	F_ungraded	?GetStarsToken@@YA?AVSymbol@@H@Z	?GetSymbolForStarCount@StarDisplay@@SA?AVSymbol@@H@Z	default/StarDisplay	?GetStarCountForSymbol@StarDisplay@@SAHVSymbol@@@Z
96	1	1	AIRTIGHT	??4?$vector@VSfxMap@@V?$StlNodeAlloc@VSfxMap@@@stlpmtx_std@@@stlpmtx_std@@QAAAAV01@ABV01@@Z	??4?$vector@VMoggClipMap@@V?$StlNodeAlloc@VMoggClipMap@@@stlpmtx_std@@@stlpmtx_std@@QAAAAV01@ABV01@@Z	default/Sfx	??4?$ObjVector@VMoggClipMap@@@@QAAXABV0@@Z
96	1	1	AIRTIGHT	??4?$vector@VMoggClipMap@@V?$StlNodeAlloc@VMoggClipMap@@@stlpmtx_std@@@stlpmtx_std@@QAAAAV01@ABV01@@Z	??4?$vector@VSfxMap@@V?$StlNodeAlloc@VSfxMap@@@stlpmtx_std@@@stlpmtx_std@@QAAAAV01@ABV01@@Z	default/Sfx	??4?$ObjVector@VSfxMap@@@@QAAXABV0@@Z
92	1	1	F_ungraded	??4?$vector@UBone@CharBones@@V?$StlNodeAlloc@UBone@CharBones@@@stlpmtx_std@@@stlpmtx_std@@QAAAAV01@ABV01@@Z	??4?$vector@U?$pair@HM@stlpmtx_std@@V?$StlNodeAlloc@U?$pair@HM@stlpmtx_std@@@2@@stlpmtx_std@@QAAAAV01@ABV01@@Z	default/PerformanceData	??$__copy@PBVSingerStats@@PAV1@H@stlpmtx_std@@YAPAVSingerStats@@PBV1@0PAV1@ABUrandom_access_iterator_tag@0@PAH@Z
92	1	1	F_ungraded	??1BandLabel@@UAA@XZ	??1AppLabel@@UAA@XZ	default/MetaPanel	??_DAppLabel@@QAAXXZ
88	1	1	F_ungraded	?NoteOff@DirectInstrument@@QAAXH@Z	?NoteOn@DirectInstrument@@QAAXH@Z	default/GemPlayer	?NoteOn@GemPlayer@@UAAXH@Z
88	1	1	F_ungraded	?Save@UIComponent@@UAAXAAVBinStream@@@Z	?Save@FlowSwitch@@UAAXAAVBinStream@@@Z	default/FlowWhile	?Save@FlowWhile@@UAAXAAVBinStream@@@Z
84	1	1	AIRTIGHT	?GetTrackIcon@BandTrack@@QBAPBDXZ	?UserName@BandTrack@@QBAPBDXZ	default/AppLabel	?SetUserName@AppLabel@@QAAXPAVBandTrack@@@Z
84	1	1	AIRTIGHT	??1CreditsPanel@@EAA@XZ	??1ContentLoadingPanel@@UAA@XZ	default/band3/meta_band/ContentLoadingPanel	??_GContentLoadingPanel@@UAAPAXI@Z
84	1	1	AIRTIGHT	??5@YAAAVBinStreamRev@@AAV0@AAUProxyCall@EventTrigger@@@Z	??5@YAAAVBinStreamRev@@AAV0@AAUAnim@EventTrigger@@@Z	default/EventTrigger	??$?5UAnim@EventTrigger@@@@YAAAVBinStream@@AAVBinStreamRev@@AAV?$ObjList@UAnim@EventTrigger@@@@@Z
84	1	1	AIRTIGHT	?Advance@?$ObjDirItr@VObject@Hmx@@@@AAAXXZ	?Advance@?$ObjDirItr@VCharBone@@@@AAAXXZ	default/CharServoBone	??E?$ObjDirItr@VCharBone@@@@QAAAAV0@XZ
84	1	1	AIRTIGHT	?Advance@?$ObjDirItr@VSpotlightDrawer@@@@AAAXXZ	?Advance@?$ObjDirItr@VObject@Hmx@@@@AAAXXZ	default/LightPreset	??E?$ObjDirItr@VObject@Hmx@@@@QAAAAV0@XZ
84	1	1	F_ungraded	?Advance@?$ObjDirItr@VBandList@@@@AAAXXZ	?Advance@?$ObjDirItr@VCharClipGroup@@@@AAAXXZ	default/CharClipSet	??E?$ObjDirItr@VCharClipGroup@@@@QAAAAV0@XZ
84	1	1	AIRTIGHT	?Advance@?$ObjDirItr@VRndGroup@@@@AAAXXZ	?Advance@?$ObjDirItr@VSynthSample@@@@AAAXXZ	default/CheatProvider	??E?$ObjDirItr@VSynthSample@@@@QAAAAV0@XZ
84	1	1	F_ungraded	?Advance@?$ObjDirItr@VRndMesh@@@@AAAXXZ	?Advance@?$ObjDirItr@VPanelDir@@@@AAAXXZ	default/system/rndobj/Utl	??E?$ObjDirItr@VPanelDir@@@@QAAAAV0@XZ
84	1	1	AIRTIGHT	??1ContentLoadingPanel@@UAA@XZ	??1CreditsPanel@@EAA@XZ	default/CreditsPanel	??_GCreditsPanel@@EAAPAXI@Z
84	1	1	AIRTIGHT	?Advance@?$ObjDirItr@VRndPollable@@@@AAAXXZ	?Advance@?$ObjDirItr@VRndAnimatable@@@@AAAXXZ	default/Anim	??E?$ObjDirItr@VRndAnimatable@@@@QAAAAV0@XZ
84	1	1	AIRTIGHT	?Advance@?$ObjDirItr@VRndAnimatable@@@@AAAXXZ	?Advance@?$ObjDirItr@VRndPollable@@@@AAAXXZ	default/Anim	??E?$ObjDirItr@VRndPollable@@@@QAAAAV0@XZ
84	1	1	AIRTIGHT	?insert@?$list@UInstance@RndMultiMesh@@V?$TransformListAlloc@UInstance@RndMultiMesh@@@stlpmtx_std@@@stlpmtx_std@@QAA?AU?$_List_iterator@UInstance@RndMultiMesh@@U?$_Nonconst_traits@UInstance@RndMultiMesh@@@stlpmtx_std@@@2@U32@ABUInstance@RndMultiMesh@@@Z	?insert@?$list@UInstance@RndMultiMesh@@V?$StlNodeAlloc@UInstance@RndMultiMesh@@@stlpmtx_std@@@stlpmtx_std@@QAA?AU?$_List_iterator@UInstance@RndMultiMesh@@U?$_Nonconst_traits@UInstance@RndMultiMesh@@@stlpmtx_std@@@2@U32@ABUInstance@RndMultiMesh@@@Z	default/TrackWidget	?DoPushInstance@?$TrackWidgetImp@UInstance@RndMultiMesh@@@@QAAXAAV?$list@UInstance@RndMultiMesh@@V?$StlNodeAlloc@UInstance@RndMultiMesh@@@stlpmtx_std@@@stlpmtx_std@@AAUInstance@RndMultiMesh@@@Z
84	1	1	F_ungraded	??1TourChar@@UAA@XZ	??1LocalePanel@@UAA@XZ	default/UI	??_GLocalePanel@@UAAPAXI@Z
84	1	1	AIRTIGHT	??4exception@std@@QAAAAV01@ABV01@@Z	?_Copy_str@exception@std@@AAAXPBD@Z	default/rtti	??0bad_cast@std@@QAA@PBD@Z
80	1	3	F_ungraded	??1Strand@CharHair@@QAA@XZ	??1DynamicPropertyEntry@Flow@@QAA@XZ	default/Flow	??$_Destroy_Range@PAUDynamicPropertyEntry@Flow@@@stlpmtx_std@@YAXPAUDynamicPropertyEntry@Flow@@0@Z
80	1	1	F_ungraded	??$__linear_insert@PAPAVPrefabChar@@PAV1@USortPrefabByPortraitFileName@@@stlpmtx_std@@YAXPAPAVPrefabChar@@0PAV1@USortPrefabByPortraitFileName@@@Z	??$__linear_insert@PAPAUEventEntry@@PAU1@UMaxSort@@@stlpmtx_std@@YAXPAPAUEventEntry@@0PAU1@UMaxSort@@@Z	default/band3/meta_band/PrefabMgr	??$__insertion_sort@PAPAUEventEntry@@PAU1@UMaxSort@@@stlpmtx_std@@YAXPAPAUEventEntry@@00UMaxSort@@@Z
80	1	1	F_ungraded	?_M_erase@?$_Rb_tree@VSymbol@@U?$less@VSymbol@@@stlpmtx_std@@U?$pair@$$CBVSymbol@@VSetlistRecord@@@3@U?$_Select1st@U?$pair@$$CBVSymbol@@VSetlistRecord@@@stlpmtx_std@@@3@U?$_MapTraitsT@U?$pair@$$CBVSymbol@@VSetlistRecord@@@stlpmtx_std@@@priv@3@V?$StlNodeAlloc@U?$pair@$$CBVSymbol@@VSetlistRecord@@@stlpmtx_std@@@3@@stlpmtx_std@@AAAXPAU_Rb_tree_node_base@2@@Z	?_M_erase@?$_Rb_tree@VSymbol@@U?$less@VSymbol@@@stlpmtx_std@@U?$pair@$$CBVSymbol@@H@3@U?$_Select1st@U?$pair@$$CBVSymbol@@H@stlpmtx_std@@@3@U?$_MapTraitsT@U?$pair@$$CBVSymbol@@H@stlpmtx_std@@@priv@3@V?$StlNodeAlloc@U?$pair@$$CBVSymbol@@H@stlpmtx_std@@@3@@stlpmtx_std@@AAAXPAU_Rb_tree_node_base@2@@Z	default/SongSortMgr	?clear@?$_Rb_tree@VSymbol@@U?$less@VSymbol@@@stlpmtx_std@@U?$pair@$$CBVSymbol@@H@3@U?$_Select1st@U?$pair@$$CBVSymbol@@H@stlpmtx_std@@@3@U?$_MapTraitsT@U?$pair@$$CBVSymbol@@H@stlpmtx_std@@@priv@3@V?$StlNodeAlloc@U?$pair@$$CBVSymbol@@H@stlpmtx_std@@@3@@stlpmtx_std@@QAAXXZ
80	1	1	AIRTIGHT	??$__linear_insert@PAPAVFileCacheEntry@@PAV1@UPriority@@@stlpmtx_std@@YAXPAPAVFileCacheEntry@@0PAV1@UPriority@@@Z	??$__linear_insert@PAPAVMoveDetector@@PAV1@UMoveDetectorCmp@@@stlpmtx_std@@YAXPAPAVMoveDetector@@0PAV1@UMoveDetectorCmp@@@Z	default/FileCache	??$__insertion_sort@PAPAVMoveDetector@@PAV1@UMoveDetectorCmp@@@stlpmtx_std@@YAXPAPAVMoveDetector@@00UMoveDetectorCmp@@@Z
80	1	1	AIRTIGHT	??$__linear_insert@PAPAVMoveDetector@@PAV1@UMoveDetectorCmp@@@stlpmtx_std@@YAXPAPAVMoveDetector@@0PAV1@UMoveDetectorCmp@@@Z	??$__linear_insert@PAPAVFileCacheEntry@@PAV1@UPriority@@@stlpmtx_std@@YAXPAPAVFileCacheEntry@@0PAV1@UPriority@@@Z	default/FileCache	??$__insertion_sort@PAPAVFileCacheEntry@@PAV1@UPriority@@@stlpmtx_std@@YAXPAPAVFileCacheEntry@@00UPriority@@@Z
80	1	1	F_ungraded	?ImportSettingsFromFont@UIFontImporter@@QAAXPAVRndFont@@@Z	?AttachImporterToFont@UIFontImporter@@QAAXPAVRndFont@@@Z	default/UIFontImporter	?OnAttachToImportFont@UIFontImporter@@IAA?AVDataNode@@PAVDataArray@@@Z
80	1	1	AIRTIGHT	??$__linear_insert@PAPAVVert@RndMesh@@PAV12@USortByZ@@@stlpmtx_std@@YAXPAPAVVert@RndMesh@@0PAV12@USortByZ@@@Z	??$__linear_insert@PAPAVAllocInfo@@PAV1@P6A_NABQAV1@0@Z@stlpmtx_std@@YAXPAPAVAllocInfo@@0PAV1@P6A_NABQAV1@2@Z@Z	default/MemTracker	??$__insertion_sort@PAPAVAllocInfo@@PAV1@P6A_NABQAV1@0@Z@stlpmtx_std@@YAXPAPAVAllocInfo@@00P6A_NABQAV1@1@Z@Z
76	1	2	F_ungraded	??1?$ObjRefConcrete@VBandCharDesc@@VObjectDir@@@@UAA@XZ	??1?$ObjOwnerPtr@VBandCharDesc@@@@UAA@XZ	default/BandCharacter	??_G?$ObjOwnerPtr@VBandCharDesc@@@@UAAPAXI@Z
76	1	2	F_ungraded	??1?$ObjRefConcrete@VRndParticleSys@@VObjectDir@@@@UAA@XZ	??1?$ObjOwnerPtr@VRndParticleSysAnim@@@@UAA@XZ	default/PartAnim	??_G?$ObjOwnerPtr@VRndParticleSysAnim@@@@UAAPAXI@Z
76	1	2	F_ungraded	??1?$ObjRefConcrete@VBandIKEffector@@VObjectDir@@@@UAA@XZ	??1?$ObjOwnerPtr@VRndMeshAnim@@@@UAA@XZ	default/MeshAnim	??_G?$ObjOwnerPtr@VRndMeshAnim@@@@UAAPAXI@Z
76	1	2	F_ungraded	??1?$ObjRefConcrete@VRndGroup@@VObjectDir@@@@UAA@XZ	??1?$ObjOwnerPtr@VSpotlight@@@@UAA@XZ	default/Spotlight	??_G?$ObjOwnerPtr@VSpotlight@@@@UAAPAXI@Z
72	1	1	F_ungraded	??0TextFile@@AAA@XZ	??0HighFiveGestureFilter@@IAA@XZ	default/Gesture	?NewObject@HighFiveGestureFilter@@SAPAVObject@Hmx@@XZ
68	1	1	F_sub100	?resize@?$vector@UDynamicPropertyEntry@Flow@@V?$StlNodeAlloc@UDynamicPropertyEntry@Flow@@@stlpmtx_std@@@stlpmtx_std@@QAAXIABUDynamicPropertyEntry@Flow@@@Z	?resize@?$vector@VStrand@CharHair@@V?$StlNodeAlloc@VStrand@CharHair@@@stlpmtx_std@@@stlpmtx_std@@QAAXIABVStrand@CharHair@@@Z	default/CharHair	?resize@?$ObjVector@VStrand@CharHair@@@@QAAXI@Z
68	1	1	AIRTIGHT	??0SfxMap@@QAA@PAVObject@Hmx@@@Z	??0MoggClipMap@@QAA@PAVObject@Hmx@@@Z	default/Sfx	?resize@?$ObjVector@VMoggClipMap@@@@QAAXI@Z
68	1	1	AIRTIGHT	??0MoggClipMap@@QAA@PAVObject@Hmx@@@Z	??0SfxMap@@QAA@PAVObject@Hmx@@@Z	default/Sfx	?resize@?$ObjVector@VSfxMap@@@@QAAXI@Z
68	1	1	F_ungraded	??1PracticePanel@@UAA@XZ	??1FlowOnStop@@UAA@XZ	default/FlowOnStop	??_GFlowOnStop@@UAAPAXI@Z
60	2	2	F_ungraded	?find@String@@QBAIPBDI@Z	?find@FixedString@@QBAIPBDI@Z	default/Str	?contains@FixedString@@QBA_NPBD@Z;?find@FixedString@@QBAIPBD@Z
60	1	1	AIRTIGHT	?SetTrackType@BandUser@@QAAXW4TrackType@@@Z	?SetDifficulty@BandUser@@QAAXW4Difficulty@@@Z	default/BandUser	?SetDifficulty@BandUser@@QAAXVSymbol@@@Z
60	1	1	F_ungraded	??0GoalAcquisitionInfo@@QAA@ABU0@@Z	??0PracticeStep@@QAA@ABV0@@Z	default/PracticeSection	??$_Param_Construct@VPracticeStep@@V1@@stlpmtx_std@@YAXPAVPracticeStep@@ABV1@@Z
60	1	1	F_ungraded	??0ContentPoolMapping@SongSectionController@@QAA@ABV01@@Z	??0EventSink@MsgSinks@@QAA@ABU01@@Z	default/Msg	??$_Copy_Construct@UEventSink@MsgSinks@@@stlpmtx_std@@YAXPAUEventSink@MsgSinks@@ABU12@@Z
40	1	1	F_ungraded	?RemoveSink@MsgSource@@QAAXPAVObject@Hmx@@VSymbol@@@Z	?RemoveSink@Object@Hmx@@QAAXPAV12@VSymbol@@@Z	default/OnlineID	?KeyboardUnsubscribe@@YAXPAVObject@Hmx@@@Z
28	1	1	F_ungraded	??$TrimExcess@UTempoInfoPoint@MultiTempoTempoMap@@@@YAXAAV?$vector@UTempoInfoPoint@MultiTempoTempoMap@@V?$StlNodeAlloc@UTempoInfoPoint@MultiTempoTempoMap@@@stlpmtx_std@@@stlpmtx_std@@@Z	??$TrimExcess@UCompEv@DataEventList@@@@YAXAAV?$vector@UCompEv@DataEventList@@V?$StlNodeAlloc@UCompEv@DataEventList@@@stlpmtx_std@@@stlpmtx_std@@@Z	default/DataEventList	?Compact@DataEventList@@QAAXXZ
20	1	1	AIRTIGHT	?HandlePlayerSaved@Tracker@@QAAXPAVPlayer@@@Z	?HandleRemovePlayer@Tracker@@QAAXPAVPlayer@@@Z	default/TrackerManager	?HandleRemovePlayer@TrackerManager@@QAAXPAVPlayer@@@Z
20	1	1	AIRTIGHT	?HandleRemovePlayer@Tracker@@QAAXPAVPlayer@@@Z	?HandleGameOver@Tracker@@QAAXM@Z	default/TrackerManager	?HandleGameOver@TrackerManager@@QAAXM@Z
20	1	1	AIRTIGHT	?RemoteEndStreak@Tracker@@QAAXPAVPlayer@@HH@Z	?HandleRemovePlayer@Tracker@@QAAXPAVPlayer@@@Z	default/TrackerManager	?OnPlayerQuarantined@TrackerManager@@QAAXPAVPlayer@@@Z
16	1	1	F_ungraded	??4?$vector@HV?$StlNodeAlloc@H@stlpmtx_std@@@stlpmtx_std@@QAAAAV01@ABV01@@Z	??4?$vector@PAVRemoteBandUser@@V?$StlNodeAlloc@PAVRemoteBandUser@@@stlpmtx_std@@@stlpmtx_std@@QAAAAV01@ABV01@@Z	default/band3/meta_band/SessionMgr	?GetWaitingUsers@SessionMgr@@QAAXAAV?$vector@PAVRemoteBandUser@@V?$StlNodeAlloc@PAVRemoteBandUser@@@stlpmtx_std@@@stlpmtx_std@@@Z
16	1	1	F_ungraded	?Replace@RndParticleSys@@UAAXPAVObjRef@@PAVObject@Hmx@@@Z	?Load@RndCam@@UAAXAAVBinStream@@@Z	default/system/rnddx9/CubeTex	?Load@RndCam@@$4PPPPPPPM@3AAXAAVBinStream@@@Z
16	1	1	F_ungraded	??2OutfitConfig@@SAPAXI@Z	?GetAddr@Voice@@QAAHXZ	default/StreamReceiver360	?GetPlayCursor@StreamReceiver360@@MAAHXZ
16	1	1	AIRTIGHT	?Detune@Singer@@QAAXM@Z	?SetAmount@PitchCorrectedVoice@Synapse@DSP@@QAAXM@Z	default/Synapse_dsp	?SetVoiceAmount@Synapse@1DSP@@QAAXIM@Z
16	1	1	F_ungraded	?SetAmount@PitchCorrectedVoice@Synapse@DSP@@QAAXM@Z	?SetProximityFocus@PitchCorrectedVoice@Synapse@DSP@@QAAXM@Z	default/Synapse_dsp	?SetVoiceProximityFocus@Synapse@1DSP@@QAAXIM@Z
12	1	1	F_ungraded	?SyncProperty@RndParticleSys@@UAA_NAAVDataNode@@PAVDataArray@@HW4PropOp@@@Z	?SyncProperty@RndAnimatable@@UAA_NAAVDataNode@@PAVDataArray@@HW4PropOp@@@Z	default/Part	?SyncProperty@RndAnimatable@@$4PPPPPPPM@A@AA_NAAVDataNode@@PAVDataArray@@HW4PropOp@@@Z
12	1	1	F_ungraded	?GetLocalUser@LocalUser@@UAAPAV1@XZ	?GetRemoteUser@LocalUser@@UAAPAVRemoteUser@@XZ	default/User	?GetRemoteUser@LocalUser@@$4PPPPPPPM@A@AAPAVRemoteUser@@XZ
12	1	1	F_ungraded	?ContentPattern@Callback@ContentMgr@@UAAPBDXZ	?GetLocalBandUser@RemoteBandUser@@UAAPAVLocalBandUser@@XZ	default/BandUser	?GetLocalBandUser@RemoteBandUser@@$4PPPPPPPM@A@AAPAVLocalBandUser@@XZ
12	1	1	AIRTIGHT	?GetRemoteBandUser@RemoteBandUser@@UAAPAV1@XZ	?GetCymbalConfiguration@LocalBandUser@@UBAHXZ	default/BandUser	?GetCymbalConfiguration@LocalBandUser@@$4PPPPPPPM@A@BAHXZ
12	1	1	F_ungraded	?Copy@BandDirector@@UAAXPBVObject@Hmx@@W4CopyType@23@@Z	?Replace@BandDirector@@UAAXPAVObjRef@@PAVObject@Hmx@@@Z	default/BandDirector	?Replace@BandDirector@@$4PPPPPPPM@A@AAXPAVObjRef@@PAVObject@Hmx@@@Z
12	1	1	AIRTIGHT	?SyncProperty@PanelDir@@UAA_NAAVDataNode@@PAVDataArray@@HW4PropOp@@@Z	?SetType@TexLoadPanel@@UAAXVSymbol@@@Z	default/TourDescPanel	?SetType@TexLoadPanel@@$4PPPPPPPM@A@AAXVSymbol@@@Z
12	1	1	F_sub100	?SetType@DxCam@@UAAXVSymbol@@@Z	?PreLoad@BandLabel@@UAAXAAVBinStream@@@Z	default/system/rnddx9/CubeTex	?PreLoad@BandLabel@@$4PPPPPPPM@A@AAXAAVBinStream@@@Z
12	1	1	F_ungraded	?ClassName@DxMultiMesh@@UBA?AVSymbol@@XZ	?ClassName@AppLabel@@UBA?AVSymbol@@XZ	default/system/rnddx9/CubeTex	?ClassName@AppLabel@@$4PPPPPPPM@A@BA?AVSymbol@@XZ
12	1	1	F_ungraded	?ClassName@ContentLoadingPanel@@UBA?AVSymbol@@XZ	?Handle@ContentLoadingPanel@@UAA?AVDataNode@@PAVDataArray@@_N@Z	default/band3/meta_band/ContentLoadingPanel	?Handle@ContentLoadingPanel@@$4PPPPPPPM@A@AA?AVDataNode@@PAVDataArray@@_N@Z
12	1	1	AIRTIGHT	?Copy@ScoreDisplay@@UAAXPBVObject@Hmx@@W4CopyType@23@@Z	?Save@ScoreDisplay@@UAAXAAVBinStream@@@Z	default/ScoreDisplay	?Save@ScoreDisplay@@$4PPPPPPPM@A@AAXAAVBinStream@@@Z
12	1	1	AIRTIGHT	?SetType@ScoreDisplay@@UAAXVSymbol@@@Z	?Copy@ScoreDisplay@@UAAXPBVObject@Hmx@@W4CopyType@23@@Z	default/ScoreDisplay	?Copy@ScoreDisplay@@$4PPPPPPPM@A@AAXPBVObject@Hmx@@W4CopyType@23@@Z
12	1	1	AIRTIGHT	?Handle@MetaPanel@@UAA?AVDataNode@@PAVDataArray@@_N@Z	?ClassName@MetaPanel@@UBA?AVSymbol@@XZ	default/MetaPanel	?ClassName@MetaPanel@@$4PPPPPPPM@A@BA?AVSymbol@@XZ
12	1	1	AIRTIGHT	?Handle@SetlistToStorePanel@@UAA?AVDataNode@@PAVDataArray@@_N@Z	?Handle@MetaPanel@@UAA?AVDataNode@@PAVDataArray@@_N@Z	default/MetaPanel	?Handle@MetaPanel@@$4PPPPPPPM@A@AA?AVDataNode@@PAVDataArray@@_N@Z
12	1	1	AIRTIGHT	?Handle@ProfileMgr@@UAA?AVDataNode@@PAVDataArray@@_N@Z	?Handle@SaveLoadManager@@UAA?AVDataNode@@PAVDataArray@@_N@Z	default/band3/meta_band/SaveLoadManager	?Handle@SaveLoadManager@@$4PPPPPPPM@A@AA?AVDataNode@@PAVDataArray@@_N@Z
12	1	1	F_ungraded	?ClassName@PanelDir@@UBA?AVSymbol@@XZ	?Handle@TourDescPanel@@UAA?AVDataNode@@PAVDataArray@@_N@Z	default/TourDescPanel	?Handle@TourDescPanel@@$4PPPPPPPM@A@AA?AVDataNode@@PAVDataArray@@_N@Z
12	1	1	F_ungraded	?Load@BandCharDesc@@UAAXAAVBinStream@@@Z	?Handle@BandCharDesc@@UAA?AVDataNode@@PAVDataArray@@_N@Z	default/BandCharacter	?Handle@BandCharDesc@@$4PPPPPPPM@A@AA?AVDataNode@@PAVDataArray@@_N@Z
12	1	1	F_ungraded	?SyncProperty@BandTrack@@UAA_NAAVDataNode@@PAVDataArray@@HW4PropOp@@@Z	?Copy@BandTrack@@UAAXPBVObject@Hmx@@W4CopyType@23@@Z	default/system/bandobj/BandTrack	?Copy@BandTrack@@$4PPPPPPPM@A@AAXPBVObject@Hmx@@W4CopyType@23@@Z
12	1	1	F_ungraded	?PostLoad@GemTrackDir@@UAAXAAVBinStream@@@Z	?Load@BandTrack@@UAAXAAVBinStream@@@Z	default/GemTrackDir	?Load@BandTrack@@$4PPPPPPPM@A@AAXAAVBinStream@@@Z
12	1	1	F_ungraded	?Copy@CrowdMeterIcon@@UAAXPBVObject@Hmx@@W4CopyType@23@@Z	?PreLoad@CrowdMeterIcon@@UAAXAAVBinStream@@@Z	default/CrowdMeterIcon	?PreLoad@CrowdMeterIcon@@$4PPPPPPPM@A@AAXAAVBinStream@@@Z
12	1	1	F_ungraded	?PostLoad@CrowdMeterIcon@@UAAXAAVBinStream@@@Z	?Save@CrowdMeterIcon@@UAAXAAVBinStream@@@Z	default/CrowdMeterIcon	?Save@CrowdMeterIcon@@$4PPPPPPPM@A@AAXAAVBinStream@@@Z
12	1	1	F_ungraded	?SyncProperty@EndingBonus@@UAA_NAAVDataNode@@PAVDataArray@@HW4PropOp@@@Z	?PostLoad@EndingBonus@@UAAXAAVBinStream@@@Z	default/EndingBonus	?PostLoad@EndingBonus@@$4PPPPPPPM@A@AAXAAVBinStream@@@Z
12	1	1	F_ungraded	?SyncProperty@OvershellDir@@UAA_NAAVDataNode@@PAVDataArray@@HW4PropOp@@@Z	?Copy@OvershellDir@@UAAXPBVObject@Hmx@@W4CopyType@23@@Z	default/OvershellDir	?Copy@OvershellDir@@$4PPPPPPPM@A@AAXPBVObject@Hmx@@W4CopyType@23@@Z
12	1	1	F_ungraded	?SyncProperty@PitchArrow@@UAA_NAAVDataNode@@PAVDataArray@@HW4PropOp@@@Z	?PostLoad@PitchArrow@@UAAXAAVBinStream@@@Z	default/PitchArrow	?PostLoad@PitchArrow@@$4PPPPPPPM@A@AAXAAVBinStream@@@Z
12	1	1	F_ungraded	?Handle@PlayerDiffIcon@@UAA?AVDataNode@@PAVDataArray@@_N@Z	?ClassName@PlayerDiffIcon@@UBA?AVSymbol@@XZ	default/PlayerDiffIcon	?ClassName@PlayerDiffIcon@@$4PPPPPPPM@A@BA?AVSymbol@@XZ
12	1	1	AIRTIGHT	?Save@TrackPanelDirBase@@UAAXAAVBinStream@@@Z	?PostLoad@TrackPanelDirBase@@UAAXAAVBinStream@@@Z	default/TrackPanelDirBase	?PostLoad@TrackPanelDirBase@@$4PPPPPPPM@A@AAXAAVBinStream@@@Z
12	1	1	AIRTIGHT	?Save@TrackPanelDir@@UAAXAAVBinStream@@@Z	?Save@TrackPanelDirBase@@UAAXAAVBinStream@@@Z	default/TrackPanelDir	?Save@TrackPanelDirBase@@$4PPPPPPPM@A@AAXAAVBinStream@@@Z
12	1	1	AIRTIGHT	?ClassName@UILabel@@UBA?AVSymbol@@XZ	?ClassName@VocalTrackDir@@UBA?AVSymbol@@XZ	default/VocalTrackDir	?ClassName@VocalTrackDir@@$4PPPPPPPM@A@BA?AVSymbol@@XZ
12	1	1	F_ungraded	?ClassName@CharIKFingers@@UBA?AVSymbol@@XZ	?ClassName@CharBlendBone@@UBA?AVSymbol@@XZ	default/CharBlendBone	?ClassName@CharBlendBone@@$4PPPPPPPM@A@BA?AVSymbol@@XZ
12	1	1	F_ungraded	?SyncProperty@RndTransformable@@UAA_NAAVDataNode@@PAVDataArray@@HW4PropOp@@@Z	?Replace@RndTransformable@@UAAXPAVObjRef@@PAVObject@Hmx@@@Z	default/CharBone	?Replace@RndTransformable@@$4PPPPPPPM@A@AAXPAVObjRef@@PAVObject@Hmx@@@Z
12	1	1	F_ungraded	?SetType@CharDriver@@UAAXVSymbol@@@Z	?Replace@CharDriver@@UAAXPAVObjRef@@PAVObject@Hmx@@@Z	default/CharDriver	?Replace@CharDriver@@$4PPPPPPPM@A@AAXPAVObjRef@@PAVObject@Hmx@@@Z
12	1	1	AIRTIGHT	?ClassName@CharSleeve@@UBA?AVSymbol@@XZ	?ClassName@CharDriver@@UBA?AVSymbol@@XZ	default/CharDriver	?ClassName@CharDriver@@$4PPPPPPPM@A@BA?AVSymbol@@XZ
12	1	1	F_ungraded	?SetType@CharDriverMidi@@UAAXVSymbol@@@Z	?Load@CharDriverMidi@@UAAXAAVBinStream@@@Z	default/CharDriverMidi	?Load@CharDriverMidi@@$4PPPPPPPM@A@AAXAAVBinStream@@@Z
12	1	1	AIRTIGHT	?ClassName@CharForeTwist@@UBA?AVSymbol@@XZ	?ClassName@CharIKMidi@@UBA?AVSymbol@@XZ	default/CharIKMidi	?ClassName@CharIKMidi@@$4PPPPPPPM@A@BA?AVSymbol@@XZ
12	1	1	AIRTIGHT	?SetType@CharIKRod@@UAAXVSymbol@@@Z	?Copy@CharIKRod@@UAAXPBVObject@Hmx@@W4CopyType@23@@Z	default/CharIKRod	?Copy@CharIKRod@@$4PPPPPPPM@A@AAXPBVObject@Hmx@@W4CopyType@23@@Z
12	1	1	F_ungraded	?SyncProperty@CharIKRod@@UAA_NAAVDataNode@@PAVDataArray@@HW4PropOp@@@Z	?Load@CharIKRod@@UAAXAAVBinStream@@@Z	default/CharIKRod	?Load@CharIKRod@@$4PPPPPPPM@A@AAXAAVBinStream@@@Z
12	1	1	AIRTIGHT	?ClassName@CharUpperTwist@@UBA?AVSymbol@@XZ	?ClassName@CharIKSliderMidi@@UBA?AVSymbol@@XZ	default/CharIKSliderMidi	?ClassName@CharIKSliderMidi@@$4PPPPPPPM@A@BA?AVSymbol@@XZ
12	1	1	AIRTIGHT	?Replace@RndParticleSys@@UAAXPAVObjRef@@PAVObject@Hmx@@@Z	?SyncProperty@RndParticleSys@@UAA_NAAVDataNode@@PAVDataArray@@HW4PropOp@@@Z	default/Part	?SyncProperty@RndParticleSys@@$4PPPPPPPM@A@AA_NAAVDataNode@@PAVDataArray@@HW4PropOp@@@Z
12	1	1	AIRTIGHT	?SetType@RndParticleSys@@UAAXVSymbol@@@Z	?Replace@RndParticleSys@@UAAXPAVObjRef@@PAVObject@Hmx@@@Z	default/Part	?Replace@RndParticleSys@@$4PPPPPPPM@A@AAXPAVObjRef@@PAVObject@Hmx@@@Z
12	1	1	AIRTIGHT	?ClassName@CharIKMidi@@UBA?AVSymbol@@XZ	?ClassName@CharMirror@@UBA?AVSymbol@@XZ	default/CharMirror	?ClassName@CharMirror@@$4PPPPPPPM@A@BA?AVSymbol@@XZ
12	1	1	AIRTIGHT	?ClassName@CharIKSliderMidi@@UBA?AVSymbol@@XZ	?ClassName@CharNeckTwist@@UBA?AVSymbol@@XZ	default/CharNeckTwist	?ClassName@CharNeckTwist@@$4PPPPPPPM@A@BA?AVSymbol@@XZ
12	1	1	AIRTIGHT	?ClassName@CharMirror@@UBA?AVSymbol@@XZ	?ClassName@CharPollGroup@@UBA?AVSymbol@@XZ	default/CharPollGroup	?ClassName@CharPollGroup@@$4PPPPPPPM@A@BA?AVSymbol@@XZ
12	1	1	AIRTIGHT	?ClassName@CharNeckTwist@@UBA?AVSymbol@@XZ	?ClassName@CharServoBone@@UBA?AVSymbol@@XZ	default/CharServoBone	?ClassName@CharServoBone@@$4PPPPPPPM@A@BA?AVSymbol@@XZ
12	1	1	AIRTIGHT	?ClassName@CharServoBone@@UBA?AVSymbol@@XZ	?ClassName@CharSleeve@@UBA?AVSymbol@@XZ	default/CharSleeve	?ClassName@CharSleeve@@$4PPPPPPPM@A@BA?AVSymbol@@XZ
12	1	1	AIRTIGHT	?ClassName@DialogDisplay@@UBA?AVSymbol@@XZ	?ClassName@CharUpperTwist@@UBA?AVSymbol@@XZ	default/CharUpperTwist	?ClassName@CharUpperTwist@@$4PPPPPPPM@A@BA?AVSymbol@@XZ
12	1	1	F_ungraded	?SetType@Character@@UAAXVSymbol@@@Z	?Replace@CharWeightable@@MAAXPAVObjRef@@PAVObject@Hmx@@@Z	default/Character	?Replace@CharWeightable@@$2PPPPPPPM@A@AAXPAVObjRef@@PAVObject@Hmx@@@Z
12	1	1	F_ungraded	?SetType@CharWeightable@@UAAXVSymbol@@@Z	?Load@CharWeightable@@UAAXAAVBinStream@@@Z	default/CharWeightable	?Load@CharWeightable@@$4PPPPPPPM@A@AAXAAVBinStream@@@Z
12	1	1	AIRTIGHT	?ClassName@VocalTrackDir@@UBA?AVSymbol@@XZ	?ClassName@Character@@UBA?AVSymbol@@XZ	default/Character	?ClassName@Character@@$4PPPPPPPM@A@BA?AVSymbol@@XZ
12	1	1	F_ungraded	?ClassName@Character@@UBA?AVSymbol@@XZ	?Handle@Character@@UAA?AVDataNode@@PAVDataArray@@_N@Z	default/Character	?Handle@Character@@$4PPPPPPPM@A@AA?AVDataNode@@PAVDataArray@@_N@Z
12	1	1	F_sub100	?ClassName@RndTexBlender@@UBA?AVSymbol@@XZ	?ClassName@LightPreset@@UBA?AVSymbol@@XZ	default/TexBlender	?ClassName@LightPreset@@$4PPPPPPPM@A@BA?AVSymbol@@XZ
12	1	1	F_ungraded	?Handle@SaveLoadManager@@UAA?AVDataNode@@PAVDataArray@@_N@Z	?Handle@MemcardMgr@@UAA?AVDataNode@@PAVDataArray@@_N@Z	default/MemcardMgr_Xbox	?Handle@MemcardMgr@@$4PPPPPPPM@A@AA?AVDataNode@@PAVDataArray@@_N@Z
12	1	1	F_sub100	?ClassName@FadePanel@@UBA?AVSymbol@@XZ	?ClassName@MsgSource@@UBA?AVSymbol@@XZ	default/Msg	?ClassName@MsgSource@@$4PPPPPPPM@A@BA?AVSymbol@@XZ
12	1	1	AIRTIGHT	?ClassName@DxMovie@@UBA?AVSymbol@@XZ	?ClassName@DxMultiMesh@@UBA?AVSymbol@@XZ	default/system/rnddx9/CubeTex	?ClassName@DxMultiMesh@@$4PPPPPPPM@A@BA?AVSymbol@@XZ
12	1	1	F_sub100	?Highlight@RndDir@@UAAXXZ	?Replace@RndDir@@UAAXPAVObjRef@@PAVObject@Hmx@@@Z	default/Anim	?Replace@RndDir@@$4PPPPPPPM@A@AAXPAVObjRef@@PAVObject@Hmx@@@Z
12	1	1	F_ungraded	?ClassName@RndLine@@UBA?AVSymbol@@XZ	?ClassName@RndSpline@@UBA?AVSymbol@@XZ	default/Line	?ClassName@RndSpline@@$4PPPPPPPM@A@BA?AVSymbol@@XZ
12	1	1	AIRTIGHT	?ClassName@BandCharacter@@UBA?AVSymbol@@XZ	?ClassName@RndLine@@UBA?AVSymbol@@XZ	default/Line	?ClassName@RndLine@@$4PPPPPPPM@A@BA?AVSymbol@@XZ
12	1	1	AIRTIGHT	?Save@RndDir@@UAAXAAVBinStream@@@Z	?Save@RndLine@@UAAXAAVBinStream@@@Z	default/Anim	?Save@RndLine@@$4PPPPPPPM@A@AAXAAVBinStream@@@Z
12	1	1	F_sub100	?Save@RndLine@@UAAXAAVBinStream@@@Z	?Load@RndLine@@UAAXAAVBinStream@@@Z	default/Line	?Load@RndLine@@$4PPPPPPPM@A@AAXAAVBinStream@@@Z
12	1	1	F_ungraded	?SetType@RndCam@@UAAXVSymbol@@@Z	?Load@RndCam@@UAAXAAVBinStream@@@Z	default/Cam	?Load@RndCam@@$4PPPPPPPM@A@AAXAAVBinStream@@@Z
12	1	1	F_ungraded	?Highlight@RndDrawable@@UAAXXZ	?Load@RndDrawable@@UAAXAAVBinStream@@@Z	default/Draw	?Load@RndDrawable@@$4PPPPPPPM@A@AAXAAVBinStream@@@Z
12	1	1	F_ungraded	?SetType@RndEnvAnim@@UAAXVSymbol@@@Z	?Replace@RndEnvAnim@@UAAXPAVObjRef@@PAVObject@Hmx@@@Z	default/EnvAnim	?Replace@RndEnvAnim@@$4PPPPPPPM@A@AAXPAVObjRef@@PAVObject@Hmx@@@Z
12	1	1	F_ungraded	?SetType@RndMultiMeshProxy@@UAAXVSymbol@@@Z	?Save@RndMultiMeshProxy@@UAAXAAVBinStream@@@Z	default/MultiMeshProxy	?Save@RndMultiMeshProxy@@$4PPPPPPPM@A@AAXAAVBinStream@@@Z
12	1	1	F_ungraded	?Load@RndPollAnim@@UAAXAAVBinStream@@@Z	?Poll@RndPollAnim@@UAAXXZ	default/PollAnim	?Poll@RndPollAnim@@$4PPPPPPPM@A@AAXXZ
12	1	1	AIRTIGHT	?SetType@RndPollAnim@@UAAXVSymbol@@@Z	?Load@RndPollAnim@@UAAXAAVBinStream@@@Z	default/PollAnim	?Load@RndPollAnim@@$4PPPPPPPM@A@AAXAAVBinStream@@@Z
12	1	1	F_ungraded	?SyncProperty@WorldDir@@UAA_NAAVDataNode@@PAVDataArray@@HW4PropOp@@@Z	?Save@RndShockwave@@UAAXAAVBinStream@@@Z	default/Shockwave	?Save@RndShockwave@@$4PPPPPPPM@A@AAXAAVBinStream@@@Z
12	1	1	F_ungraded	?SetType@RndTransAnim@@UAAXVSymbol@@@Z	?Replace@RndTransAnim@@UAAXPAVObjRef@@PAVObject@Hmx@@@Z	default/TransAnim	?Replace@RndTransAnim@@$4PPPPPPPM@A@AAXPAVObjRef@@PAVObject@Hmx@@@Z
12	1	1	F_ungraded	?Save@RndTransAnim@@UAAXAAVBinStream@@@Z	?Load@RndTransAnim@@UAAXAAVBinStream@@@Z	default/TransAnim	?Load@RndTransAnim@@$4PPPPPPPM@A@AAXAAVBinStream@@@Z
12	1	1	AIRTIGHT	?ClassName@UISlider@@UBA?AVSymbol@@XZ	?ClassName@PanelDir@@UBA?AVSymbol@@XZ	default/UISlider	?ClassName@PanelDir@@$4PPPPPPPM@A@BA?AVSymbol@@XZ
12	1	1	F_ungraded	?Save@Screenshot@@UAAXAAVBinStream@@@Z	?Load@Screenshot@@UAAXAAVBinStream@@@Z	default/Screenshot	?Load@Screenshot@@$4PPPPPPPM@A@AAXAAVBinStream@@@Z
12	1	1	AIRTIGHT	?SyncProperty@UIFontImporter@@UAA_NAAVDataNode@@PAVDataArray@@HW4PropOp@@@Z	?SetType@UIFontImporter@@UAAXVSymbol@@@Z	default/UIFontImporter	?SetType@UIFontImporter@@$4PPPPPPPM@A@AAXVSymbol@@@Z
12	1	1	F_ungraded	?SetType@UIFontImporter@@UAAXVSymbol@@@Z	?Copy@UIFontImporter@@UAAXPBVObject@Hmx@@W4CopyType@23@@Z	default/UIFontImporter	?Copy@UIFontImporter@@$4PPPPPPPM@A@AAXPBVObject@Hmx@@W4CopyType@23@@Z
12	1	1	AIRTIGHT	?Load@UIFontImporter@@UAAXAAVBinStream@@@Z	?SyncProperty@UIFontImporter@@UAA_NAAVDataNode@@PAVDataArray@@HW4PropOp@@@Z	default/UIFontImporter	?SyncProperty@UIFontImporter@@$4PPPPPPPM@A@AA_NAAVDataNode@@PAVDataArray@@HW4PropOp@@@Z
12	1	1	AIRTIGHT	?Save@UIFontImporter@@UAAXAAVBinStream@@@Z	?Load@UIFontImporter@@UAAXAAVBinStream@@@Z	default/UIFontImporter	?Load@UIFontImporter@@$4PPPPPPPM@A@AAXAAVBinStream@@@Z
8	1	1	AIRTIGHT	?IsScrolling@UIListState@@QBA_NXZ	?SetSpeed@UIListState@@QAAXM@Z	default/UIList	?SetSpeed@UIList@@QAAXM@Z
8	1	1	F_ungraded	?SetProcAndLock@ProcCounter@@QAAX_N@Z	?SetEvenOddDisabled@ProcCounter@@QAAX_N@Z	default/system/rndobj/Rnd	?SetEvenOddDisabled@Rnd@@QAAX_N@Z
8	1	1	AIRTIGHT	?AtFrame@?$Keys@VSymbol@@V1@@@QBAHMAAVSymbol@@@Z	?AtFrame@?$Keys@VObjectStage@@PAVObject@Hmx@@@@QBAHMAAPAVObject@Hmx@@@Z	default/PropKeys	?ObjectAt@ObjectKeys@@UAAHMAAPAVObject@Hmx@@@Z
8	1	1	AIRTIGHT	?SetParameters@CompressionEffect@@QAAXABUParams@1@@Z	?Reset@CompressionEffect@@QAAXXZ	default/system/synth_xbox/Synth	?Reset@?$StandardEffect@VCompressionEffect@@@@UAAXXZ
8	1	1	AIRTIGHT	?SetParameters@DelayEffect@@QAAXABUParams@1@@Z	?Reset@DelayEffect@@QAAXXZ	default/system/synth_xbox/FxSendDelay	?Reset@?$StandardEffect@VDelayEffect@@@@UAAXXZ
8	1	1	AIRTIGHT	?SetParameters@EQEffect@@QAAXABUParams@1@@Z	?Reset@EQEffect@@QAAXXZ	default/system/synth_xbox/FxSendEQ	?Reset@?$StandardEffect@VEQEffect@@@@UAAXXZ
4	1	2	AIRTIGHT	?clear@?$_List_base@UProxyCall@EventTrigger@@V?$StlNodeAlloc@UProxyCall@EventTrigger@@@stlpmtx_std@@@stlpmtx_std@@QAAXXZ	?clear@?$_List_base@UAnim@EventTrigger@@V?$StlNodeAlloc@UAnim@EventTrigger@@@stlpmtx_std@@@stlpmtx_std@@QAAXXZ	default/EventTrigger	??1?$ObjList@UAnim@EventTrigger@@@@QAA@XZ
4	1	2	F_ungraded	?clear@?$_List_base@UAnim@EventTrigger@@V?$StlNodeAlloc@UAnim@EventTrigger@@@stlpmtx_std@@@stlpmtx_std@@QAAXXZ	?clear@?$_List_base@UPropTriggerDefn@FlowTrigger@@V?$StlNodeAlloc@UPropTriggerDefn@FlowTrigger@@@stlpmtx_std@@@stlpmtx_std@@QAAXXZ	default/EventTrigger	??1?$ObjList@UPropTriggerDefn@FlowTrigger@@@@QAA@XZ
4	1	1	F_ungraded	??1FillInfo@@UAA@XZ	?MemPopTemp@@YAXXZ	default/SongData	??1MemDoTempAllocations@@QAA@XZ
4	1	1	AIRTIGHT	?clear@?$_Rb_tree@VString@@U?$less@VString@@@stlpmtx_std@@U?$pair@$$CBVString@@VDataNode@@@3@U?$_Select1st@U?$pair@$$CBVString@@VDataNode@@@stlpmtx_std@@@3@U?$_MapTraitsT@U?$pair@$$CBVString@@VDataNode@@@stlpmtx_std@@@priv@3@V?$StlNodeAlloc@U?$pair@$$CBVString@@VDataNode@@@stlpmtx_std@@@3@@stlpmtx_std@@QAAXXZ	??1exception@std@@UAA@XZ	default/RockCentral	??1logic_error@stlpmtx_std@@UAA@XZ
4	1	1	F_ungraded	?IsLoaded@UIPanel@@UBA_NXZ	??1GameGem@@QAA@XZ	default/PracticePanel	??$__destroy_aux@VGameGem@@@stlpmtx_std@@YAXPAVGameGem@@ABU__false_type@0@@Z
4	1	1	AIRTIGHT	??1UIPanel@@UAA@XZ	?__ucopy_trivial@stlpmtx_std@@YAPAXPBX0PAX@Z	default/band3/bandtrack/TrackPanel	??$__ucopy_aux@PAPAVTrack@@PAPAV1@@stlpmtx_std@@YAPAPAVTrack@@PAPAV1@00ABU__true_type@0@@Z
4	1	1	AIRTIGHT	?FinishLoad@UIPanel@@MAAXXZ	??YString@@QAAAAV0@PBD@Z	default/TexLoadPanel	?Print@String@@UAAXPBD@Z
4	1	1	AIRTIGHT	?Unload@UIPanel@@UAAXXZ	?Load@UIPanel@@MAAXXZ	default/ChordbookPanel	?Load@ChordbookPanel@@UAAXXZ
4	1	1	AIRTIGHT	?PostLoad@UILabel@@UAAXAAVBinStream@@@Z	??1BinStream@@UAA@XZ	default/UIListState	??1BinStreamRev@@UAA@XZ
4	1	1	AIRTIGHT	??1?$vector@USpotlightEntry@LightPreset@@V?$StlNodeAlloc@USpotlightEntry@LightPreset@@@stlpmtx_std@@@stlpmtx_std@@QAA@XZ	??$?5V?$Key@M@@V?$StlNodeAlloc@V?$Key@M@@@stlpmtx_std@@@@YAAAVBinStreamRev@@AAV0@AAV?$vector@V?$Key@M@@V?$StlNodeAlloc@V?$Key@M@@@stlpmtx_std@@@stlpmtx_std@@@Z	default/LightPreset	??$?5MM@@YAAAVBinStreamRev@@AAV0@AAV?$Keys@MM@@@Z
4	1	1	AIRTIGHT	?SetEnable@VoiceBeat@@QAAX_N@Z	??1String@@UAA@XZ	default/WebSvcMgr	??$_Destroy@U?$pair@$$CBVString@@VNetAddress@@@stlpmtx_std@@@stlpmtx_std@@YAXPAU?$pair@$$CBVString@@VNetAddress@@@0@@Z
4	1	1	AIRTIGHT	??1?$hashtable@U?$pair@$$CBVSymbol@@V?$hash_map@VSymbol@@PAVDataArray@@U?$hash@VSymbol@@@stlpmtx_std@@U?$equal_to@VSymbol@@@4@V?$StlNodeAlloc@U?$pair@$$CBVSymbol@@PAVDataArray@@@stlpmtx_std@@@4@@stlpmtx_std@@@stlpmtx_std@@VSymbol@@U?$hash@VSymbol@@@2@U?$_HashMapTraitsT@U?$pair@$$CBVSymbol@@V?$hash_map@VSymbol@@PAVDataArray@@U?$hash@VSymbol@@@stlpmtx_std@@U?$equal_to@VSymbol@@@4@V?$StlNodeAlloc@U?$pair@$$CBVSymbol@@PAVDataArray@@@stlpmtx_std@@@4@@stlpmtx_std@@@stlpmtx_std@@@priv@2@U?$_Select1st@U?$pair@$$CBVSymbol@@V?$hash_map@VSymbol@@PAVDataArray@@U?$hash@VSymbol@@@stlpmtx_std@@U?$equal_to@VSymbol@@@4@V?$StlNodeAlloc@U?$pair@$$CBVSymbol@@PAVDataArray@@@stlpmtx_std@@@4@@stlpmtx_std@@@stlpmtx_std@@@2@U?$equal_to@VSymbol@@@2@V?$StlNodeAlloc@U?$pair@$$CBVSymbol@@V?$hash_map@VSymbol@@PAVDataArray@@U?$hash@VSymbol@@@stlpmtx_std@@U?$equal_to@VSymbol@@@4@V?$StlNodeAlloc@U?$pair@$$CBVSymbol@@PAVDataArray@@@stlpmtx_std@@@4@@stlpmtx_std@@@stlpmtx_std@@@2@@stlpmtx_std@@QAA@XZ	?IsLeaderLocal@@YA_NXZ	default/band3/meta_band/InterstitialMgr	?HasSyncPermission@InterstitialMgr@@UBA_NXZ
4	1	1	AIRTIGHT	?IsLeaderLocal@@YA_NXZ	?__ucopy_trivial@stlpmtx_std@@YAPAXPBX0PAX@Z	default/MetaPerformer	??$__ucopy_aux@PBQAVBandProfile@@PAPAV1@@stlpmtx_std@@YAPAPAVBandProfile@@PBQAV1@0PAPAV1@ABU__true_type@0@@Z
4	1	1	AIRTIGHT	?Reset@SIVideo@@QAAXXZ	?Reset@RndBitmap@@QAAXXZ	default/system/rnddx9/CubeTex	??1RndBitmap@@QAA@XZ
4	1	1	AIRTIGHT	?Draw@UIPanel@@UAAXXZ	?Enter@UIPanel@@UAAXXZ	default/band3/meta_band/PatchSelectPanel	?Enter@PatchSelectPanel@@UAAXXZ
4	1	1	AIRTIGHT	?clear@?$_List_base@VOldMatOption@@V?$StlNodeAlloc@VOldMatOption@@@stlpmtx_std@@@stlpmtx_std@@QAAXXZ	??1BitmapOverride@WorldDir@@QAA@XZ	default/Character	??$_Destroy@UBitmapOverride@WorldDir@@@stlpmtx_std@@YAXPAUBitmapOverride@WorldDir@@@Z
4	1	1	AIRTIGHT	?clear@?$_List_base@UCheatLog@@V?$StlNodeAlloc@UCheatLog@@@stlpmtx_std@@@stlpmtx_std@@QAAXXZ	?clear@?$_List_base@UMatOverride@WorldDir@@V?$StlNodeAlloc@UMatOverride@WorldDir@@@stlpmtx_std@@@stlpmtx_std@@QAAXXZ	default/WaveFile	??1?$ObjList@UMatOverride@WorldDir@@@@QAA@XZ
4	1	1	F_ungraded	??1?$vector@VBandPatchMesh@@V?$StlNodeAlloc@VBandPatchMesh@@@stlpmtx_std@@@stlpmtx_std@@QAA@XZ	??1DynamicPropertyEntry@Flow@@QAA@XZ	default/HamCamTransform	??$_Destroy@UDynamicPropertyEntry@Flow@@@stlpmtx_std@@YAXPAUDynamicPropertyEntry@Flow@@@Z
4	1	1	AIRTIGHT	?clear@?$_Rb_tree@PAVObject@Hmx@@U?$less@PAVObject@Hmx@@@stlpmtx_std@@U?$pair@QAVObject@Hmx@@UDep@CharPollableSorter@@@4@U?$_Select1st@U?$pair@QAVObject@Hmx@@UDep@CharPollableSorter@@@stlpmtx_std@@@4@U?$_MapTraitsT@U?$pair@QAVObject@Hmx@@UDep@CharPollableSorter@@@stlpmtx_std@@@priv@4@V?$StlNodeAlloc@U?$pair@QAVObject@Hmx@@UDep@CharPollableSorter@@@stlpmtx_std@@@4@@stlpmtx_std@@QAAXXZ	?Enter@RndPollable@@UAAXXZ	default/BandRetargetVignette	?Enter@BandRetargetVignette@@UAAXXZ
4	1	1	AIRTIGHT	?clear@?$_List_base@VContentPoolMapping@SongSectionController@@V?$StlNodeAlloc@VContentPoolMapping@SongSectionController@@@stlpmtx_std@@@stlpmtx_std@@QAAXXZ	?Exit@RndPollable@@UAAXXZ	default/SongSectionController	?Exit@SongSectionController@@UAAXXZ
4	1	1	AIRTIGHT	??1?$vector@VSfxMap@@V?$StlNodeAlloc@VSfxMap@@@stlpmtx_std@@@stlpmtx_std@@QAA@XZ	??1Note@MidiChannel@@QAA@XZ	default/Sfx	??$_Destroy@UNote@MidiChannel@@@stlpmtx_std@@YAXPAUNote@MidiChannel@@@Z
4	1	1	AIRTIGHT	??1?$vector@ULod@Character@@V?$StlNodeAlloc@ULod@Character@@@stlpmtx_std@@@stlpmtx_std@@QAA@XZ	??1Lod@Character@@QAA@XZ	default/Character	??$_Destroy@ULod@Character@@@stlpmtx_std@@YAXPAULod@Character@@@Z
4	1	1	AIRTIGHT	??1?$vector@VPiercing@OutfitConfig@@V?$StlNodeAlloc@VPiercing@OutfitConfig@@@stlpmtx_std@@@stlpmtx_std@@QAA@XZ	??1CharData@WorldCrowd@@QAA@XZ	default/HamCamTransform	??$_Destroy@UCharData@WorldCrowd@@@stlpmtx_std@@YAXPAUCharData@WorldCrowd@@@Z
4	1	1	AIRTIGHT	?Update@StreamChecksum@@QAAXPBEI@Z	GetUsersPadNum	default/StreamChecksum	JoypadGetUsersPadNum
4	1	1	F_sub100	?Enter@UIPanel@@UAAXXZ	?MemFree@@YAXPAX@Z	default/Object	??3TypeProps@@SAXPAX@Z
4	1	1	F_sub100	?clear@?$_List_base@VBlockRequest@@V?$StlNodeAlloc@VBlockRequest@@@stlpmtx_std@@@stlpmtx_std@@QAAXXZ	?MemFree@@YAXPAX@Z	default/BlockMgr	??3Block@@SAXPAX@Z
4	1	1	F_sub100	?clear@?$_List_base@VBSPFace@@V?$StlNodeAlloc@VBSPFace@@@stlpmtx_std@@@stlpmtx_std@@QAAXXZ	?MemFree@@YAXPAX@Z	default/Mesh	??3Vert@RndMesh@@SAXPAX@Z
4	1	1	F_ungraded	?clear@?$_Rb_tree@UTrackerPlayerID@@U?$less@UTrackerPlayerID@@@stlpmtx_std@@U?$pair@$$CBUTrackerPlayerID@@VPlayerStreakData@StreakTracker@@@3@U?$_Select1st@U?$pair@$$CBUTrackerPlayerID@@VPlayerStreakData@StreakTracker@@@stlpmtx_std@@@3@U?$_MapTraitsT@U?$pair@$$CBUTrackerPlayerID@@VPlayerStreakData@StreakTracker@@@stlpmtx_std@@@priv@3@V?$StlNodeAlloc@U?$pair@$$CBUTrackerPlayerID@@VPlayerStreakData@StreakTracker@@@stlpmtx_std@@@3@@stlpmtx_std@@QAAXXZ	?DrawToTexture@TexProc@@IAAXXZ	default/TexProc	?DrawPreClear@TexProc@@UAAXXZ
4	1	1	F_sub100	?clear@?$_List_base@UNote@MidiChannel@@V?$StlNodeAlloc@UNote@MidiChannel@@@stlpmtx_std@@@stlpmtx_std@@QAAXXZ	?MemFree@@YAXPAX@Z	default/ADSR	??3ADSR@@SAXPAX@Z
4	1	1	AIRTIGHT	?clear@?$_List_base@UServerData@NetCacheMgr@@V?$StlNodeAlloc@UServerData@NetCacheMgr@@@stlpmtx_std@@@stlpmtx_std@@QAAXXZ	??1String@@UAA@XZ	default/NetCacheMgr	??$_Destroy@UNetLoaderRef@@@stlpmtx_std@@YAXPAUNetLoaderRef@@@Z
4	1	1	AIRTIGHT	?clear@?$_List_base@U?$pair@VString@@P6APAVLoader@@ABVFilePath@@W4LoaderPos@@@Z@stlpmtx_std@@V?$StlNodeAlloc@U?$pair@VString@@P6APAVLoader@@ABVFilePath@@W4LoaderPos@@@Z@stlpmtx_std@@@2@@stlpmtx_std@@QAAXXZ	??1String@@UAA@XZ	default/Loader	??$_Destroy@U?$pair@VString@@P6APAVLoader@@ABVFilePath@@W4LoaderPos@@@Z@stlpmtx_std@@@stlpmtx_std@@YAXPAU?$pair@VString@@P6APAVLoader@@ABVFilePath@@W4LoaderPos@@@Z@0@@Z
0	0	3	AIRTIGHT	??4Patch@BandCharDesc@@QAAAAV01@ABV01@@Z	??4MeshAO@OutfitConfig@@QAAAAV01@ABV01@@Z		
0	0	3	F_ungraded	??0?$hash_map@VSymbol@@HU?$hash@VSymbol@@@stlpmtx_std@@U?$equal_to@VSymbol@@@3@V?$StlNodeAlloc@U?$pair@$$CBVSymbol@@H@stlpmtx_std@@@3@@stlpmtx_std@@QAA@XZ	??0?$hash_map@VSymbol@@V1@U?$hash@VSymbol@@@stlpmtx_std@@U?$equal_to@VSymbol@@@3@V?$StlNodeAlloc@U?$pair@$$CBVSymbol@@V1@@stlpmtx_std@@@3@@stlpmtx_std@@QAA@XZ		
0	0	3	F_ungraded	??0?$hash_map@VSymbol@@HU?$hash@VSymbol@@@stlpmtx_std@@U?$equal_to@VSymbol@@@3@V?$StlNodeAlloc@U?$pair@$$CBVSymbol@@H@stlpmtx_std@@@3@@stlpmtx_std@@QAA@XZ	??0?$hash_map@VSymbol@@PAV?$vector@VSymbol@@V?$StlNodeAlloc@VSymbol@@@stlpmtx_std@@@stlpmtx_std@@U?$hash@VSymbol@@@3@U?$equal_to@VSymbol@@@3@V?$StlNodeAlloc@U?$pair@$$CBVSymbol@@PAV?$vector@VSymbol@@V?$StlNodeAlloc@VSymbol@@@stlpmtx_std@@@stlpmtx_std@@@stlpmtx_std@@@3@@stlpmtx_std@@QAA@XZ		
0	0	3	AIRTIGHT	?Interp@@YAXABVQuat@Hmx@@0MAAV12@@Z	?Nlerp@@YAXABVQuat@Hmx@@0MAAV12@@Z		
0	0	2	F_sub100	??$__merge_sort_with_buffer@PAVSymbol@@PAV1@HVAccomplishmentGroupCmp@@@stlpmtx_std@@YAXPAVSymbol@@00PAHVAccomplishmentGroupCmp@@@Z	??$__merge_sort_with_buffer@PAVSymbol@@PAV1@HVAccomplishmentCategoryCmp@@@stlpmtx_std@@YAXPAVSymbol@@00PAHVAccomplishmentCategoryCmp@@@Z		
0	0	2	AIRTIGHT	?erase@?$list@UProxyCall@EventTrigger@@V?$StlNodeAlloc@UProxyCall@EventTrigger@@@stlpmtx_std@@@stlpmtx_std@@QAA?AU?$_List_iterator@UProxyCall@EventTrigger@@U?$_Nonconst_traits@UProxyCall@EventTrigger@@@stlpmtx_std@@@2@U32@0@Z	?erase@?$list@UAnim@EventTrigger@@V?$StlNodeAlloc@UAnim@EventTrigger@@@stlpmtx_std@@@stlpmtx_std@@QAA?AU?$_List_iterator@UAnim@EventTrigger@@U?$_Nonconst_traits@UAnim@EventTrigger@@@stlpmtx_std@@@2@U32@0@Z		
0	0	2	F_ungraded	?PropSync@@YA_NAAVStrand@CharHair@@AAVDataNode@@PAVDataArray@@HW4PropOp@@@Z	?PropSync@@YA_NAAUDynamicPropertyEntry@Flow@@AAVDataNode@@PAVDataArray@@HW4PropOp@@@Z		
0	0	2	F_ungraded	?PrintParticlePoolSize@?A0x1a651105@@YA?AVDataNode@@PAVDataArray@@@Z	?PrintParticlePoolSize@?A0xb0344ebf@@YA?AVDataNode@@PAVDataArray@@@Z		
0	0	2	AIRTIGHT	?NewObject@CharMeshHide@@SAPAVObject@Hmx@@XZ	?NewObject@Sfx@@SAPAVObject@Hmx@@XZ		
0	0	2	F_ungraded	??0MatSwap@OutfitConfig@@QAA@PAVObject@Hmx@@@Z	??0TransformArea@@QAA@PAVObject@Hmx@@@Z		
0	0	2	F_ungraded	??1?$vector@V?$Key@V?$vector@VColor@Hmx@@V?$StlNodeAlloc@VColor@Hmx@@@stlpmtx_std@@@stlpmtx_std@@@@V?$StlNodeAlloc@V?$Key@V?$vector@VColor@Hmx@@V?$StlNodeAlloc@VColor@Hmx@@@stlpmtx_std@@@stlpmtx_std@@@@@stlpmtx_std@@@stlpmtx_std@@QAA@XZ	??1?$vector@V?$Key@V?$vector@VVector3@@V?$StlNodeAlloc@VVector3@@@stlpmtx_std@@@stlpmtx_std@@@@V?$StlNodeAlloc@V?$Key@V?$vector@VVector3@@V?$StlNodeAlloc@VVector3@@@stlpmtx_std@@@stlpmtx_std@@@@@stlpmtx_std@@@stlpmtx_std@@QAA@XZ		
0	0	2	F_sub100	?Save@PropKeys@@UAAXAAVBinStream@@@Z	?Load@PropKeys@@UAAXAAVBinStreamRev@@@Z		
0	0	2	F_ungraded	?op40@@YA?AVDataNode@@PAVDataArray@@@Z	?op58@@YA?AVDataNode@@PAVDataArray@@@Z		
0	0	1	F_ungraded	??4?$vector@HV?$StlNodeAlloc@H@stlpmtx_std@@@stlpmtx_std@@QAAAAV01@ABV01@@Z	??4?$vector@PAVRndAnimatable@@V?$StlNodeAlloc@PAVRndAnimatable@@@stlpmtx_std@@@stlpmtx_std@@QAAAAV01@ABV01@@Z		
0	0	1	AIRTIGHT	?LeftHandSlide@GameGem@@QBA_NXZ	?ShowChordNums@GameGem@@QBA_NXZ		
0	0	1	F_sub100	??0Patch@BandCharDesc@@QAA@ABV01@@Z	??0MeshAO@OutfitConfig@@QAA@ABV01@@Z		
0	0	1	F_sub100	?SymToDifficulty@@YA?AW4Difficulty@@VSymbol@@@Z	?SymToControllerType@@YA?AW4ControllerType@@VSymbol@@@Z		
0	0	1	AIRTIGHT	?SetDifficulty@BandUser@@QAAXW4Difficulty@@@Z	?SetControllerType@BandUser@@QAAXW4ControllerType@@@Z		
0	0	1	F_ungraded	??_DSpotlightEnder@@QAAXXZ	??_DRemoteBandUser@@QAAXXZ		
0	0	1	F_ungraded	?_M_fill_insert_aux@?$vector@VMeshFace@BandPatchMesh@@V?$StlNodeAlloc@VMeshFace@BandPatchMesh@@@stlpmtx_std@@@stlpmtx_std@@AAAXPAVMeshFace@BandPatchMesh@@IABV34@ABU__false_type@2@@Z	?_M_fill_insert_aux@?$vector@EV?$StlNodeAlloc@E@stlpmtx_std@@@stlpmtx_std@@AAAXPAEIABEABU__false_type@2@@Z		
0	0	1	AIRTIGHT	?Restart@BeatMatcher@@QAAXXZ	?SetAutoplayError@BeatMatcher@@QAAXH@Z		
0	0	1	F_ungraded	?OnPlayerRemoved@Game@@QAAXPAVPlayer@@@Z	?OnPlayerSaved@Game@@QAAXPAVPlayer@@@Z		
0	0	1	F_ungraded	?resize@?$vector@UDepthBuffer3DAttachment@@V?$StlNodeAlloc@UDepthBuffer3DAttachment@@@stlpmtx_std@@@stlpmtx_std@@QAAXIABUDepthBuffer3DAttachment@@@Z	?resize@?$vector@VVocalScoreCache@@V?$StlNodeAlloc@VVocalScoreCache@@@stlpmtx_std@@@stlpmtx_std@@QAAXIABVVocalScoreCache@@@Z		
0	0	1	F_ungraded	??0?$hash_map@VSymbol@@HU?$hash@VSymbol@@@stlpmtx_std@@U?$equal_to@VSymbol@@@3@V?$StlNodeAlloc@U?$pair@$$CBVSymbol@@H@stlpmtx_std@@@3@@stlpmtx_std@@QAA@XZ	??0?$hash_map@VSymbol@@PAVAccomplishment@@U?$hash@VSymbol@@@stlpmtx_std@@U?$equal_to@VSymbol@@@4@V?$StlNodeAlloc@U?$pair@$$CBVSymbol@@PAVAccomplishment@@@stlpmtx_std@@@4@@stlpmtx_std@@QAA@XZ		
0	0	1	F_ungraded	??0?$hash_map@VSymbol@@HU?$hash@VSymbol@@@stlpmtx_std@@U?$equal_to@VSymbol@@@3@V?$StlNodeAlloc@U?$pair@$$CBVSymbol@@H@stlpmtx_std@@@3@@stlpmtx_std@@QAA@XZ	??0?$hash_map@VSymbol@@PAVAccomplishmentCategory@@U?$hash@VSymbol@@@stlpmtx_std@@U?$equal_to@VSymbol@@@4@V?$StlNodeAlloc@U?$pair@$$CBVSymbol@@PAVAccomplishmentCategory@@@stlpmtx_std@@@4@@stlpmtx_std@@QAA@XZ		
0	0	1	F_ungraded	??0?$hash_map@VSymbol@@HU?$hash@VSymbol@@@stlpmtx_std@@U?$equal_to@VSymbol@@@3@V?$StlNodeAlloc@U?$pair@$$CBVSymbol@@H@stlpmtx_std@@@3@@stlpmtx_std@@QAA@XZ	??0?$hash_map@VSymbol@@PAVAccomplishmentGroup@@U?$hash@VSymbol@@@stlpmtx_std@@U?$equal_to@VSymbol@@@4@V?$StlNodeAlloc@U?$pair@$$CBVSymbol@@PAVAccomplishmentGroup@@@stlpmtx_std@@@4@@stlpmtx_std@@QAA@XZ		
0	0	1	F_ungraded	??0?$hash_map@VSymbol@@HU?$hash@VSymbol@@@stlpmtx_std@@U?$equal_to@VSymbol@@@3@V?$StlNodeAlloc@U?$pair@$$CBVSymbol@@H@stlpmtx_std@@@3@@stlpmtx_std@@QAA@XZ	??0?$hash_map@VSymbol@@PAVAward@@U?$hash@VSymbol@@@stlpmtx_std@@U?$equal_to@VSymbol@@@4@V?$StlNodeAlloc@U?$pair@$$CBVSymbol@@PAVAward@@@stlpmtx_std@@@4@@stlpmtx_std@@QAA@XZ		
0	0	1	F_ungraded	??0?$hash_map@VSymbol@@HU?$hash@VSymbol@@@stlpmtx_std@@U?$equal_to@VSymbol@@@3@V?$StlNodeAlloc@U?$pair@$$CBVSymbol@@H@stlpmtx_std@@@3@@stlpmtx_std@@QAA@XZ	??0?$hash_map@VSymbol@@PAV?$list@VSymbol@@V?$StlNodeAlloc@VSymbol@@@stlpmtx_std@@@stlpmtx_std@@U?$hash@VSymbol@@@3@U?$equal_to@VSymbol@@@3@V?$StlNodeAlloc@U?$pair@$$CBVSymbol@@PAV?$list@VSymbol@@V?$StlNodeAlloc@VSymbol@@@stlpmtx_std@@@stlpmtx_std@@@stlpmtx_std@@@3@@stlpmtx_std@@QAA@XZ		
0	0	1	F_ungraded	??0?$hash_map@VSymbol@@HU?$hash@VSymbol@@@stlpmtx_std@@U?$equal_to@VSymbol@@@3@V?$StlNodeAlloc@U?$pair@$$CBVSymbol@@H@stlpmtx_std@@@3@@stlpmtx_std@@QAA@XZ	??0?$hash_map@VSymbol@@PAV?$set@VSymbol@@U?$less@VSymbol@@@stlpmtx_std@@V?$StlNodeAlloc@VSymbol@@@3@@stlpmtx_std@@U?$hash@VSymbol@@@3@U?$equal_to@VSymbol@@@3@V?$StlNodeAlloc@U?$pair@$$CBVSymbol@@PAV?$set@VSymbol@@U?$less@VSymbol@@@stlpmtx_std@@V?$StlNodeAlloc@VSymbol@@@3@@stlpmtx_std@@@stlpmtx_std@@@3@@stlpmtx_std@@QAA@XZ		
0	0	1	F_ungraded	??0?$hash_map@VSymbol@@HU?$hash@VSymbol@@@stlpmtx_std@@U?$equal_to@VSymbol@@@3@V?$StlNodeAlloc@U?$pair@$$CBVSymbol@@H@stlpmtx_std@@@3@@stlpmtx_std@@QAA@XZ	??0?$hash_map@VSymbol@@PAVSongFilter@SongSortMgr@@U?$hash@VSymbol@@@stlpmtx_std@@U?$equal_to@VSymbol@@@5@V?$StlNodeAlloc@U?$pair@$$CBVSymbol@@PAVSongFilter@SongSortMgr@@@stlpmtx_std@@@5@@stlpmtx_std@@QAA@XZ		
0	0	1	F_sub100	??$__lower_bound@PAVSymbol@@V1@UGoalAlpaCmp@@H@stlpmtx_std@@YAPAVSymbol@@PAV1@0ABV1@UGoalAlpaCmp@@PAH@Z	??$__lower_bound@PAVSymbol@@V1@VAccomplishmentCategoryCmp@@H@stlpmtx_std@@YAPAVSymbol@@PAV1@0ABV1@VAccomplishmentCategoryCmp@@PAH@Z		
0	0	1	F_sub100	??$__upper_bound@PAVSymbol@@V1@UGoalAlpaCmp@@H@stlpmtx_std@@YAPAVSymbol@@PAV1@0ABV1@UGoalAlpaCmp@@PAH@Z	??$__upper_bound@PAVSymbol@@V1@VAccomplishmentCategoryCmp@@H@stlpmtx_std@@YAPAVSymbol@@PAV1@0ABV1@VAccomplishmentCategoryCmp@@PAH@Z		
0	0	1	F_sub100	??$merge@PAVSymbol@@PAV1@PAV1@UGoalAlpaCmp@@@stlpmtx_std@@YAPAVSymbol@@PAV1@0000UGoalAlpaCmp@@@Z	??$merge@PAVSymbol@@PAV1@PAV1@VAccomplishmentCategoryCmp@@@stlpmtx_std@@YAPAVSymbol@@PAV1@0000VAccomplishmentCategoryCmp@@@Z		
0	0	1	F_sub100	??$__merge_backward@PAVSymbol@@PAV1@PAV1@UGoalAlpaCmp@@@stlpmtx_std@@YAPAVSymbol@@PAV1@0000UGoalAlpaCmp@@@Z	??$__merge_backward@PAVSymbol@@PAV1@PAV1@VAccomplishmentCategoryCmp@@@stlpmtx_std@@YAPAVSymbol@@PAV1@0000VAccomplishmentCategoryCmp@@@Z		
0	0	1	F_sub100	??$__merge_without_buffer@PAVSymbol@@HVAccomplishmentGroupCmp@@@stlpmtx_std@@YAXPAVSymbol@@00HHVAccomplishmentGroupCmp@@@Z	??$__merge_without_buffer@PAVSymbol@@HVAccomplishmentCategoryCmp@@@stlpmtx_std@@YAXPAVSymbol@@00HHVAccomplishmentCategoryCmp@@@Z		
0	0	1	F_sub100	??$__merge_adaptive@PAVSymbol@@HPAV1@VAccomplishmentGroupCmp@@@stlpmtx_std@@YAXPAVSymbol@@00HH0HVAccomplishmentGroupCmp@@@Z	??$__merge_adaptive@PAVSymbol@@HPAV1@VAccomplishmentCategoryCmp@@@stlpmtx_std@@YAXPAVSymbol@@00HH0HVAccomplishmentCategoryCmp@@@Z		
0	0	1	AIRTIGHT	?GetTotalPointsForNextMajorCampaignLevelForUser@Campaign@@QAAHPAVLocalBandUser@@@Z	?GetCurrentPointsForNextMajorCampaignLevelForUser@Campaign@@QAAHPAVLocalBandUser@@@Z		
0	0	1	AIRTIGHT	?GetCurrentPointsForNextMajorCampaignLevelForUser@Campaign@@QAAHPAVLocalBandUser@@@Z	?GetTotalPointsForNextMajorCampaignLevelForUser@Campaign@@QAAHPAVLocalBandUser@@@Z		
0	0	1	AIRTIGHT	?Highlight@RndDir@@UAAXXZ	?SetTypeDef@UIPanel@@UAAXPAVDataArray@@@Z		
0	0	1	F_ungraded	?_M_insert@?$hashtable@U?$pair@$$CBVSymbol@@PAVDataArray@@@stlpmtx_std@@VSymbol@@U?$hash@VSymbol@@@2@U?$_HashMapTraitsT@U?$pair@$$CBVSymbol@@PAVDataArray@@@stlpmtx_std@@@priv@2@U?$_Select1st@U?$pair@$$CBVSymbol@@PAVDataArray@@@stlpmtx_std@@@2@U?$equal_to@VSymbol@@@2@V?$StlNodeAlloc@U?$pair@$$CBVSymbol@@PAVDataArray@@@stlpmtx_std@@@2@@stlpmtx_std@@QAAAAU?$pair@$$CBVSymbol@@PAVDataArray@@@2@ABU32@@Z	?_M_insert@?$hashtable@U?$pair@$$CBVSymbol@@V?$hash_map@VSymbol@@PAVDataArray@@U?$hash@VSymbol@@@stlpmtx_std@@U?$equal_to@VSymbol@@@4@V?$StlNodeAlloc@U?$pair@$$CBVSymbol@@PAVDataArray@@@stlpmtx_std@@@4@@stlpmtx_std@@@stlpmtx_std@@VSymbol@@U?$hash@VSymbol@@@2@U?$_HashMapTraitsT@U?$pair@$$CBVSymbol@@V?$hash_map@VSymbol@@PAVDataArray@@U?$hash@VSymbol@@@stlpmtx_std@@U?$equal_to@VSymbol@@@4@V?$StlNodeAlloc@U?$pair@$$CBVSymbol@@PAVDataArray@@@stlpmtx_std@@@4@@stlpmtx_std@@@stlpmtx_std@@@priv@2@U?$_Select1st@U?$pair@$$CBVSymbol@@V?$hash_map@VSymbol@@PAVDataArray@@U?$hash@VSymbol@@@stlpmtx_std@@U?$equal_to@VSymbol@@@4@V?$StlNodeAlloc@U?$pair@$$CBVSymbol@@PAVDataArray@@@stlpmtx_std@@@4@@stlpmtx_std@@@stlpmtx_std@@@2@U?$equal_to@VSymbol@@@2@V?$StlNodeAlloc@U?$pair@$$CBVSymbol@@V?$hash_map@VSymbol@@PAVDataArray@@U?$hash@VSymbol@@@stlpmtx_std@@U?$equal_to@VSymbol@@@4@V?$StlNodeAlloc@U?$pair@$$CBVSymbol@@PAVDataArray@@@stlpmtx_std@@@4@@stlpmtx_std@@@stlpmtx_std@@@2@@stlpmtx_std@@QAAAAU?$pair@$$CBVSymbol@@V?$hash_map@VSymbol@@PAVDataArray@@U?$hash@VSymbol@@@stlpmtx_std@@U?$equal_to@VSymbol@@@4@V?$StlNodeAlloc@U?$pair@$$CBVSymbol@@PAVDataArray@@@stlpmtx_std@@@4@@stlpmtx_std@@@2@ABU32@@Z		
0	0	1	F_ungraded	??0?$hash_map@VSymbol@@PAVDataArray@@U?$hash@VSymbol@@@stlpmtx_std@@U?$equal_to@VSymbol@@@4@V?$StlNodeAlloc@U?$pair@$$CBVSymbol@@PAVDataArray@@@stlpmtx_std@@@4@@stlpmtx_std@@QAA@XZ	??0?$hash_map@VSymbol@@V?$hash_map@VSymbol@@PAVDataArray@@U?$hash@VSymbol@@@stlpmtx_std@@U?$equal_to@VSymbol@@@4@V?$StlNodeAlloc@U?$pair@$$CBVSymbol@@PAVDataArray@@@stlpmtx_std@@@4@@stlpmtx_std@@U?$hash@VSymbol@@@3@U?$equal_to@VSymbol@@@3@V?$StlNodeAlloc@U?$pair@$$CBVSymbol@@V?$hash_map@VSymbol@@PAVDataArray@@U?$hash@VSymbol@@@stlpmtx_std@@U?$equal_to@VSymbol@@@4@V?$StlNodeAlloc@U?$pair@$$CBVSymbol@@PAVDataArray@@@stlpmtx_std@@@4@@stlpmtx_std@@@stlpmtx_std@@@3@@stlpmtx_std@@QAA@XZ		
0	0	1	F_ungraded	??0?$hash_map@VSymbol@@HU?$hash@VSymbol@@@stlpmtx_std@@U?$equal_to@VSymbol@@@3@V?$StlNodeAlloc@U?$pair@$$CBVSymbol@@H@stlpmtx_std@@@3@@stlpmtx_std@@QAA@XZ	??0?$hash_map@VSymbol@@PAVUIScreen@@U?$hash@VSymbol@@@stlpmtx_std@@U?$equal_to@VSymbol@@@4@V?$StlNodeAlloc@U?$pair@$$CBVSymbol@@PAVUIScreen@@@stlpmtx_std@@@4@@stlpmtx_std@@QAA@XZ		
0	0	1	F_ungraded	??0?$hash_map@VSymbol@@HU?$hash@VSymbol@@@stlpmtx_std@@U?$equal_to@VSymbol@@@3@V?$StlNodeAlloc@U?$pair@$$CBVSymbol@@H@stlpmtx_std@@@3@@stlpmtx_std@@QAA@XZ	??0?$hash_map@VSymbol@@PAVLesson@@U?$hash@VSymbol@@@stlpmtx_std@@U?$equal_to@VSymbol@@@4@V?$StlNodeAlloc@U?$pair@$$CBVSymbol@@PAVLesson@@@stlpmtx_std@@@4@@stlpmtx_std@@QAA@XZ		
0	0	1	F_ungraded	??$__median@PAVPrefabChar@@USortPrefabByPortraitFileName@@@stlpmtx_std@@YAABQAVPrefabChar@@ABQAV1@00USortPrefabByPortraitFileName@@@Z	??$__median@PAUEventEntry@@UMaxSort@@@stlpmtx_std@@YAABQAUEventEntry@@ABQAU1@00UMaxSort@@@Z		
0	0	1	F_ungraded	??$__unguarded_partition@PAPAVPrefabChar@@PAV1@USortPrefabByPortraitFileName@@@stlpmtx_std@@YAPAPAVPrefabChar@@PAPAV1@0PAV1@USortPrefabByPortraitFileName@@@Z	??$__unguarded_partition@PAPAUEventEntry@@PAU1@UMaxSort@@@stlpmtx_std@@YAPAPAUEventEntry@@PAPAU1@0PAU1@UMaxSort@@@Z		
0	0	1	F_sub100	??$__introsort_loop@PAVDataArrayPtr@@V1@HUForAllKeyframesSorter@@@stlpmtx_std@@YAXPAVDataArrayPtr@@00HUForAllKeyframesSorter@@@Z	??$__introsort_loop@PAPAUEventEntry@@PAU1@HUMaxSort@@@stlpmtx_std@@YAXPAPAUEventEntry@@00HUMaxSort@@@Z		
0	0	1	AIRTIGHT	??$__final_insertion_sort@PAVDataArrayPtr@@UForAllKeyframesSorter@@@stlpmtx_std@@YAXPAVDataArrayPtr@@0UForAllKeyframesSorter@@@Z	??$__final_insertion_sort@PAPAUEventEntry@@UMaxSort@@@stlpmtx_std@@YAXPAPAUEventEntry@@0UMaxSort@@@Z		
0	0	1	AIRTIGHT	?ClearArt@StoreArtLoaderPanel@@QAAXXZ	?HandlePendingProfileUploads@ProfileMgr@@QAAXXZ		
0	0	1	AIRTIGHT	?Unload@UIPanel@@UAAXXZ	?HandlePendingGamerpicRewards@ProfileMgr@@QAAXXZ		
0	0	1	F_ungraded	??0?$hash_map@VSymbol@@HU?$hash@VSymbol@@@stlpmtx_std@@U?$equal_to@VSymbol@@@3@V?$StlNodeAlloc@U?$pair@$$CBVSymbol@@H@stlpmtx_std@@@3@@stlpmtx_std@@QAA@XZ	??0?$hash_map@HPAVSongUpgradeData@@U?$hash@H@stlpmtx_std@@U?$equal_to@H@3@V?$StlNodeAlloc@U?$pair@$$CBHPAVSongUpgradeData@@@stlpmtx_std@@@3@@stlpmtx_std@@QAA@XZ		
0	0	1	F_ungraded	??0?$hash_map@VSymbol@@V?$vector@PAVPatchSticker@@V?$StlNodeAlloc@PAVPatchSticker@@@stlpmtx_std@@@stlpmtx_std@@USymbolHash@PatchDir@@U?$equal_to@VSymbol@@@3@V?$StlNodeAlloc@U?$pair@$$CBVSymbol@@V?$vector@PAVPatchSticker@@V?$StlNodeAlloc@PAVPatchSticker@@@stlpmtx_std@@@stlpmtx_std@@@stlpmtx_std@@@3@@stlpmtx_std@@QAA@XZ	??0?$hash_map@VSymbol@@V?$vector@HV?$StlNodeAlloc@H@stlpmtx_std@@@stlpmtx_std@@U?$hash@VSymbol@@@3@U?$equal_to@VSymbol@@@3@V?$StlNodeAlloc@U?$pair@$$CBVSymbol@@V?$vector@HV?$StlNodeAlloc@H@stlpmtx_std@@@stlpmtx_std@@@stlpmtx_std@@@3@@stlpmtx_std@@QAA@XZ		
0	0	1	AIRTIGHT	?erase@?$list@VOldMatOption@@V?$StlNodeAlloc@VOldMatOption@@@stlpmtx_std@@@stlpmtx_std@@QAA?AU?$_List_iterator@VOldMatOption@@U?$_Nonconst_traits@VOldMatOption@@@stlpmtx_std@@@2@U32@0@Z	?erase@?$list@UMatOverride@WorldDir@@V?$StlNodeAlloc@UMatOverride@WorldDir@@@stlpmtx_std@@@stlpmtx_std@@QAA?AU?$_List_iterator@UMatOverride@WorldDir@@U?$_Nonconst_traits@UMatOverride@WorldDir@@@stlpmtx_std@@@2@U32@0@Z		
0	0	1	AIRTIGHT	?GetGigGuideMap@TourDesc@@QBA?AVSymbol@@XZ	?GetConclusionText@TourDesc@@QBA?AVSymbol@@XZ		
0	0	1	F_sub100	?ResetStars@BandStarDisplay@@QAAXXZ	?LoadIcons@TourDescPanel@@QAAXXZ		
0	0	1	F_ungraded	?GetCurrentQuestSuccessMessage@TourPerformerImpl@@QBA?AVSymbol@@XZ	?GetCurrentQuestDisplayName@TourPerformerImpl@@QBA?AVSymbol@@XZ		
0	0	1	F_ungraded	??1MeshAO@OutfitConfig@@QAA@XZ	??1DynamicPropertyEntry@Flow@@QAA@XZ		
0	0	1	F_ungraded	??5@YAAAVBinStream@@AAV0@AAVOldMatOption@@@Z	??5@YAAAVBinStream@@AAV0@AAUPropTriggerDefn@FlowTrigger@@@Z		
0	0	1	F_ungraded	??0SampleZone@@QAA@PAVObject@Hmx@@@Z	??0DynamicPropertyEntry@Flow@@QAA@PAVObject@Hmx@@@Z		
0	0	1	F_ungraded	??0SampleZone@@QAA@ABV0@@Z	??0LocalizedName@HamMove@@QAA@ABU01@@Z		
0	0	1	F_ungraded	?erase@?$list@VLayer@LayerDir@@V?$StlNodeAlloc@VLayer@LayerDir@@@stlpmtx_std@@@stlpmtx_std@@QAA?AU?$_List_iterator@VLayer@LayerDir@@U?$_Nonconst_traits@VLayer@LayerDir@@@stlpmtx_std@@@2@U32@0@Z	?erase@?$list@VFilePath@@V?$StlNodeAlloc@VFilePath@@@stlpmtx_std@@@stlpmtx_std@@QAA?AU?$_List_iterator@VFilePath@@U?$_Nonconst_traits@VFilePath@@@stlpmtx_std@@@2@U32@0@Z		
0	0	1	AIRTIGHT	??5@YAAAVBinStream@@AAV0@AAVPracticeSectionMapping@SongSectionController@@@Z	??5@YAAAVBinStream@@AAV0@AAVContentPoolMapping@SongSectionController@@@Z		
0	0	1	F_ungraded	??4?$_Rb_tree@VCRC@Hmx@@U?$less@VCRC@Hmx@@@stlpmtx_std@@U?$pair@$$CBVCRC@Hmx@@M@4@U?$_Select1st@U?$pair@$$CBVCRC@Hmx@@M@stlpmtx_std@@@4@U?$_MapTraitsT@U?$pair@$$CBVCRC@Hmx@@M@stlpmtx_std@@@priv@4@V?$StlNodeAlloc@U?$pair@$$CBVCRC@Hmx@@M@stlpmtx_std@@@4@@stlpmtx_std@@QAAAAV01@ABV01@@Z	??4?$_Rb_tree@HU?$less@H@stlpmtx_std@@U?$pair@$$CBHM@2@U?$_Select1st@U?$pair@$$CBHM@stlpmtx_std@@@2@U?$_MapTraitsT@U?$pair@$$CBHM@stlpmtx_std@@@priv@2@V?$StlNodeAlloc@U?$pair@$$CBHM@stlpmtx_std@@@2@@stlpmtx_std@@QAAAAV01@ABV01@@Z		
0	0	1	F_ungraded	??$MiloStripEval@VString@@VSymbol@@PBDV1@@@YAXPBDVString@@VSymbol@@01@Z	??$MakeString@VString@@VSymbol@@PBDV1@@@YAPBDPBDVString@@VSymbol@@01@Z		
0	0	1	F_ungraded	??1MeshAO@OutfitConfig@@QAA@XZ	??1?$ObjOwnerPtr@VCharClip@@@@UAA@XZ		
0	0	1	AIRTIGHT	?Randomize@CharClipGroup@@QAAXXZ	?Sort@CharClipGroup@@QAAXXZ		
0	0	1	F_ungraded	??0OldMatOption@@QAA@PAVObject@Hmx@@@Z	??0EyeDesc@CharEyes@@QAA@PAVObject@Hmx@@@Z		
0	0	1	AIRTIGHT	??0PatchLayer@@QAA@XZ	??0String@@QAA@XZ		
0	0	1	AIRTIGHT	??5@YAAAVBinStream@@AAV0@AAVPatchLayer@@@Z	??5BinStream@@QAAAAV0@AAVString@@@Z		
0	0	1	AIRTIGHT	?Start@VarTimer@@QAAXXZ	?clear@?$_List_base@UNote@MidiChannel@@V?$StlNodeAlloc@UNote@MidiChannel@@@stlpmtx_std@@@stlpmtx_std@@QAAXXZ		
0	0	1	F_sub100	??1RndMovie@@UAA@XZ	??1CharUpperTwist@@MAA@XZ		
0	0	1	AIRTIGHT	??1Piece@Piercing@OutfitConfig@@QAA@XZ	??1Lod@Character@@QAA@XZ		
0	0	1	AIRTIGHT	?Terminate@NgPostProc@@SAXXZ	?ReleaseTex@NgPostProc@@KAXXZ		
0	0	1	AIRTIGHT	?OnScreenDumpUnique@Rnd@@IAA?AVDataNode@@PBVDataArray@@@Z	?OnScreenDump@Rnd@@IAA?AVDataNode@@PBVDataArray@@@Z		
0	0	1	AIRTIGHT	?OnScreenDump@Rnd@@IAA?AVDataNode@@PBVDataArray@@@Z	?OnScreenDumpUnique@Rnd@@IAA?AVDataNode@@PBVDataArray@@@Z		
0	0	1	AIRTIGHT	??$__introsort_loop@PAPAVFileCacheEntry@@PAV1@HUPriority@@@stlpmtx_std@@YAXPAPAVFileCacheEntry@@00HUPriority@@@Z	??$__introsort_loop@PAPAVMoveDetector@@PAV1@HUMoveDetectorCmp@@@stlpmtx_std@@YAXPAPAVMoveDetector@@00HUMoveDetectorCmp@@@Z		
0	0	1	AIRTIGHT	?Handle@RndPollable@@UAA?AVDataNode@@PAVDataArray@@_N@Z	?Handle@RndAnimatable@@UAA?AVDataNode@@PAVDataArray@@_N@Z		
0	0	1	F_ungraded	??$sort@PAPAVUILabel@@ULabelSort@?A0x15e3583a@@@stlpmtx_std@@YAXPAPAVUILabel@@0ULabelSort@?A0x15e3583a@@@Z	??$sort@PAPAVUIListWidget@@UWidgetDrawSort@?A0xd29bb4b7@@@stlpmtx_std@@YAXPAPAVUIListWidget@@0UWidgetDrawSort@?A0xd29bb4b7@@@Z		
0	0	1	F_ungraded	??0?$hash_map@VSymbol@@HU?$hash@VSymbol@@@stlpmtx_std@@U?$equal_to@VSymbol@@@3@V?$StlNodeAlloc@U?$pair@$$CBVSymbol@@H@stlpmtx_std@@@3@@stlpmtx_std@@QAA@XZ	??0?$hash_map@VSymbol@@PAVMetaMusicScene@@U?$hash@VSymbol@@@stlpmtx_std@@U?$equal_to@VSymbol@@@4@V?$StlNodeAlloc@U?$pair@$$CBVSymbol@@PAVMetaMusicScene@@@stlpmtx_std@@@4@@stlpmtx_std@@QAA@XZ		
0	0	1	F_ungraded	?DeltaSeconds@TaskMgr@@QBAMXZ	?Resume@Splash@@QAAXXZ		
0	0	1	AIRTIGHT	??$__introsort_loop@PAPAVMoveDetector@@PAV1@HUMoveDetectorCmp@@@stlpmtx_std@@YAXPAPAVMoveDetector@@00HUMoveDetectorCmp@@@Z	??$__introsort_loop@PAPAVFileCacheEntry@@PAV1@HUPriority@@@stlpmtx_std@@YAXPAPAVFileCacheEntry@@00HUPriority@@@Z		
0	0	1	F_sub100	?PartialHit@GemManager@@QAAXMHIH@Z	?QueueJob@JobMgr@@QAAXPAVJob@@@Z		
0	0	1	F_ungraded	?StartDecompressionThread@?A0x3d3858a8@@YAXXZ	?StartDecompressionThread@?A0xe745f4e1@@YAXXZ		
0	0	1	F_ungraded	??$?5VColor@Hmx@@@@YAAAVBinStream@@AAV0@AAV?$Key@VColor@Hmx@@@@@Z	??$?5VVector3@@@@YAAAVBinStreamRev@@AAV0@AAV?$Key@VVector3@@@@@Z		
0	0	1	F_ungraded	??$?6V?$Key@VVector3@@@@V?$StlNodeAlloc@V?$Key@VVector3@@@@@stlpmtx_std@@@@YAAAVBinStream@@AAV0@ABV?$vector@V?$Key@VVector3@@@@V?$StlNodeAlloc@V?$Key@VVector3@@@@@stlpmtx_std@@@stlpmtx_std@@@Z	??$?5V?$Key@VQuat@Hmx@@@@V?$StlNodeAlloc@V?$Key@VQuat@Hmx@@@@@stlpmtx_std@@@@YAAAVBinStreamRev@@AAV0@AAV?$vector@V?$Key@VQuat@Hmx@@@@V?$StlNodeAlloc@V?$Key@VQuat@Hmx@@@@@stlpmtx_std@@@stlpmtx_std@@@Z		
0	0	1	F_ungraded	??_DRndMultiMeshProxy@@QAAXXZ	??_DRndScreenMask@@QAAXXZ		
0	0	1	F_ungraded	??4?$vector@HV?$StlNodeAlloc@H@stlpmtx_std@@@stlpmtx_std@@QAAAAV01@ABV01@@Z	??4?$vector@PAUDummySample@MidiChannel@@V?$StlNodeAlloc@PAUDummySample@MidiChannel@@@stlpmtx_std@@@stlpmtx_std@@QAAAAV01@ABV01@@Z		
0	0	1	AIRTIGHT	?Size@StringTable@@QBAHXZ	?UsedSize@StringTable@@QBAHXZ		
