obj	obj_conf	unit_suggest	unit_src	cls	label_votes	label_conf	n_fns	n_template	n_arbitrary	n_objres	span_lo	span_hi	span_bytes	owned_bytes	overlap_pinned	overlap_sibling	flags
xgraphics:vectorize.obj	1.000	xdk/xgraphics/vectorize.cpp	DC3	Compiler,Dependency	45	0.833	54	8	0	54	0x82995058	0x829AC468	95248	95160	0	0	-
d3dx9:ccompiler.obj	1.000	xdk/d3dx9/ccompiler.cpp	DC3	CCompiler,D3DXShader	36	0.947	38	0	0	38	0x828970B8	0x828AAB10	80472	80340	0	0	-
xgraphics:import.obj	1.000	xdk/xgraphics/import.cpp	DC3	Compiler,ParseStack,ComponentTypeEnumerator	35	0.648	54	7	0	54	0x829EC320	0x829FFAF8	79832	79748	0	0	-
d3dx9:cprogram.obj	1.000	xdk/d3dx9/cprogram.cpp	DC3	CProgram	42	1.000	42	0	0	42	0x828EF2D0	0x82900B04	71732	71652	0	0	-
xgraphics:instr.obj	1.000	xdk/xgraphics/instr.cpp	DC3	Compiler,Instruction,D3DXShader	66	0.524	126	15	0	126	0x82A216A8	0x82A30578	61136	60916	0	0	-
d3dx9:cshaderprogram.obj	1.000	xdk/d3dx9/cshaderprogram.cpp	DC3	CShaderProgram,D3DXShader	79	0.888	89	0	0	89	0x828CC378	0x828DA8D4	58716	58492	0	0	-
xgraphics:predication.obj	1.000	xdk/xgraphics/predication.cpp	DC3	Compiler,Instruction,D3DXShader	45	0.592	76	13	0	76	0x8296DC90	0x829799CC	48444	48292	0	0	-
d3dx9:cpslegacyprogram.obj	1.000	xdk/d3dx9/cpslegacyprogram.cpp	DC3	CPSLegacyProgram,D3DXShader	58	0.935	62	0	0	62	0x82918338	0x82923114	44508	44388	0	0	-
xgraphics:optimize.obj	1.000	xdk/xgraphics/optimize.cpp	MAIN	Compiler,Instruction,D3DXShader	78	0.743	105	12	0	105	0x829B3418	0x829BCFB8	39840	39492	0	0	-
d3dx9:cprogram.obj	1.000	xdk/d3dx9/cprogram.cpp	DC3	CProgram,D3DXShader	53	0.898	59	0	0	59	0x828E6B28	0x828EF234	34572	34452	0	0	-
xgraphics:optimize.obj	1.000	xdk/xgraphics/optimize.cpp	MAIN	Compiler	14	0.378	37	23	0	37	0x829BF848	0x829C6C50	29704	29640	0	0	-
xgraphics:clean.obj	1.000	xdk/xgraphics/clean.cpp	DC3	Compiler	20	0.870	23	3	0	23	0x829AC468	0x829B2EC4	27228	27204	0	0	-
xgraphics:scheduler.obj	1.000	xdk/xgraphics/scheduler.cpp	DC3	Compiler,Instruction,Scheduler	9	0.196	46	17	0	46	0x82985A60	0x8298C2F4	26772	26664	0	0	-
xgraphics:globreg.obj	1.000	xdk/xgraphics/globreg.cpp	DC3	Compiler	7	0.583	12	5	0	12	0x8297B888	0x829816C0	24120	24104	0	0	-
d3dx9:cparse.obj	1.000	xdk/d3dx9/cparse.cpp	DC3	CParse	31	1.000	31	0	0	31	0x82906B30	0x8290BB00	20432	20364	0	0	-
xgraphics:peeps.obj	1.000	xdk/xgraphics/peeps.cpp	DC3	Instruction,Compiler,Dependency	6	0.400	15	1	0	15	0x8298C2F8	0x829911DC	20196	20148	0	0	-
xgraphics:emit.obj	1.000	xdk/xgraphics/emit.cpp	DC3	Compiler,CompilerHeap,Dependency	10	0.769	13	0	0	13	0x8295B1B8	0x8295FD24	19308	19272	0	0	-
d3dx9:cpslegacyprogram.obj	1.000	xdk/d3dx9/cpslegacyprogram.cpp	DC3	CPSLegacyProgram	16	0.889	18	0	0	18	0x829231E0	0x82927C60	19072	19040	0	0	-
d3dx9:cshaderprogram.obj	1.000	xdk/d3dx9/cshaderprogram.cpp	DC3	CShaderProgram	52	1.000	52	0	0	52	0x828DD700	0x828E1EFC	18428	18244	0	0	-
xgraphics:regopt.obj	1.000	xdk/xgraphics/regopt.cpp	DC3	Compiler,RegOptSimulator,InfiniteLocalRegisterSet	10	0.370	27	8	0	27	0x829686B8	0x8296C9AC	17140	17072	0	0	-
d3dx9:cuassembler.obj	1.000	xdk/d3dx9/cuassembler.cpp	DC3	CUAssembler	15	1.000	15	0	0	15	0x828B9620	0x828BD834	16916	16888	0	0	-
xaudio2:msaudiodec.obj	1.000	xdk/xaudio2/msaudiodec.cpp	DC3	xWMA	21	1.000	21	0	0	21	0x82BEA210	0x82BEE40C	16892	16824	0	0	-
xgraphics:r400psilutil.obj	1.000	xdk/xgraphics/r400psilutil.cpp	DC3	XGRAPHICS	26	0.867	30	0	0	30	0x8294A190	0x8294DC10	14976	14928	0	0	-
d3dx9:c30swprogram.obj	1.000	xdk/d3dx9/c30swprogram.cpp	DC3	C30SWProgram,C30SWProgramML	19	0.950	20	0	0	20	0x828C7E58	0x828CB7EC	14740	14716	0	0	-
xgraphics:r500assembler.obj	1.000	xdk/xgraphics/ucode/driver/r500assembler.cpp	MAIN	XGRAPHICS,OutStream,FixSerializationContext	21	0.750	28	0	0	28	0x82940538	0x82943DF0	14520	14440	0	0	-
d3dx9:cuassembler.obj	1.000	xdk/d3dx9/cuassembler.cpp	DC3	CUAssembler,D3DXShader,CUAssemblerYaccStruct	15	0.833	18	0	0	18	0x828BDF80	0x828C15D8	13912	13876	0	0	-
xgraphics:vectorize.obj	1.000	xdk/xgraphics/vectorize.cpp	DC3	Compiler,Instruction,D3DXShader	38	0.826	46	5	0	46	0x82991BC8	0x82994F98	13264	13148	0	0	-
xgraphics:constreg.obj	1.000	xdk/xgraphics/constreg.cpp	DC3	Compiler	9	0.429	21	12	0	21	0x82982818	0x82985A5C	12868	12844	0	0	-
xgraphics:shaderpdbbuilder.obj	1.000	xdk/xgraphics/shaderpdbbuilder.cpp	DC3	ShaderPDBBuilder	42	0.568	74	12	0	74	0x8293AE58	0x8293DFB0	12632	12448	0	0	-
xaudio2:msaudiodec.obj	1.000	xdk/xaudio2/msaudiodec.cpp	DC3	xWMA	24	1.000	24	0	0	24	0x82BE6B50	0x82BE9AC0	12144	12100	0	0	-
xgraphics:litevalr500.obj	1.000	xdk/xgraphics/litevalr500.cpp	DC3	-	0	0.000	34	0	0	34	0x8295FD28	0x82962C78	12112	12028	0	0	-
xgraphics:import.obj	1.000	xdk/xgraphics/import.cpp	DC3	Compiler,ResultStack,ResultStackEnumerator	31	0.886	35	0	0	35	0x829E9398	0x829EC2B8	12064	11948	0	0	-
d3dx9:c30swprogram.obj	1.000	xdk/d3dx9/c30swprogram.cpp	DC3	C30SWProgram,C30SWProgramCI	25	0.862	29	0	0	29	0x828C2AF8	0x828C58E4	11756	11716	0	0	-
d3dx9:cassembler.obj	1.000	xdk/d3dx9/cassembler.cpp	DC3	CAssembler,CFragmentRegisterAllocator,CFragmentInfo	9	0.600	15	0	0	15	0x828900A0	0x82892D40	11424	11396	0	0	-
d3dx9:cshaderprogram.obj	1.000	xdk/d3dx9/cshaderprogram.cpp	DC3	CShaderProgram	13	1.000	13	0	0	13	0x828DA928	0x828DD4D0	11176	11152	0	0	-
d3dx9:cconstanttable.obj	1.000	xdk/d3dx9/cconstanttable.cpp	DC3	CConstantTable	1	0.067	15	12	0	15	0x828AB928	0x828AE3AC	10884	10852	0	0	-
d3dx9:cparse.obj	1.000	xdk/d3dx9/cparse.cpp	DC3	CParse	21	1.000	21	0	0	21	0x829024C0	0x82904F28	10856	10820	0	0	-
xgraphics:optimize.obj	1.000	xdk/xgraphics/optimize.cpp	MAIN	Compiler	2	0.182	11	9	0	11	0x829BD058	0x829BF7FC	10148	10128	0	0	-
xapilibi:rtlheap.obj	1.000	xdk/xapilibi/rtlheap.cpp	DC3	-	0	0.000	12	0	0	12	0x82841220	0x82843870	9808	9760	0	0	-
d3dx9:cparse.obj	1.000	xdk/d3dx9/cparse.cpp	DC3	CParse	7	1.000	7	0	0	7	0x8290E1D0	0x829107C8	9720	9704	0	0	-
xaudio2:oapreverb.obj	1.000	xdk/xaudio2/oapreverb.cpp	DC3	COAPReverbMono,COAPReverbFromMonoTo5Point1,COAPReverbStereo	2	0.200	10	0	0	10	0x82BD9F00	0x82BDC380	9344	9320	0	0	-
xgraphics:execopts.obj	1.000	xdk/xgraphics/execopts.cpp	DC3	Compiler,Block,Instruction	11	0.647	17	0	0	17	0x82962C78	0x82964F9C	8996	8964	0	0	-
d3dx9:cassembler.obj	1.000	xdk/d3dx9/cassembler.cpp	DC3	CAssembler,CAssemblerYaccStruct	3	0.750	4	0	0	4	0x82892DD8	0x828950E0	8968	8960	0	0	-
xgraphics:r400vs.obj	1.000	xdk/xgraphics/r400vs.cpp	DC3	XGRAPHICS	10	1.000	10	0	0	10	0x82958238	0x8295A300	8392	8368	0	0	-
xaudio2:drccommonpro.obj	1.000	xdk/xaudio2/drccommonpro.cpp	DC3	xWMA	14	1.000	14	0	0	14	0x82C01F80	0x82C04044	8388	8356	0	0	-
xaudio2:entropydecpro.obj	1.000	xdk/xaudio2/entropydecpro.cpp	DC3	xWMA	15	1.000	15	0	0	15	0x82C04808	0x82C068D0	8392	8352	0	0	-
xgraphics:disasm.obj	1.000	xdk/xgraphics/ucode/compiler/asm/disasm.cpp	MAIN	Disassembler	11	1.000	11	0	0	11	0x8294F3C0	0x82951304	8004	7992	0	0	-
d3dx9:ccompiler.obj	1.000	xdk/d3dx9/ccompiler.cpp	DC3	CCompiler,D3DXShader	14	0.824	17	0	0	17	0x82895160	0x82896FF4	7828	7792	0	0	-
xmcore:lf.obj	1.000	xdk/xmcore/lf.cpp	DC3	-	0	0.000	16	0	0	16	0x82C0F828	0x82C11564	7484	7432	0	0	-
xaudio2:msaudiostdpro.obj	1.000	xdk/xaudio2/msaudiostdpro.cpp	DC3	xWMA	9	1.000	9	0	0	9	0x82BFD850	0x82BFF4F4	7332	7320	0	0	-
xgraphics:convert.obj	1.000	xdk/xgraphics/convert.cpp	DC3	-	0	0.000	18	0	0	18	0x829368A8	0x82938470	7112	7084	0	0	-
d3dx9:c30program.obj	1.000	xdk/d3dx9/c30program.cpp	DC3	C30Program	5	1.000	5	0	0	5	0x828E2FE0	0x828E4B48	7016	7004	0	0	-
xgraphics:import.obj	1.000	xdk/xgraphics/import.cpp	DC3	Compiler,Instruction	34	0.919	37	1	0	37	0x829E21F8	0x829E3DB4	7100	6988	0	0	-
d3dx9:cnode.obj	1.000	xdk/d3dx9/cnode.cpp	DC3	CNodeAttribute,CNodeCaseCondition,CNodeUsage	2	0.069	29	0	0	29	0x828B2FF8	0x828B4B8C	7060	6984	0	0	-
xgraphics:shaderpdbbuilder.obj	1.000	xdk/xgraphics/shaderpdbbuilder.cpp	DC3	ShaderPDBBuilder,Stream	6	0.273	22	12	0	22	0x82939040	0x8293AB64	6948	6908	0	0	-
xgraphics:buildssa.obj	1.000	xdk/xgraphics/buildssa.cpp	MAIN	Compiler	7	0.875	8	1	0	8	0x829DE538	0x829DFFEC	6836	6808	0	0	-
xgraphics:import.obj	1.000	xdk/xgraphics/import.cpp	DC3	Compiler	33	1.000	33	0	0	33	0x829E3E18	0x829E590C	6900	6780	0	0	-
xgraphics:globreg.obj	1.000	xdk/xgraphics/globreg.cpp	DC3	Compiler,GeneralRegisterSet	20	0.800	25	4	0	25	0x82979D68	0x8297B7EC	6788	6736	0	0	-
d3dx9:cpsprogram.obj	1.000	xdk/d3dx9/cpsprogram.cpp	DC3	CPSProgram,D3DXShader	7	0.875	8	0	0	8	0x82915A30	0x8291742C	6652	6644	0	0	-
xgraphics:buildcfg.obj	1.000	xdk/xgraphics/buildcfg.cpp	DC3	Compiler	4	0.400	10	6	0	10	0x829DFFF0	0x829E19D4	6628	6620	0	0	-
xgraphics:cblt.obj	1.000	xdk/xgraphics/cblt.cpp	DC3	CBlt,XG_D3DXTex	7	0.875	8	0	0	8	0x82947328	0x82948CFC	6612	6604	0	0	-
d3dx9:cblt.obj	1.000	xdk/d3dx9/cblt.cpp	DC3	CBlt,D3DXTex	7	0.875	8	0	0	8	0x828785C8	0x82879E44	6268	6252	0	0	-
xaudio2:msaudio.obj	1.000	xdk/xaudio2/msaudio.cpp	DC3	xWMA	16	1.000	16	0	0	16	0x82BF7A98	0x82BF931C	6276	6248	0	0	-
xgraphics:import.obj	1.000	xdk/xgraphics/import.cpp	DC3	Compiler,Block	18	0.783	23	4	0	23	0x829E6110	0x829E79A4	6292	6228	0	0	-
xaudio2:lowrate_commonstd.obj	1.000	xdk/xaudio2/lowrate_commonstd.cpp	DC3	xWMA	6	1.000	6	0	0	6	0x82C0A220	0x82C0BA30	6160	6152	0	0	-
xgraphics:desc.obj	1.000	xdk/xgraphics/desc.cpp	DC3	XGRAPHICS	3	0.273	11	0	0	11	0x829308E8	0x8293210C	6180	6148	0	0	-
d3dx9:cparse.obj	1.000	xdk/d3dx9/cparse.cpp	DC3	CParse,D3DXShader	21	0.913	23	0	0	23	0x82900B08	0x829022B0	6056	6008	0	0	-
xaudio2:oapmatrixmix.obj	1.000	xdk/xaudio2/oapmatrixmix.cpp	DC3	OAPIPELINE	4	1.000	4	0	0	4	0x82BCA3F8	0x82BCB964	5484	5480	0	0	-
d3dx9:d3dx9tex.obj	1.000	xdk/d3dx9/d3dx9tex.cpp	DC3	-	0	0.000	7	0	0	7	0x82875460	0x82876994	5428	5412	0	0	-
d3dx9:cpsprogram.obj	1.000	xdk/d3dx9/cpsprogram.cpp	DC3	CPSProgram	10	1.000	10	0	0	10	0x82914480	0x8291590C	5260	5240	0	0	-
d3dx9:dxtn.obj	1.000	xdk/d3dx9/dxtn.cpp	DC3	D3DXTex	5	1.000	5	0	0	5	0x828AFDC8	0x828B1234	5228	5228	0	0	-
xaudio2:msaudiopro.obj	1.000	xdk/xaudio2/msaudiopro.cpp	DC3	xWMA	17	1.000	17	0	0	17	0x82BFB078	0x82BFC49C	5156	5112	0	0	-
d3dx9:c30swprogram.obj	1.000	xdk/d3dx9/c30swprogram.cpp	DC3	C30SWProgramCI,C30SWProgramML	6	0.750	8	0	0	8	0x828C6230	0x828C7614	5092	5080	0	0	-
xgraphics:r400psil.obj	1.000	xdk/xgraphics/r400psil.cpp	DC3	XGRAPHICS	14	1.000	14	0	0	14	0x8294DC10	0x8294EEFC	4844	4816	0	0	-
xgraphics:dxtn.obj	1.000	xdk/xgraphics/dxtn.cpp	DC3	XG_D3DXTex	5	1.000	5	0	0	5	0x82A30BF0	0x82A31EC4	4820	4812	0	0	-
d3dx9:cfxlprogram.obj	1.000	xdk/d3dx9/cfxlprogram.cpp	DC3	CFXLProgram	3	1.000	3	0	0	3	0x8292B8E0	0x8292CB68	4744	4744	0	0	-
d3dx9:cvsprogram.obj	1.000	xdk/d3dx9/cvsprogram.cpp	DC3	CVSProgram	8	0.889	9	0	0	9	0x82927C60	0x82928EE8	4744	4728	0	0	-
d3dx9:ctransform.obj	1.000	xdk/d3dx9/ctransform.cpp	DC3	CTReorderInstructions	9	1.000	9	0	0	9	0x8292E1E8	0x8292F454	4716	4692	0	0	-
xaudio2:config.obj	1.000	xdk/xaudio2/config.cpp	DC3	xWMA	10	1.000	10	0	0	10	0x82BEE410	0x82BEF664	4692	4680	0	0	-
xgraphics:interference.obj	1.000	xdk/xgraphics/ucode/compiler/opt/interference.cpp	MAIN	Interference,Range,CFG	9	0.529	17	1	0	17	0x82A66DF8	0x82A6804C	4692	4648	0	0	-
xgraphics:shadercost.obj	1.000	xdk/xgraphics/shadercost.cpp	DC3	XGRAPHICS,CShaderCost	4	0.500	8	0	0	8	0x82933E08	0x82934FDC	4564	4548	0	0	-
xgraphics:finalopts.obj	1.000	xdk/xgraphics/finalopts.cpp	DC3	Compiler,FinalSchedulingSimulator	2	0.250	8	5	0	8	0x82965820	0x82966990	4464	4452	0	0	-
d3d9i:lazy.obj	1.000	xdk/d3d9i/lazy.cpp	DC3	D3D	8	1.000	8	0	0	8	0x82868EB8	0x8286A00C	4436	4424	0	0	-
d3dx9:cconstanttable.obj	1.000	xdk/d3dx9/cconstanttable.cpp	DC3	CConstantTable,CConstant	6	0.545	11	0	0	11	0x828AE908	0x828AFA0C	4356	4344	0	0	-
xmic:xmicapi.obj	1.000	xdk/xmic/xmicapi.cpp	DC3	-	0	0.000	14	0	0	14	0x82C26BD8	0x82C27CCC	4340	4276	0	0	-
xaudio2:oapmatrixmix.obj	1.000	xdk/xaudio2/oapmatrixmix.cpp	DC3	OAPIPELINE	4	1.000	4	0	0	4	0x82BC8260	0x82BC92AC	4172	4168	0	0	-
xgraphics:surface.obj	1.000	xdk/xgraphics/surface.cpp	DC3	XGRAPHICS	3	0.375	8	0	0	8	0x829321B0	0x82933154	4004	3988	0	0	-
d3dx9:cvsprogram.obj	1.000	xdk/d3dx9/cvsprogram.cpp	DC3	CVSProgram	3	1.000	3	0	0	3	0x82929B80	0x8292AA70	3824	3824	0	0	-
xgraphics:compress.obj	1.000	xdk/xgraphics/compress.cpp	DC3	Reference,TNode,Assembler	4	0.400	10	0	0	10	0x82A68050	0x82A68F38	3816	3800	0	0	-
d3dx9:cassembler.obj	1.000	xdk/d3dx9/cassembler.cpp	DC3	D3DXShader,CAssembler,CFragmentRegisterAllocator	5	0.417	12	0	0	12	0x8288F148	0x82890040	3832	3796	0	0	-
xhv2:localtalker.obj	1.000	xdk/xhv2/localtalker.cpp	DC3	-	0	0.000	12	0	0	12	0x82C1AA48	0x82C1B8FC	3764	3752	0	0	-
d3dx9:cpsprogram.obj	1.000	xdk/d3dx9/cpsprogram.cpp	DC3	CPSProgram	4	1.000	4	0	0	4	0x82917490	0x82918334	3748	3736	0	0	-
xaudio2:oapreverb.obj	1.000	xdk/xaudio2/oapreverb.cpp	DC3	OAPIPELINE	2	0.333	6	0	0	6	0x82BE1A30	0x82BE28C4	3732	3724	0	0	-
xgraphics:import.obj	1.000	xdk/xgraphics/import.cpp	DC3	Compiler,ResultStackEnumerator,MatrixAccessor	9	0.562	16	1	0	16	0x829E7D20	0x829E8B3C	3612	3588	0	0	-
xgraphics:main.obj	1.000	xdk/xgraphics/main.cpp	DC3	Compiler,CompilerHeap,D3DXShader	7	0.500	14	0	0	14	0x82944F00	0x82945D68	3688	3584	0	0	-
d3dx9:cparse.obj	1.000	xdk/d3dx9/cparse.cpp	DC3	CParse	3	1.000	3	0	0	3	0x82904FC0	0x82905D64	3492	3488	0	0	-
xaudio2:strmdec_wma_xenon.obj	1.000	xdk/xaudio2/strmdec_wma_xenon.cpp	DC3	xWMA	4	1.000	4	0	0	4	0x82C06AE8	0x82C07874	3468	3460	0	0	-
xhv2:micproxy.obj	1.000	xdk/xhv2/micproxy.cpp	DC3	-	0	0.000	9	0	0	9	0x82C1E9A8	0x82C1F6C4	3356	3348	0	0	-
xaudio2:strmdec_wma.obj	1.000	xdk/xaudio2/strmdec_wma.cpp	DC3	xWMA	14	1.000	14	0	0	14	0x82BFC4A0	0x82BFD1C0	3360	3332	0	0	-
d3dx9:c30program.obj	1.000	xdk/d3dx9/c30program.cpp	DC3	C30Program	8	0.800	10	0	0	10	0x828E1F00	0x828E2BE0	3296	3276	0	0	-
xhv2:jitter.obj	1.000	xdk/xhv2/jitter.cpp	DC3	-	0	0.000	11	0	0	11	0x82C17E98	0x82C18B78	3296	3260	0	0	-
LIBCMT:frame.obj	1.000	xdk/LIBCMT/frame.cpp	DC3	-	0	0.000	9	0	0	9	0x82830FF8	0x82831CF8	3328	3224	0	0	-
d3dx9:cuassembler.obj	1.000	xdk/d3dx9/cuassembler.cpp	DC3	D3DXShader,CUAssembler	7	0.583	12	0	0	12	0x828B7138	0x828B7E08	3280	3200	0	0	-
xgraphics:vreginfo.obj	1.000	xdk/xgraphics/vreginfo.cpp	DC3	-	0	0.000	11	0	0	11	0x82A578A0	0x82A5852C	3212	3184	0	0	-
xgraphics:regopt.obj	1.000	xdk/xgraphics/regopt.cpp	DC3	Instruction,Compiler,D3DXShader	6	0.300	20	6	0	20	0x82966FA0	0x82967C2C	3212	3176	0	0	-
d3dx9:cinstruction.obj	1.000	xdk/d3dx9/cinstruction.cpp	DC3	CInstruction	17	0.850	20	0	0	20	0x828E4B48	0x828E57C8	3200	3152	0	0	-
d3dx9:cpreprocessor.obj	1.000	xdk/d3dx9/cpreprocessor.cpp	DC3	CPreProcessor,CPPInclude	10	0.909	11	0	0	11	0x82887F18	0x82888B74	3164	3148	0	0	-
xgraphics:r500assembler.obj	1.000	xdk/xgraphics/ucode/driver/r500assembler.cpp	MAIN	XGRAPHICS,ConstantRenumberingTable,FixSerializationContext	6	0.667	9	0	0	9	0x8293F868	0x829404BC	3156	3136	0	0	-
d3dx9:ccodec.obj	1.000	xdk/d3dx9/ccodec.cpp	DC3	CCodecDXT	3	0.500	6	0	0	6	0x82886170	0x82886DB4	3140	3132	0	0	-
xhv2:voicechat.obj	1.000	xdk/xhv2/voicechat.cpp	DC3	-	0	0.000	13	0	0	13	0x82C15708	0x82C16330	3112	3080	0	0	-
xgraphics:ccodec.obj	1.000	xdk/xgraphics/ccodec.cpp	DC3	CCodec	1	0.333	3	0	0	3	0x82A09C80	0x82A0A86C	3052	3052	0	0	-
xgraphics:ccodec.obj	1.000	xdk/xgraphics/ccodec.cpp	DC3	CCodecDXT	3	0.750	4	0	0	4	0x82A09008	0x82A09BE0	3032	3028	0	0	-
d3dx9:cvsprogram.obj	1.000	xdk/d3dx9/cvsprogram.cpp	DC3	CVSProgram	4	1.000	4	0	0	4	0x82928F50	0x82929B20	3024	3020	0	0	-
xgraphics:volume.obj	1.000	xdk/xgraphics/volume.cpp	DC3	XGRAPHICS	2	0.333	6	0	0	6	0x82934FE0	0x82935BA8	3016	3008	0	0	-
d3dx9:cpreprocessor.obj	1.000	xdk/d3dx9/cpreprocessor.cpp	DC3	CPreProcessor	7	1.000	7	0	0	7	0x82889FB8	0x8288AB34	2940	2932	0	0	-
xinput2:xinput2.obj	1.000	xdk/xinput2/xinput2.cpp	DC3	-	0	0.000	14	0	0	14	0x8284E2F0	0x8284EE64	2932	2900	0	0	-
LIBCMT:cvt.obj	1.000	xdk/LIBCMT/cvt.cpp	DC3	-	0	0.000	7	0	0	7	0x8282FBF8	0x82830770	2936	2896	0	0	-
d3dx9:ccodec.obj	1.000	xdk/d3dx9/ccodec.cpp	DC3	CCodec	1	0.333	3	0	0	3	0x82886E08	0x82887930	2856	2856	0	0	-
d3dx9:ccodec.obj	1.000	xdk/d3dx9/ccodec.cpp	DC3	CCodecYUV,CCodec_D3DX_A16L16,CCodec_D3DX_R16G16B16	3	0.500	6	0	0	6	0x82885590	0x828860BC	2860	2848	0	0	-
d3dx9:clock.obj	1.000	xdk/d3dx9/clock.cpp	DC3	CLockSurface,CLockVolume,D3DXTex	2	0.250	8	0	0	8	0x8287B2A0	0x8287BD90	2800	2776	0	0	-
xgraphics:endian.obj	1.000	xdk/xgraphics/endian.cpp	DC3	-	0	0.000	7	0	0	7	0x82943DF0	0x829448CC	2780	2764	0	0	-
LIBCMT:fpexcept.obj	1.000	xdk/LIBCMT/fpexcept.cpp	DC3	-	0	0.000	9	0	0	9	0x82832388	0x82832E44	2748	2736	0	0	-
d3dx9:cbaseprogram.obj	1.000	xdk/d3dx9/cbaseprogram.cpp	DC3	CBaseProgram	12	0.857	14	0	0	14	0x828E5AA0	0x828E6558	2744	2728	0	0	-
xaudio2:leapfxlib.obj	1.000	xdk/xaudio2/leapfxlib.cpp	DC3	CMemoryBucket,CMemoryPool,CMemoryHelper	3	0.200	15	0	0	15	0x82BBE810	0x82BBF2B0	2720	2692	0	0	-
d3dx9:trees.obj	1.000	xdk/d3dx9/trees.cpp	DC3	D3DX	3	1.000	3	0	0	3	0x8292FE70	0x829308E8	2680	2676	0	0	-
d3dx9:c30swprogram.obj	1.000	xdk/d3dx9/c30swprogram.cpp	DC3	C30SWProgram	4	1.000	4	0	0	4	0x828C15D8	0x828C2054	2684	2652	0	0	-
d3dx9:cparse.obj	1.000	xdk/d3dx9/cparse.cpp	DC3	CParse	3	1.000	3	0	0	3	0x82905F58	0x82906978	2592	2588	0	0	-
xaudio2:wmaltrt.obj	1.000	xdk/xaudio2/wmaltrt.cpp	DC3	xWMA	5	1.000	5	0	0	5	0x82BFA658	0x82BFB078	2592	2584	0	0	-
xgraphics:emit.obj	1.000	xdk/xgraphics/emit.cpp	DC3	Compiler,Instruction,D3DXShader	9	0.429	21	1	0	21	0x8295A748	0x8295B15C	2580	2536	0	0	-
xaudio2:x2xmahal.obj	1.000	xdk/xaudio2/x2xmahal.cpp	DC3	-	0	0.000	14	0	0	14	0x82BCEEA8	0x82BCF89C	2548	2528	0	0	-
xaudio2:oapreverb.obj	1.000	xdk/xaudio2/oapreverb.cpp	DC3	COAPReverbMono,COAPReverbFromMonoTo5Point1,COAPReverbStereo	1	0.167	6	0	0	6	0x82BDC3D8	0x82BDCD94	2492	2480	0	0	-
xgraphics:dominator.obj	1.000	xdk/xgraphics/dominator.cpp	DC3	Dominator	6	0.750	8	0	0	8	0x82A5B220	0x82A5BB94	2420	2408	0	0	-
xaudio2:swvoice.obj	1.000	xdk/xaudio2/swvoice.cpp	DC3	CSWVoice	7	0.778	9	2	0	9	0x82C08F48	0x82C098BC	2420	2404	0	0	-
xonline:marshal.obj	1.000	xdk/xonline/marshal.cpp	DC3	CMarshaller	4	1.000	4	0	0	4	0x82A6BD40	0x82A6C6A0	2400	2400	0	0	-
xgraphics:constreg.obj	1.000	xdk/xgraphics/constreg.cpp	DC3	Instruction,Compiler,D3DXShader	2	0.118	17	11	0	17	0x829816C0	0x82982034	2420	2396	0	0	-
xgraphics:vectorize.obj	1.000	xdk/xgraphics/vectorize.cpp	DC3	Compiler,Instruction,Dependency	8	0.615	13	0	0	13	0x829911E0	0x82991B40	2400	2380	0	0	-
xhv2:remotetalker.obj	1.000	xdk/xhv2/remotetalker.cpp	DC3	-	0	0.000	11	0	0	11	0x82C1C0C0	0x82C1CA18	2392	2364	0	0	-
d3dx9:cnode.obj	1.000	xdk/d3dx9/cnode.cpp	DC3	CNodeProgram,CNodeScope,CNodeDecl	2	0.167	12	0	0	12	0x828B25D8	0x828B2EC4	2284	2256	0	0	-
xgraphics:ccodec.obj	1.000	xdk/xgraphics/ccodec.cpp	DC3	CCodecYUV	2	0.667	3	0	0	3	0x82A08620	0x82A08E94	2164	2160	0	0	-
xgraphics:xenoncompress.obj	1.000	xdk/xgraphics/xenoncompress.cpp	DC3	-	0	0.000	3	0	0	3	0x829461C8	0x82946A34	2156	2148	0	0	-
xaudio2:losslessdecpro.obj	1.000	xdk/xaudio2/losslessdecpro.cpp	DC3	xWMA	4	1.000	4	0	0	4	0x82C016F0	0x82C01F20	2096	2096	0	0	-
xgraphics:dxtn.obj	1.000	xdk/xgraphics/dxtn.cpp	DC3	XG_D3DXTex	5	1.000	5	0	0	5	0x82A32010	0x82A32824	2068	2060	0	0	-
xgraphics:vreginfo.obj	1.000	xdk/xgraphics/vreginfo.cpp	DC3	VRegInfo,ExportValue,Interpolator	8	0.615	13	0	0	13	0x82A56D60	0x82A57574	2068	2052	0	0	-
xgraphics:r400_addrenum.obj	1.000	xdk/xgraphics/r400_addrenum.cpp	DC3	XGRAPHICS	1	0.167	6	0	0	6	0x82A55BD0	0x82A563C0	2032	2024	0	0	-
xgraphics:vector.obj	1.000	xdk/xgraphics/vector.cpp	DC3	InternalVector,InternalHashTable,InternalHashTableIterator	5	0.417	12	0	0	12	0x82A56568	0x82A56D60	2040	2020	0	0	-
d3dx9:cuassembler.obj	1.000	xdk/d3dx9/cuassembler.cpp	DC3	CUAssembler,ValidatorOutputCallbackContext	3	0.600	5	0	0	5	0x828B7ED0	0x828B8688	1976	1964	0	0	-
d3dx9:dxtn.obj	1.000	xdk/d3dx9/dxtn.cpp	DC3	D3DXTex	3	1.000	3	0	0	3	0x828B1380	0x828B1B24	1956	1956	0	0	-
zlib:trees.obj	1.000	system/zlib/trees.c	DC3	-	0	0.000	3	0	0	3	0x82B58FB0	0x82B59748	1944	1940	0	0	-
xaudio2:wmabuffilt.obj	1.000	xdk/xaudio2/wmabuffilt.cpp	DC3	xWMA	7	1.000	7	0	0	7	0x82C0EAD8	0x82C0F25C	1924	1912	0	0	-
d3d9i:shader.obj	1.000	xdk/d3d9i/shader.cpp	DC3	D3D	2	0.400	5	2	0	5	0x8285C5A0	0x8285CCEC	1868	1860	0	0	-
xgraphics:liveness.obj	1.000	xdk/xgraphics/liveness.cpp	DC3	CFG,bitset	5	0.833	6	0	0	6	0x82A65F98	0x82A666E8	1872	1856	0	0	-
d3dx9:d3dx9fragment.obj	1.000	xdk/d3dx9/d3dx9fragment.cpp	DC3	D3DXShader,CFragmentConstants	2	0.667	3	0	0	3	0x828B6280	0x828B6998	1816	1812	0	0	-
xaudio2:x2voiceoutput.obj	1.000	xdk/xaudio2/x2voiceoutput.cpp	DC3	CX2OutputVoice	2	0.667	3	0	0	3	0x82BD44B0	0x82BD4B94	1764	1760	0	0	-
xgraphics:regopt.obj	1.000	xdk/xgraphics/regopt.cpp	DC3	Compiler,InfiniteLocalRegisterSet	3	0.429	7	2	0	7	0x82967C88	0x82968364	1756	1740	0	0	-
xaudio2:msaudio.obj	1.000	xdk/xaudio2/msaudio.cpp	DC3	xWMA	4	1.000	4	0	0	4	0x82BF9F88	0x82BFA658	1744	1740	0	0	-
xgraphics:import.obj	1.000	xdk/xgraphics/import.cpp	DC3	Compiler	10	0.909	11	1	0	11	0x829E8B80	0x829E9264	1764	1736	0	0	-
xgraphics:ccodec.obj	1.000	xdk/xgraphics/ccodec.cpp	DC3	CCodec	3	0.500	6	0	0	6	0x829FFAF8	0x82A00194	1692	1688	0	0	-
xaudio2:entropydecprolsl.obj	1.000	xdk/xaudio2/entropydecprolsl.cpp	DC3	xWMA	3	1.000	3	0	0	3	0x82BFD1C0	0x82BFD84C	1676	1672	0	0	-
d3dx9:ccodec.obj	1.000	xdk/d3dx9/ccodec.cpp	DC3	CCodec_Q16W16V16U16,CCodec_R16F,CCodec_G16R16F	1	0.200	5	0	0	5	0x82882710	0x82882D94	1668	1668	0	0	-
xgraphics:finalopts.obj	1.000	xdk/xgraphics/finalopts.cpp	DC3	Instruction,MachineState,Dependency	3	0.333	9	2	0	9	0x82964FA0	0x82965628	1672	1664	0	0	-
xgraphics:irinst.obj	1.000	xdk/xgraphics/ucode/compiler/ir/irinst.cpp	MAIN	IRFetch,IRUnary,IRMovBase	1	0.062	16	0	0	16	0x82A5A3E0	0x82A5AAD8	1784	1656	0	0	-
d3dx9:cuassembler.obj	1.000	xdk/d3dx9/cuassembler.cpp	DC3	D3DXShader,CUAssembler	3	0.750	4	0	0	4	0x828B8EA8	0x828B951C	1652	1644	0	0	-
xaudio2:x2voicexma.obj	1.000	xdk/xaudio2/x2voicexma.cpp	DC3	CX2SourceVoiceXMA	7	1.000	7	0	0	7	0x82BD1C20	0x82BD225C	1596	1588	0	0	-
xaudio2:entropydecstd.obj	1.000	xdk/xaudio2/entropydecstd.cpp	DC3	xWMA	4	1.000	4	0	0	4	0x82C04048	0x82C04674	1580	1568	0	0	-
d3dx9:d3dx9shader.obj	1.000	xdk/d3dx9/d3dx9shader.cpp	DC3	D3DXShader,PreProcessorInitializeFromMemory	2	0.333	6	0	0	6	0x82876C88	0x828772B4	1580	1564	0	0	-
xaudio2:x2voicebase.obj	1.000	xdk/xaudio2/x2voicebase.cpp	DC3	CX2Voice	5	0.833	6	0	0	6	0x82BE6130	0x82BE6744	1556	1556	0	0	-
xonline:schema.obj	1.000	xdk/xonline/schema.cpp	DC3	CSchemaAccess,CSchemaData,CSchemaInMemory	6	0.667	9	0	0	9	0x82A6B640	0x82A6BC60	1568	1552	0	0	-
xgraphics:optautoz.obj	1.000	xdk/xgraphics/optautoz.cpp	DC3	Compiler,Instruction	3	0.600	5	0	0	5	0x82966990	0x82966F9C	1548	1540	0	0	-
xgraphics:convert.obj	1.000	xdk/xgraphics/convert.cpp	DC3	-	0	0.000	5	0	0	5	0x82935F80	0x82936588	1544	1536	0	0	-
d3d9i:texture.obj	1.000	xdk/d3d9i/texture.cpp	DC3	D3D	3	1.000	3	0	0	3	0x82853798	0x82853D80	1512	1512	0	0	-
xaudio2:x2voicexma.obj	1.000	xdk/xaudio2/x2voicexma.cpp	DC3	CBlock,CX2SourceVoiceXMA	3	0.429	7	0	0	7	0x82BD2810	0x82BD2DEC	1500	1488	0	0	-
xgraphics:cfgimpl.obj	1.000	xdk/xgraphics/cfgimpl.cpp	DC3	Block,Instruction,DataFlowPredecessorEnumerator	8	0.800	10	0	0	10	0x82A30578	0x82A30B48	1488	1464	0	0	-
xaudio2:swvoice.obj	1.000	xdk/xaudio2/swvoice.cpp	DC3	CSWVoice	10	0.769	13	3	0	13	0x82C08880	0x82C08E34	1460	1440	0	0	-
xaudio2:swvoice.obj	1.000	xdk/xaudio2/swvoice.cpp	DC3	CSWVoice	6	0.857	7	0	0	7	0x82C09950	0x82C09EFC	1452	1428	0	0	-
xaudio2:oapreverb.obj	1.000	xdk/xaudio2/oapreverb.cpp	DC3	COAPReverbOcclusionMono,COAPReverbOcclusionStereo	2	0.500	4	0	0	4	0x82BD9928	0x82BD9EB8	1424	1416	0	0	-
xgraphics:vregprops.obj	1.000	xdk/xgraphics/vregprops.cpp	DC3	TempValue,FixedValue,Interpolator	1	0.062	16	0	0	16	0x82A666E8	0x82A66C68	1408	1408	0	0	-
xaudio2:x2voicexma.obj	1.000	xdk/xaudio2/x2voicexma.cpp	DC3	CX2SourceVoiceXMA,CPhysicalMemoryPool	3	0.750	4	0	0	4	0x82BD3178	0x82BD36EC	1396	1392	0	0	-
xgraphics:shaderpdbbuilder.obj	1.000	xdk/xgraphics/shaderpdbbuilder.cpp	DC3	BufferStream	3	0.273	11	6	0	11	0x829388D8	0x82938E8C	1460	1388	0	0	-
d3dx9:ccodec.obj	1.000	xdk/d3dx9/ccodec.cpp	DC3	CCodec_L6V5U5,CCodec_X8L8V8U8,CCodec_Q8W8V8U8	1	0.250	4	0	0	4	0x82884800	0x82884D5C	1372	1372	0	0	-
xgraphics:ccodec.obj	1.000	xdk/xgraphics/ccodec.cpp	DC3	CCodec_L6V5U5,CCodec_X8L8V8U8,CCodec_Q8W8V8U8	1	0.250	4	0	0	4	0x82A07870	0x82A07DCC	1372	1372	0	0	-
xonline:xbosfall06.obj	1.000	xdk/xonline/xbosfall06.cpp	DC3	-	0	0.000	4	0	0	4	0x82A6AF80	0x82A6B4DC	1372	1364	0	0	-
xhv2:loopback.obj	1.000	xdk/xhv2/loopback.cpp	DC3	-	0	0.000	9	0	0	9	0x82C16538	0x82C16A9C	1380	1364	0	0	-
xaudio2:xapobase.obj	1.000	xdk/xaudio2/xapobase.cpp	DC3	CXAPOBase,CXAPOParametersBase	4	0.667	6	0	0	6	0x82BC0C58	0x82BC11B8	1376	1360	0	0	-
xgraphics:ilinstiterator.obj	1.000	xdk/xgraphics/ucode/compiler/il/ilinstiterator.cpp	MAIN	ILFormatDecode,ILInstIterator,XGRAPHICS	7	0.700	10	0	0	10	0x82A3F8F8	0x82A3FE4C	1364	1328	0	0	-
xaudio2:system.obj	1.000	xdk/xaudio2/system.cpp	DC3	CLeapSystem	8	1.000	8	0	0	8	0x82BE34C0	0x82BE39F0	1328	1316	0	0	-
d3dx9:effecthll.obj	1.000	xdk/d3dx9/effecthll.cpp	DC3	CParse	4	1.000	4	0	0	4	0x8292F458	0x8292F97C	1316	1308	0	0	-
d3dx9:ctokenize.obj	1.000	xdk/d3dx9/ctokenize.cpp	DC3	CTokenize	4	1.000	4	0	0	4	0x8288E4B8	0x8288E9D4	1308	1304	0	0	-
d3dx9:ccodec.obj	1.000	xdk/d3dx9/ccodec.cpp	DC3	CCodec	2	0.500	4	0	0	4	0x8287C440	0x8287C93C	1276	1276	0	0	-
d3d9i:state.obj	1.000	xdk/d3d9i/state.cpp	DC3	D3D	2	0.500	4	0	0	4	0x828528B0	0x82852DA0	1264	1260	0	0	-
xaudio2:x2xmahal.obj	1.000	xdk/xaudio2/x2xmahal.cpp	DC3	-	0	0.000	3	0	0	3	0x82BCF9C8	0x82BCFEB0	1256	1252	0	0	-
xgraphics:irinst.obj	1.000	xdk/xgraphics/ucode/compiler/ir/irinst.cpp	MAIN	IRLoopIndex,IRAllocPos,IRAllocMem	1	0.083	12	0	0	12	0x82A5AD48	0x82A5B220	1240	1228	0	0	-
xgraphics:optimize.obj	1.000	xdk/xgraphics/optimize.cpp	MAIN	Instruction,Dependency,D3DXShader	8	0.571	14	0	0	14	0x829B2EC8	0x829B338C	1220	1192	0	0	-
xapilibi:memfunctions.obj	1.000	xdk/xapilibi/memfunctions.cpp	DC3	-	0	0.000	3	0	0	3	0x828408C8	0x82840D6C	1188	1180	0	0	-
xonline:endian.obj	1.000	xdk/xonline/endian.cpp	DC3	CBaseEndianBuffer	13	1.000	13	0	0	13	0x82A6C6A0	0x82A6CB54	1204	1180	0	0	-
xgraphics:main.obj	1.000	xdk/xgraphics/main.cpp	DC3	Compiler,D3DXShader	6	0.600	10	0	0	10	0x829448D0	0x82944D6C	1180	1160	0	0	-
d3dx9:cconstanttable.obj	1.000	xdk/d3dx9/cconstanttable.cpp	DC3	CConstant,D3DXShader,CConstantTable	3	0.500	6	0	0	6	0x828AAB10	0x828AAFA0	1168	1156	0	0	-
d3d9i:shader.obj	1.000	xdk/d3d9i/shader.cpp	DC3	-	0	0.000	3	0	0	3	0x8285D440	0x8285D8D4	1172	1140	0	0	-
xmic:xmicapi.obj	1.000	xdk/xmic/xmicapi.cpp	DC3	-	0	0.000	8	0	0	8	0x82C26678	0x82C26B28	1200	1140	0	0	-
xaudio2:xapobase.obj	1.000	xdk/xaudio2/xapobase.cpp	DC3	CXAPOParametersBase,CXAPOBase,XAPOBaseWaveHlpNameSpace	5	0.556	9	0	0	9	0x82BBF540	0x82BBF9B4	1140	1120	0	0	-
xaudio2:oapclip.obj	1.000	xdk/xaudio2/oapclip.cpp	DC3	OAPIPELINE	3	1.000	3	0	0	3	0x82BD8868	0x82BD8C98	1072	1064	0	0	-
xgraphics:header.obj	1.000	xdk/xgraphics/header.cpp	DC3	XGRAPHICS	1	0.200	5	0	0	5	0x829339D8	0x82933E04	1068	1060	0	0	-
xgraphics:asm.obj	1.000	xdk/xgraphics/ucode/compiler/asm/asm.cpp	MAIN	Assembler,CFG,IRExport	3	0.600	5	0	0	5	0x82A41040	0x82A41470	1072	1060	0	0	-
xhv2:codec.obj	1.000	xdk/xhv2/codec.cpp	DC3	-	0	0.000	5	0	0	5	0x82C176B0	0x82C17ABC	1036	1032	0	0	-
d3dx9:cnode.obj	1.000	xdk/d3dx9/cnode.cpp	DC3	CNode,CNodeList,CNodeTree	4	0.444	9	0	0	9	0x828B1F20	0x828B235C	1084	1028	0	0	-
xgraphics:constreg.obj	1.000	xdk/xgraphics/constreg.cpp	DC3	-	0	0.000	9	9	0	9	0x829823A8	0x829827B8	1040	1024	0	0	-
xgraphics:irinst.obj	1.000	xdk/xgraphics/ucode/compiler/ir/irinst.cpp	MAIN	IRInst	3	0.273	11	0	0	11	0x82A59B38	0x82A59F94	1116	996	0	0	-
xhv2:packets.obj	1.000	xdk/xhv2/packets.cpp	DC3	-	0	0.000	7	0	0	7	0x82C17AC0	0x82C17E94	980	968	0	0	-
d3dx9:c30swprogram.obj	1.000	xdk/d3dx9/c30swprogram.cpp	DC3	C30SWProgram	6	1.000	6	0	0	6	0x828C2240	0x828C2610	976	960	0	0	-
xaudio2:system.obj	1.000	xdk/xaudio2/system.cpp	DC3	CLeapSystem,CThreadBase	6	0.857	7	0	0	7	0x82BE2A68	0x82BE2EA8	1088	956	0	0	-
xaudio2:graphmgr.obj	1.000	xdk/xaudio2/graphmgr.cpp	DC3	CGraphManager	2	0.667	3	0	0	3	0x82BF3C60	0x82BF4020	960	952	0	0	-
xgraphics:compilerinc.obj	1.000	xdk/xgraphics/compilerinc.cpp	DC3	Compiler,Arena	7	0.778	9	0	0	9	0x82A1D080	0x82A1D440	960	948	0	0	-
xonline:xoncore.obj	1.000	xdk/xonline/xoncore.cpp	DC3	-	0	0.000	6	0	0	6	0x82A6AB80	0x82A6AF7C	1020	948	0	0	-
d3d9i:shader.obj	1.000	xdk/d3d9i/shader.cpp	DC3	D3D	1	0.333	3	2	0	3	0x8285E870	0x8285EC2C	956	940	0	0	-
xmic:decasac.obj	1.000	xdk/xmic/decasac.cpp	DC3	-	0	0.000	4	0	0	4	0x82C28488	0x82C28838	944	940	0	0	-
d3dx9:ccodec.obj	1.000	xdk/d3dx9/ccodec.cpp	DC3	CCodec_R16F,CCodec_G16R16F,CCodec_A16B16G16R16F	1	0.200	5	0	0	5	0x82885158	0x828854FC	932	928	0	0	-
d3dx9:cconstanttable.obj	1.000	xdk/d3dx9/cconstanttable.cpp	DC3	CConstantTable	5	0.625	8	2	0	8	0x828AAFB8	0x828AB364	940	928	0	0	-
xinput2:tables.obj	1.000	xdk/xinput2/tables.cpp	DC3	-	0	0.000	4	0	0	4	0x8284FC00	0x8284FFC4	964	920	0	0	-
d3dx9:ccommentblock.obj	1.000	xdk/d3dx9/ccommentblock.cpp	DC3	CCommentBlock	5	0.714	7	0	0	7	0x828B6D80	0x828B7120	928	908	0	0	-
xaudio2:x2effectchain.obj	1.000	xdk/xaudio2/x2effectchain.cpp	DC3	CX2EffectChain	8	0.800	10	0	0	10	0x82BE4518	0x82BE48B0	920	908	0	0	-
xgraphics:import.obj	1.000	xdk/xgraphics/import.cpp	DC3	Compiler,Instruction,D3DXShader	10	0.714	14	0	0	14	0x829E19D8	0x829E1D7C	932	904	0	0	-
LIBCMT:tidtable.obj	1.000	xdk/LIBCMT/tidtable.cpp	DC3	-	0	0.000	8	0	0	8	0x82830820	0x82830BC0	928	900	0	0	-
xgraphics:import.obj	1.000	xdk/xgraphics/import.cpp	DC3	Compiler	6	1.000	6	0	0	6	0x829E1E28	0x829E21B4	908	892	0	0	-
xgraphics:statepreprocessor.obj	1.000	xdk/xgraphics/ucode/ssm/statecache/statepreprocessor.cpp	MAIN	XGRAPHICS	5	1.000	5	0	0	5	0x82A0A988	0x82A0AD00	888	884	0	0	-
d3dx9:ccodec.obj	1.000	xdk/d3dx9/ccodec.cpp	DC3	CCodec_X1R5G5B5,CCodec_A1R5G5B5,CCodec_A4R4G4B4	1	0.333	3	0	0	3	0x828838F8	0x82883C64	876	876	0	0	-
xgraphics:emit.obj	1.000	xdk/xgraphics/emit.cpp	DC3	Instruction,Dependency,Compiler	5	0.500	10	0	0	10	0x8295A300	0x8295A680	896	876	0	0	-
xgraphics:ccodec.obj	1.000	xdk/xgraphics/ccodec.cpp	DC3	CCodec_X1R5G5B5,CCodec_A1R5G5B5,CCodec_A4R4G4B4	1	0.333	3	0	0	3	0x82A06968	0x82A06CD4	876	876	0	0	-
d3dx9:cnode.obj	1.000	xdk/d3dx9/cnode.cpp	DC3	CNodeRegister,CNodeState	2	0.500	4	0	0	4	0x828B5668	0x828B59D4	876	868	0	0	-
xaudio2:swfilter.obj	1.000	xdk/xaudio2/swfilter.cpp	DC3	CSWFilter	2	0.500	4	0	0	4	0x82C081F8	0x82C0855C	868	860	0	0	-
xaudio2:voiceskin.obj	1.000	xdk/xaudio2/voiceskin.cpp	DC3	CVoiceSkin	4	1.000	4	0	0	4	0x82BF5718	0x82BF5A74	860	856	0	0	-
xgraphics:localreg.obj	1.000	xdk/xgraphics/localreg.cpp	DC3	Compiler,Instruction	1	0.200	5	3	0	5	0x8296C9B0	0x8296CD04	852	844	0	0	-
d3dx9:d3dx9shader.obj	1.000	xdk/d3dx9/d3dx9shader.cpp	DC3	-	0	0.000	5	0	0	5	0x82877780	0x82877ACC	844	836	0	0	-
d3dx9:ctokenize.obj	1.000	xdk/d3dx9/ctokenize.cpp	DC3	CTErrors	3	0.750	4	0	0	4	0x8288D798	0x8288DAE0	840	832	0	0	-
xaudio2:x2voicexma.obj	1.000	xdk/xaudio2/x2voicexma.cpp	DC3	CX2SourceVoiceXMA	3	0.750	4	1	0	4	0x82BD22E0	0x82BD261C	828	820	0	0	-
d3dx9:cpreprocessor.obj	1.000	xdk/d3dx9/cpreprocessor.cpp	DC3	CPreProcessor	5	0.833	6	0	0	6	0x82888E20	0x82889158	824	816	0	0	-
xgraphics:irinst.obj	1.000	xdk/xgraphics/ucode/compiler/ir/irinst.cpp	MAIN	-	0	0.000	9	0	0	9	0x82A59FF8	0x82A5A38C	916	804	0	0	-
xonline:marshsup.obj	1.000	xdk/xonline/marshsup.cpp	DC3	CConformanceList	5	1.000	5	0	0	5	0x82A6CB58	0x82A6CE88	816	804	0	0	-
xgraphics:convert.obj	1.000	xdk/xgraphics/convert.cpp	DC3	D3D	1	0.167	6	0	0	6	0x82935BA8	0x82935EDC	820	800	0	0	-
xaudio2:reverb.obj	1.000	xdk/xaudio2/reverb.cpp	DC3	CAudioReverb	3	1.000	3	0	0	3	0x82BC71F0	0x82BC7518	808	792	0	0	-
xaudio2:waveutils.obj	1.000	xdk/xaudio2/waveutils.cpp	DC3	XAudio2WaveHelp,XAPOBaseWaveHlpNameSpace	3	0.750	4	0	0	4	0x82BD3A08	0x82BD3D28	800	792	0	0	-
xgraphics:ssmdebug.obj	1.000	xdk/xgraphics/ssmdebug.cpp	DC3	XGRAPHICS	1	0.250	4	0	0	4	0x8294EFF0	0x8294F308	792	784	0	0	-
xgraphics:schedmodel.obj	1.000	xdk/xgraphics/ucode/compiler/opt/schedmodel.cpp	MAIN	XGRAPHICS,R400SchedModel	5	0.714	7	0	0	7	0x82A696D0	0x82A699E8	792	776	0	0	-
xgraphics:import.obj	1.000	xdk/xgraphics/import.cpp	DC3	Compiler	4	1.000	4	0	0	4	0x829E59F0	0x829E5CEC	764	756	0	0	-
xgraphics:block.obj	1.000	xdk/xgraphics/ucode/compiler/ir/block.cpp	MAIN	Block	1	0.250	4	0	0	4	0x82A5CA68	0x82A5CD74	780	756	0	0	-
LIBCMT:strtol.obj	1.000	xdk/LIBCMT/strtol.cpp	DC3	-	0	0.000	3	0	0	3	0x8282E9F8	0x8282ECE0	744	744	0	0	-
xaudio2:x2engine.obj	1.000	xdk/xaudio2/x2engine.cpp	DC3	CX2Engine	5	1.000	5	0	0	5	0x82BC17E8	0x82BC1AC8	736	728	0	0	-
d3dx9:cfxlprogram.obj	1.000	xdk/d3dx9/cfxlprogram.cpp	DC3	CFXLProgram	4	0.800	5	0	0	5	0x8292B5A0	0x8292B880	736	724	0	0	-
xaudio2:x2voicesource.obj	1.000	xdk/xaudio2/x2voicesource.cpp	DC3	CX2SourceVoice	5	1.000	5	0	0	5	0x82BCD820	0x82BCDAEC	716	716	0	0	-
xapilibi:xcontentcrosstitle.obj	1.000	xdk/xapilibi/xcontentcrosstitle.cpp	DC3	-	0	0.000	4	0	0	4	0x8283EB88	0x8283EE58	720	712	0	0	-
xapilibi:xcontentcrosstitle.obj	1.000	xdk/xapilibi/xcontentcrosstitle.cpp	DC3	-	0	0.000	3	0	0	3	0x8283EF70	0x8283F238	712	704	0	0	-
xgraphics:irinst.obj	1.000	xdk/xgraphics/ucode/compiler/ir/irinst.cpp	MAIN	IRInst	7	1.000	7	0	0	7	0x82A58918	0x82A58BE0	712	700	0	0	-
LIBCMT:frame.obj	1.000	xdk/LIBCMT/frame.cpp	DC3	-	0	0.000	3	0	0	3	0x82830CD8	0x82830F94	700	684	0	0	-
xgraphics:shaderpdbbuilder.obj	1.000	xdk/xgraphics/shaderpdbbuilder.cpp	DC3	Stream	5	1.000	5	0	0	5	0x82938470	0x82938728	696	684	0	0	-
d3d9i:state.obj	1.000	xdk/d3d9i/state.cpp	DC3	-	0	0.000	3	0	0	3	0x82852580	0x82852828	680	680	0	0	-
d3dx9:threadlocaldata.obj	1.000	xdk/d3dx9/threadlocaldata.cpp	DC3	D3DXShader	3	1.000	3	0	0	3	0x828B5CC0	0x828B5F64	676	676	0	0	-
d3dx9:cbuffer.obj	1.000	xdk/d3dx9/cbuffer.cpp	DC3	CBuffer	4	0.667	6	0	0	6	0x82876998	0x82876C3C	676	668	0	0	-
d3dx9:c30swprogram.obj	1.000	xdk/d3dx9/c30swprogram.cpp	DC3	C30SWProgramCI,C30SWProgramML	4	0.800	5	0	0	5	0x828C5B90	0x828C5E34	676	664	0	0	-
xgraphics:import.obj	1.000	xdk/xgraphics/import.cpp	DC3	Compiler	4	1.000	4	0	0	4	0x829E5D88	0x829E602C	676	664	0	0	-
xgraphics:block.obj	1.000	xdk/xgraphics/ucode/compiler/ir/block.cpp	MAIN	Block	3	0.600	5	0	0	5	0x82A5C5C0	0x82A5C864	676	664	0	0	-
LIBCMT:_file.obj	1.000	xdk/LIBCMT/_file.cpp	DC3	-	0	0.000	7	0	0	7	0x8282F420	0x8282F6BC	668	656	0	0	-
xaudio2:x2voicexma.obj	1.000	xdk/xaudio2/x2voicexma.cpp	DC3	CX2SourceVoiceXMA	2	0.500	4	0	0	4	0x82BD1298	0x82BD1528	656	656	0	0	-
xgraphics:mem.obj	1.000	xdk/xgraphics/mem.cpp	DC3	XGRAPHICS	4	1.000	4	0	0	4	0x82A0C4C8	0x82A0C758	656	652	0	0	-
xaudio2:graphmgr.obj	1.000	xdk/xaudio2/graphmgr.cpp	DC3	CGraphManager	2	0.667	3	0	0	3	0x82BF4768	0x82BF49F4	652	652	0	0	-
xgraphics:globreg.obj	1.000	xdk/xgraphics/globreg.cpp	DC3	Block,Compiler,D3DXShader	2	0.333	6	0	0	6	0x829799D0	0x82979C48	632	620	0	0	-
LIBCMT:mlock.obj	1.000	xdk/LIBCMT/mlock.cpp	DC3	-	0	0.000	5	0	0	5	0x82838128	0x828383CC	676	612	0	0	-
xaudio2:x2mixmatrix.obj	1.000	xdk/xaudio2/x2mixmatrix.cpp	DC3	CMixMatrix	1	0.333	3	0	0	3	0x82BF7748	0x82BF799C	596	592	0	0	-
xhv2:engine.obj	1.000	xdk/xhv2/engine.cpp	DC3	-	0	0.000	3	0	0	3	0x82C18B98	0x82C18DEC	596	592	0	0	-
d3d9i:shader.obj	1.000	xdk/d3d9i/shader.cpp	DC3	Microcode	1	0.250	4	3	0	4	0x82860EF8	0x82861144	588	584	0	0	-
xaudio2:x2voicebase.obj	1.000	xdk/xaudio2/x2voicebase.cpp	DC3	CX2Voice,CMixMatrix	2	0.667	3	0	0	3	0x82BE5490	0x82BE56D0	576	576	0	0	-
xgraphics:ccodec.obj	1.000	xdk/xgraphics/ccodec.cpp	DC3	CCodec_R16F,CCodec_G16R16F,CCodec_A16B16G16R16F	1	0.333	3	0	0	3	0x82A081C8	0x82A08404	572	568	0	0	-
xaudio2:swoutput.obj	1.000	xdk/xaudio2/swoutput.cpp	DC3	CSWOutput	5	0.833	6	0	0	6	0x82C07C20	0x82C07E8C	620	568	0	0	-
LIBCMT:fflush.obj	1.000	xdk/LIBCMT/fflush.cpp	DC3	-	0	0.000	3	0	0	3	0x82834E48	0x82835084	572	560	0	0	-
xaudio2:x2voicebase.obj	1.000	xdk/xaudio2/x2voicebase.cpp	DC3	CMixMatrix,CX2Voice	2	0.500	4	0	0	4	0x82BE4B88	0x82BE4DB8	560	552	0	0	-
xaudio2:x2engine.obj	1.000	xdk/xaudio2/x2engine.cpp	DC3	CX2Engine,CMemoryManagedUnknown	2	0.667	3	0	0	3	0x82BC1BA8	0x82BC1E0C	612	544	0	0	-
xhv2:engine.obj	1.000	xdk/xhv2/engine.cpp	DC3	-	0	0.000	3	0	0	3	0x82C19D28	0x82C19F4C	548	544	0	0	-
xaudio2:x2engine.obj	1.000	xdk/xaudio2/x2engine.cpp	DC3	CX2Engine	2	0.500	4	2	0	4	0x82BC23C0	0x82BC25E4	548	540	0	0	-
LIBCMT:float.obj	1.000	xdk/LIBCMT/float.cpp	DC3	-	0	0.000	3	0	0	3	0x82838FC0	0x828391D8	536	532	0	0	-
xaudio2:configcommon.obj	1.000	xdk/xaudio2/configcommon.cpp	DC3	xWMA	3	1.000	3	0	0	3	0x82C068D0	0x82C06AE8	536	532	0	0	-
LIBCMT:crt0dat.obj	1.000	xdk/LIBCMT/crt0dat.cpp	DC3	-	0	0.000	6	0	0	6	0x8282EF78	0x8282F194	540	528	0	0	-
xgraphics:globalregs.obj	1.000	xdk/xgraphics/ucode/compiler/opt/globalregs.cpp	MAIN	CFG,SparseIntSet,bitset	4	0.571	7	0	0	7	0x82A4A1D8	0x82A4A3F0	536	520	0	0	-
xaudio2:x2engine.obj	1.000	xdk/xaudio2/x2engine.cpp	DC3	CCriticalSectionLock,CX2Engine,GCCriticalSectionLock	2	0.400	5	0	0	5	0x82BC11B8	0x82BC1408	592	516	0	0	-
xaudio2:clipper.obj	1.000	xdk/xaudio2/clipper.cpp	DC3	CAudioClip	2	0.667	3	0	0	3	0x82BC44C8	0x82BC46B8	496	492	0	0	-
d3dx9:cpreprocessor.obj	1.000	xdk/d3dx9/cpreprocessor.cpp	DC3	CPreProcessor	3	1.000	3	0	0	3	0x82889CD0	0x82889EB8	488	484	0	0	-
xhv2:remotetalker.obj	1.000	xdk/xhv2/remotetalker.cpp	DC3	-	0	0.000	3	0	0	3	0x82C1B900	0x82C1BAE4	484	484	0	0	-
xapilibi:xthread.obj	1.000	xdk/xapilibi/xthread.cpp	DC3	-	0	0.000	4	0	0	4	0x8283C4C8	0x8283C6AC	484	480	0	0	-
xhv2:xhv.obj	1.000	xdk/xhv2/xhv.cpp	DC3	-	0	0.000	4	0	0	4	0x82C16358	0x82C16534	476	476	0	0	-
xgraphics:dxtn.obj	1.000	xdk/xgraphics/dxtn.cpp	DC3	XG_D3DXTex	4	1.000	4	0	0	4	0x82A328A8	0x82A32A98	496	464	0	0	-
d3d9i:shader.obj	1.000	xdk/d3d9i/shader.cpp	DC3	CMicrocodeBuilder	3	1.000	3	0	0	3	0x82861BB8	0x82861D84	460	460	0	0	-
LIBCMT:asincos.obj	1.000	xdk/LIBCMT/asincos.cpp	DC3	-	0	0.000	3	0	0	3	0x8282BA18	0x8282BBE0	456	456	0	0	-
LIBCMT:util.obj	1.000	xdk/LIBCMT/util.cpp	DC3	-	0	0.000	5	0	0	5	0x82831FD8	0x828321A0	456	448	0	0	-
xaudio2:buffer.obj	1.000	xdk/xaudio2/buffer.cpp	DC3	CBuffer	3	1.000	3	0	0	3	0x82C07A58	0x82C07C20	456	448	0	0	-
xgraphics:xenoncompress.obj	1.000	xdk/xgraphics/xenoncompress.cpp	DC3	-	0	0.000	3	0	0	3	0x82945D78	0x82945F38	448	444	0	0	-
LIBCMT:threadex.obj	1.000	xdk/LIBCMT/threadex.cpp	DC3	-	0	0.000	3	0	0	3	0x8282D9D0	0x8282DBB8	488	436	0	0	-
xaudio2:x2voicewma.obj	1.000	xdk/xaudio2/x2voicewma.cpp	DC3	CX2SourceVoiceWMA	3	1.000	3	0	0	3	0x82BD0A28	0x82BD0BDC	436	432	0	0	-
xgraphics:ccodec.obj	1.000	xdk/xgraphics/ccodec.cpp	DC3	CCodec_G16R16F,CCodec_R16F,CCodec_A16B16G16R16F	1	0.333	3	0	0	3	0x82A06300	0x82A0649C	412	412	0	0	-
LIBCMT:ieeemisc.obj	1.000	xdk/LIBCMT/ieeemisc.cpp	DC3	-	0	0.000	5	0	0	5	0x82832E48	0x82832FEC	420	408	0	0	-
d3dx9:cnodeasm.obj	1.000	xdk/d3dx9/cnodeasm.cpp	DC3	CNodeAsmRegister	1	0.333	3	0	0	3	0x828B6BE8	0x828B6D7C	404	404	0	0	-
xgraphics:dlist.obj	1.000	xdk/xgraphics/dlist.cpp	DC3	DList,DListNode	5	0.500	10	0	0	10	0x82A563C0	0x82A56564	420	400	0	0	-
xgraphics:opt.obj	1.000	xdk/xgraphics/ucode/compiler/opt/opt.cpp	MAIN	XGRAPHICS,IRInst	3	0.750	4	0	0	4	0x82A524F8	0x82A526AC	436	396	0	0	-
d3dx9:cfile.obj	1.000	xdk/d3dx9/cfile.cpp	DC3	CFile	2	0.500	4	0	0	4	0x82877C20	0x82877DAC	396	392	0	0	-
xgraphics:shaderpdbbuilder.obj	1.000	xdk/xgraphics/shaderpdbbuilder.cpp	DC3	ShaderPDBBuilder	2	0.200	10	0	0	10	0x8293E090	0x8293E234	420	380	0	0	-
d3dx9:cpreprocessor.obj	1.000	xdk/d3dx9/cpreprocessor.cpp	DC3	-	0	0.000	3	0	0	3	0x82889238	0x828893AC	372	372	0	0	-
xgraphics:vregtable.obj	1.000	xdk/xgraphics/ucode/compiler/ir/vregtable.cpp	MAIN	VRegTable	5	1.000	5	0	0	5	0x82A47A98	0x82A47C18	384	372	0	0	-
xgraphics:vreginfo.obj	1.000	xdk/xgraphics/vreginfo.cpp	DC3	-	0	0.000	3	0	0	3	0x82A585C0	0x82A5873C	380	372	0	0	-
xgraphics:ssa.obj	1.000	xdk/xgraphics/ucode/compiler/ir/ssa.cpp	MAIN	XGRAPHICS,IRInst	2	0.500	4	0	0	4	0x82A4B238	0x82A4B3B0	376	368	0	0	-
xaudio2:x2voicebase.obj	1.000	xdk/xaudio2/x2voicebase.cpp	DC3	CX2Voice,CVoiceSend	1	0.333	3	0	0	3	0x82BE5C28	0x82BE5D9C	372	368	0	0	-
xmic:ciiasac60.obj	1.000	xdk/xmic/ciiasac60.cpp	DC3	-	0	0.000	3	0	0	3	0x82C28320	0x82C28488	360	356	0	0	-
LIBCMT:onexit.obj	1.000	xdk/LIBCMT/onexit.cpp	DC3	-	0	0.000	3	0	0	3	0x8282A2B0	0x8282A440	400	352	0	0	-
xgraphics:irinst.obj	1.000	xdk/xgraphics/ucode/compiler/ir/irinst.cpp	MAIN	IRKill2,IRCmp1S,IRCmp1D	1	0.250	4	0	0	4	0x82A5AB48	0x82A5ACA8	352	348	0	0	-
d3dx9:calloc.obj	1.000	xdk/d3dx9/calloc.cpp	DC3	CAlloc	1	0.333	3	0	0	3	0x828B1C98	0x828B1DF4	348	340	0	0	-
xgraphics:vregtable.obj	1.000	xdk/xgraphics/ucode/compiler/ir/vregtable.cpp	MAIN	XGRAPHICS	2	0.667	3	0	0	3	0x82A47900	0x82A47A54	340	340	0	0	-
xaudio2:x2voicesource.obj	1.000	xdk/xaudio2/x2voicesource.cpp	DC3	XAUDIO2,CMixMatrix	1	0.333	3	1	0	3	0x82BCD158	0x82BCD2AC	340	340	0	0	-
LIBCMT:dosmap.obj	1.000	xdk/LIBCMT/dosmap.cpp	DC3	-	0	0.000	4	0	0	4	0x8282E380	0x8282E4D0	336	336	0	0	-
LIBCMT:fpctrl.obj	0.750	xdk/LIBCMT/fpctrl.cpp	DC3	-	0	0.000	4	0	0	3	0x82832FF0	0x82833138	328	324	0	0	ADJ,AMB_OBJ
d3dx9:d3dxmath.obj	1.000	xdk/d3dx9/d3dxmath.cpp	DC3	-	0	0.000	4	0	0	4	0x82887A78	0x82887BD4	348	312	0	0	-
xgraphics:import.obj	1.000	xdk/xgraphics/import.cpp	DC3	-	0	0.000	3	3	0	3	0x829E7A48	0x829E7B84	316	312	0	0	-
xaudio2:src_fast.obj	1.000	xdk/xaudio2/src_fast.cpp	DC3	CAudioSRC,OAPIPELINE	2	0.667	3	0	0	3	0x82BC3D10	0x82BC3E80	368	312	0	0	-
xgraphics:ilprogram.obj	1.000	xdk/xgraphics/ilprogram.cpp	DC3	ILProgram	2	0.667	3	0	0	3	0x82A3F7C0	0x82A3F8F4	308	304	0	0	-
-	0.000	-	-	-	0	0.000	19	0	0	0	0x82C4CD0C	0x82C4CE3C	304	304	0	0	NO_OBJ
xgraphics:arena.obj	1.000	xdk/xgraphics/arena.cpp	DC3	Arena	3	1.000	3	0	0	3	0x82A3F690	0x82A3F7BC	300	300	0	0	-
xaudio2:waveutils.obj	1.000	xdk/xaudio2/waveutils.cpp	DC3	XAudio2WaveHelp	3	1.000	3	0	0	3	0x82BD36F0	0x82BD3820	304	300	0	0	-
xaudio2:system.obj	1.000	xdk/xaudio2/system.cpp	DC3	CLeapSystem	5	1.000	5	0	0	5	0x82BE28C8	0x82BE2A00	312	300	0	0	-
d3dx9:cconstanttable.obj	1.000	xdk/d3dx9/cconstanttable.cpp	DC3	CConstantTable	3	1.000	3	0	0	3	0x828AE4F0	0x828AE61C	300	296	0	0	-
xaudio2:adpcm.obj	1.000	xdk/xaudio2/adpcm.cpp	DC3	-	0	0.000	3	0	0	3	0x82BC6F60	0x82BC70A4	324	296	0	0	-
d3dx9:cargument.obj	1.000	xdk/d3dx9/cargument.cpp	DC3	CArgument	2	0.500	4	0	0	4	0x828E5948	0x828E5A68	288	288	0	0	-
LIBCMT:ehstate.obj	1.000	xdk/LIBCMT/ehstate.cpp	DC3	-	0	0.000	3	0	0	3	0x82830BC0	0x82830CD8	280	276	0	0	-
xgraphics:ilformatdecode.obj	1.000	xdk/xgraphics/ucode/compiler/il/ilformatdecode.cpp	MAIN	ILFormatDecode	3	1.000	3	0	0	3	0x82A69A58	0x82A69B70	280	276	0	0	-
xnet:sockapi.obj	1.000	xdk/xnet/sockapi.cpp	DC3	-	0	0.000	5	0	0	5	0x8284D980	0x8284DAE4	356	252	0	0	-
LIBCMT:invarg.obj	1.000	xdk/LIBCMT/invarg.cpp	DC3	-	0	0.000	3	0	0	3	0x828321E0	0x828322E0	256	248	0	0	-
LIBCMT:unwind.obj	1.000	xdk/LIBCMT/unwind.cpp	DC3	-	0	0.000	3	0	0	3	0x82838AF0	0x82838BE8	248	240	0	0	-
xaudio2:xwmamalloc.obj	1.000	xdk/xaudio2/xwmamalloc.cpp	DC3	xWMA	4	1.000	4	0	0	4	0x82BF79A0	0x82BF7A98	248	240	0	0	-
xgraphics:convert.obj	1.000	xdk/xgraphics/convert.cpp	DC3	-	0	0.000	3	0	0	3	0x82936660	0x82936740	224	224	0	0	-
d3dx9:cnode.obj	1.000	xdk/d3dx9/cnode.cpp	DC3	CNode	2	0.500	4	0	0	4	0x828B1DF8	0x828B1ED8	224	220	0	0	-
xhv2:procmode.obj	1.000	xdk/xhv2/procmode.cpp	DC3	-	0	0.000	3	0	0	3	0x82C16EF8	0x82C16FD4	220	220	0	0	-
xmcore:winhelper.obj	1.000	xdk/xmcore/winhelper.cpp	DC3	-	0	0.000	4	0	0	4	0x82C11568	0x82C1162C	196	188	0	0	-
LIBCMT:crt0msg.obj	1.000	xdk/LIBCMT/crt0msg.cpp	DC3	-	0	0.000	3	0	0	3	0x82831E48	0x82831F04	188	180	0	0	-
LIBCMT:hooks.obj	1.000	xdk/LIBCMT/hooks.cpp	DC3	-	0	0.000	3	0	0	3	0x82831D10	0x82831DD4	196	164	0	0	-
xaudio2:msaudio.obj	1.000	xdk/xaudio2/msaudio.cpp	DC3	xWMA	3	1.000	3	0	0	3	0x82BF9518	0x82BF95CC	180	164	0	0	-
LIBCMT:crtfpr.obj	1.000	xdk/LIBCMT/crtfpr.cpp	DC3	-	0	0.000	28	0	0	28	0x8282A7A0	0x8282A838	152	152	0	0	-
LIBCMT:_ctype.obj	1.000	xdk/LIBCMT/_ctype.cpp	DC3	-	0	0.000	5	0	0	5	0x8282F7B0	0x8282F84C	156	120	0	0	-
LIBCMT:crt0dat.obj	1.000	xdk/LIBCMT/crt0dat.cpp	DC3	-	0	0.000	4	0	0	4	0x8282F1F8	0x8282F254	92	80	0	0	-
xgraphics:ssmdevice.obj	1.000	xdk/xgraphics/ucode/ssm/interface/ssmdevice.cpp	MAIN	XGRAPHICS	4	1.000	4	0	0	4	0x82956030	0x8295608C	92	56	0	0	-
LIBCMT:crtvmx.obj	1.000	xdk/LIBCMT/crtvmx.cpp	DC3	-	0	0.000	4	0	0	4	0x82BBBF74	0x82BBBF8C	24	0	0	0	-
LIBCMT:crtvmx.obj	1.000	xdk/LIBCMT/crtvmx.cpp	DC3	-	0	0.000	4	0	0	4	0x82BBC20C	0x82BBC224	24	0	0	0	-
d3d9i:movie.obj	1.000	xdk/d3d9i/movie.cpp	DC3	D3D	4	1.000	4	0	0	4	0x828742F8	0x8287545C	4452	4404	44	0	-
