unit,symbol,div_class,confidence,before_evidence,fuzzy,mpn,size,byte_identical,screen
default/ADSR,??0ADSRImpl@@QAA@XZ,object_memory,stable_divergent,divergent,58.82,58.82,68,0,SURVIVES_BOTH_SCREENS
default/Accomplishment,??0Accomplishment@@QAA@PAVDataArray@@H@Z,call_count,stable_divergent,divergent,100.00,100.00,360,0,SURVIVES_BOTH_SCREENS
default/Accomplishment,?_M_Start@?$_String_base@DV?$allocator@D@stlpmtx_std@@@stlpmtx_std@@IBAPBDXZ,return_value,stable_divergent,divergent,22.17,23.00,24,0,SURVIVES_BOTH_SCREENS
default/Accomplishment,?push_back@?$ObjPtrList@VRndGroup@@VObjectDir@@@@QAAXPAVRndGroup@@@Z,call_count,stable_divergent,divergent,0.00,0.88,68,0,SURVIVES_BOTH_SCREENS
default/AccomplishmentCategory,??0AccomplishmentCategory@@QAA@PBVDataArray@@H@Z,call_count,stable_divergent,divergent,100.00,100.00,104,1,BYTE_IDENTICAL_ARTIFACT
default/AccomplishmentCategory,?Configure@AccomplishmentCategory@@QAAXPBVDataArray@@@Z,call_count,stable_divergent,divergent,38.57,40.17,188,0,SURVIVES_BOTH_SCREENS
default/AccomplishmentPanel,?GetAccomplishmentName@AccomplishmentPanel@@QAA?AVSymbol@@XZ,call_count,stable_divergent,divergent,47.09,47.88,128,0,SURVIVES_BOTH_SCREENS
default/AllocInfo,?Validate@AllocInfo@@QBAXXZ,call_count,stable_divergent,divergent,40.00,40.00,4,0,SURVIVES_BOTH_SCREENS
default/AmbientOcclusion,?CalculateAOAtPoint@RndAmbientOcclusion@@IBAXABVVector3@@0PAM@Z,wild_jump_match,stable_divergent,divergent,74.20,76.17,608,0,SURVIVES_BOTH_SCREENS
default/AmbientOcclusion,?FindSplit_Mean@kdTreeNode@?$kdTree@VTriangle@@@@QAA_NABVBox@@ABV?$list@PAVTriangle@@V?$StlNodeAlloc@PAVTriangle@@@stlpmtx_std@@@stlpmtx_std@@@Z,object_memory,stable_divergent,divergent,18.92,21.00,500,0,SURVIVES_BOTH_SCREENS
default/Anim,?Enter@RndDir@@UAAXXZ,call_count,stable_divergent,divergent,0.00,2.35,204,0,SURVIVES_BOTH_SCREENS
default/Anim,?Link@?$ObjPtrList@VObject@Hmx@@VObjectDir@@@@AAAXViterator@1@PAUNode@1@@Z,call_count,stable_divergent,divergent,13.78,15.56,180,0,SURVIVES_BOTH_SCREENS
default/Anim,?SyncProperty@RndSpline@@$4PPPPPPPM@A@AA_NAAVDataNode@@PAVDataArray@@HW4PropOp@@@Z,call_count,stable_divergent,divergent,100.00,100.00,12,1,BYTE_IDENTICAL_ARTIFACT
default/ArkFile,??0ArkFile@@QAA@PBDH@Z,object_memory,stable_divergent,divergent,58.72,61.16,172,0,SURVIVES_BOTH_SCREENS
default/BandCamShot,??$_Destroy_Range@V?$reverse_iterator@PAVSingerStats@@@stlpmtx_std@@@stlpmtx_std@@YAXV?$reverse_iterator@PAVSingerStats@@@0@0@Z,call_count,stable_divergent,divergent,0.00,1.11,72,0,SURVIVES_BOTH_SCREENS
default/BandCamShot,??0SkeletonCallback@@QAA@XZ,object_memory,stable_divergent,divergent,85.00,85.00,16,0,SURVIVES_BOTH_SCREENS
default/BandCharacter,??0BandCharacter@@QAA@XZ,call_count,stable_divergent,divergent,77.97,78.67,2180,0,SURVIVES_BOTH_SCREENS
default/BandCharacter,??_EBandCharDescTest@@$4PPPPPPPM@CDI@AAPAXI@Z,call_arg,stable_divergent,divergent,66.67,66.67,12,0,SURVIVES_BOTH_SCREENS
default/BandCharacter,??_G?$ObjOwnerPtr@VBandCharDesc@@@@UAAPAXI@Z,call_count,stable_divergent,divergent,99.74,99.74,76,1,BYTE_IDENTICAL_ARTIFACT
default/BandCharacter,?AddedObject@BandCharacter@@UAAXPAVObject@Hmx@@@Z,error,stable_divergent,divergent,100.00,100.00,920,1,BYTE_IDENTICAL_ARTIFACT
default/BandCharacter,?Handle@BandCharDesc@@$4PPPPPPPM@A@AA?AVDataNode@@PAVDataArray@@_N@Z,error,stable_divergent,divergent,93.33,98.33,12,0,SURVIVES_BOTH_SCREENS
default/BandCharacter,?OnPostMerge@BandCharacter@@QAA?AVDataNode@@PAVDataArray@@@Z,call_count,stable_divergent,divergent,83.32,83.54,656,0,SURVIVES_BOTH_SCREENS
default/BandCharacter,?PlayMainClip@BandCharacter@@QAAPAVCharClipDriver@@H_N@Z,call_count,stable_divergent,divergent,47.18,48.57,896,0,SURVIVES_BOTH_SCREENS
default/BandDirector,??0BandDirector@@QAA@XZ,call_count,stable_divergent,divergent,83.14,83.49,1088,0,SURVIVES_BOTH_SCREENS
default/BandIKEffector,?ComputeElbowPullAndQuat@BandIKEffector@@IAAXAAVQuatXfm@@ABVTransform@@ABVVector3@@@Z,call_count,stable_divergent,divergent,0.00,4.24,184,0,SURVIVES_BOTH_SCREENS
default/BandLabel,??4?$vector@VFlowMathOp@@V?$StlNodeAlloc@VFlowMathOp@@@stlpmtx_std@@@stlpmtx_std@@QAAAAV01@ABV01@@Z,call_count,stable_divergent,divergent,8.26,10.67,324,0,SURVIVES_BOTH_SCREENS
default/BandLabel,?Copy@BandLabel@@$4PPPPPPPM@A@AAXPBVObject@Hmx@@W4CopyType@23@@Z,call_count,stable_divergent,divergent,100.00,100.00,12,1,BYTE_IDENTICAL_ARTIFACT
default/BandLabel,?Copy@BandLabel@@UAAXPBVObject@Hmx@@W4CopyType@23@@Z,call_count,stable_divergent,divergent,94.14,94.31,116,0,SURVIVES_BOTH_SCREENS
default/BandLeadMeter,?Load@?$ObjRefConcrete@VRndAnimatable@@VObjectDir@@@@QAA_NAAVBinStream@@_NPAVObjectDir@@@Z,call_count,stable_divergent,divergent,80.24,81.62,232,0,SURVIVES_BOTH_SCREENS
default/BandList,?PreLoad@BandList@@UAAXAAVBinStream@@@Z,call_count,stable_divergent,divergent,28.59,29.76,136,0,SURVIVES_BOTH_SCREENS
default/BandPatchMesh,??0PatchPair@MeshPair@BandPatchMesh@@QAA@PAVObject@Hmx@@@Z,call_count,stable_divergent,divergent,33.29,34.12,96,0,SURVIVES_BOTH_SCREENS
default/BandPatchMesh,?resize@?$vector@VMeshFace@BandPatchMesh@@V?$StlNodeAlloc@VMeshFace@BandPatchMesh@@@stlpmtx_std@@@stlpmtx_std@@QAAXIABVMeshFace@BandPatchMesh@@@Z,object_memory,stable_divergent,divergent,12.52,13.83,92,0,SURVIVES_BOTH_SCREENS
default/BandSongMetadata,?Load@BandSongMetadata@@UAAXAAVBinStream@@@Z,call_count,stable_divergent,divergent,100.00,100.00,868,0,SURVIVES_BOTH_SCREENS
default/BandSongMetadata,?Rank@BandSongMetadata@@QBAMVSymbol@@@Z,call_count,stable_divergent,divergent,48.15,49.42,236,0,SURVIVES_BOTH_SCREENS
default/BandSongMgr,??0SongMgr@@QAA@XZ,call_arg,stable_divergent,divergent,82.28,83.97,260,0,SURVIVES_BOTH_SCREENS
default/BandSongMgr,?AddSongData@BandSongMgr@@UAAXPAVDataArray@@PAVDataLoader@@W4ContentLocT@@@Z,call_count,stable_divergent,divergent,66.08,67.79,152,0,SURVIVES_BOTH_SCREENS
default/BandSongMgr,?ClearSongCacheNeedsWrite@BandSongMgr@@UAAXXZ,call_count,stable_divergent,divergent,20.60,21.27,60,0,SURVIVES_BOTH_SCREENS
default/BandSongMgr,?IsDemo@BandSongMgr@@QBA_NH@Z,call_count,stable_divergent,divergent,98.54,98.54,164,0,SURVIVES_BOTH_SCREENS
default/BandSongMgr,?IsInExclusionList@BandSongMgr@@QBA_NPBDH@Z,unmapped_access_mismatch,stable_divergent,divergent,100.00,100.00,108,1,BYTE_IDENTICAL_ARTIFACT
default/BandSongMgr,?RankTierToken@BandSongMgr@@QBA?AVSymbol@@H@Z,call_count,stable_divergent,divergent,24.96,26.75,224,0,SURVIVES_BOTH_SCREENS
default/BandSongMgr,?ReadCachedMetadataFromStream@BandSongMgr@@UAAXAAVBinStream@@H@Z,call_count,stable_divergent,divergent,53.54,55.14,400,0,SURVIVES_BOTH_SCREENS
default/BandSongMgr,?SongCacheNeedsWrite@BandSongMgr@@UBA_NXZ,call_count,stable_divergent,divergent,88.75,88.96,96,0,SURVIVES_BOTH_SCREENS
default/BandUser,?GetLocalBandUser@LocalBandUser@@$4PPPPPPPM@A@AAPAV1@XZ,call_count,stable_divergent,divergent,100.00,100.00,12,1,BYTE_IDENTICAL_ARTIFACT
default/BandUser,?SyncProperty@BandUser@@$4PPPPPPPM@PPPPPPCE@AA_NAAVDataNode@@PAVDataArray@@HW4PropOp@@@Z,call_arg,stable_divergent,divergent,97.25,97.25,16,0,SURVIVES_BOTH_SCREENS
default/BandWardrobe,??0Merger@FileMerger@@QAA@PAVObject@Hmx@@@Z,call_count,stable_divergent,divergent,76.09,78.69,216,0,SURVIVES_BOTH_SCREENS
default/BandWardrobe,??1Merger@FileMerger@@QAA@XZ,object_memory,stable_divergent,divergent,99.42,99.42,104,0,SURVIVES_BOTH_SCREENS
default/BandWardrobe,?FindBestScoringHint@BandWardrobe@@QAAHPAVSymbol@@PAVSlotInfo@1@AAH@Z,call_count,stable_divergent,divergent,55.96,58.04,828,0,SURVIVES_BOTH_SCREENS
default/BandWardrobe,?OnEnterVignette@BandWardrobe@@QAA?AVDataNode@@PAVDataArray@@@Z,call_count,input_sensitive,divergent,89.40,90.60,1692,0,SURVIVES_BOTH_SCREENS
default/Bitmap,?Load@RndBitmap@@QAAXAAVBinStream@@@Z,error,stable_divergent,divergent,100.00,100.00,376,0,SURVIVES_BOTH_SCREENS
default/Bitmap,?LoadHeader@RndBitmap@@AAAAAVBinStream@@AAV2@AAE@Z,error,stable_divergent,divergent,49.98,50.63,216,0,SURVIVES_BOTH_SCREENS
default/ButtonHolder,??0?$vector@VActionRec@@V?$StlNodeAlloc@VActionRec@@@stlpmtx_std@@@stlpmtx_std@@QAA@ABV01@@Z,call_arg,stable_divergent,divergent,99.83,99.83,120,0,SURVIVES_BOTH_SCREENS
default/Cache_Xbox,?ThreadGetDir@CacheXbox@@IAAHVString@@0@Z,call_count,input_sensitive,divergent,100.00,100.00,744,0,SURVIVES_BOTH_SCREENS
default/CalibrationPanel,??0CalibrationPanel@@QAA@XZ,object_memory,stable_divergent,divergent,100.00,100.00,328,0,SURVIVES_BOTH_SCREENS
default/Cam,?_outline_SetFrustum@@YAXPAVRndCam@@MMMM@Z,call_count,stable_divergent,divergent,0.00,1.67,84,0,SURVIVES_BOTH_SCREENS
default/CameraShot,??$?5VCamShotFrame@@@@YAAAVBinStream@@AAVBinStreamRev@@AAV?$ObjVector@VCamShotFrame@@@@@Z,call_count,stable_divergent,divergent,100.00,100.00,92,1,BYTE_IDENTICAL_ARTIFACT
default/CameraShot,??0CamShotCrowd@@QAA@PAVObject@Hmx@@@Z,call_count,stable_divergent,divergent,56.87,57.79,152,0,SURVIVES_BOTH_SCREENS
default/CameraShot,??0CamShotFrame@@QAA@PAVObject@Hmx@@@Z,call_count,stable_divergent,divergent,68.39,70.42,424,0,SURVIVES_BOTH_SCREENS
default/CameraShot,?EndAnim@CamShot@@UAAXXZ,error,stable_divergent,divergent,57.29,57.90,196,0,SURVIVES_BOTH_SCREENS
default/CameraShot,?StartAnim@CamShot@@UAAXXZ,error,input_sensitive,divergent,8.41,8.88,552,0,SURVIVES_BOTH_SCREENS
default/CameraShot,?resize@?$ObjVector@VCamShotCrowd@@@@QAAXI@Z,call_count,stable_divergent,divergent,100.00,100.00,68,0,SURVIVES_BOTH_SCREENS
default/CharBoneDir,?PostLoad@CharBoneDir@@UAAXAAVBinStream@@@Z,call_count,stable_divergent,divergent,54.75,55.90,192,0,SURVIVES_BOTH_SCREENS
default/CharBoneDir,?PreLoad@CharBoneDir@@UAAXAAVBinStream@@@Z,call_count,stable_divergent,divergent,17.19,19.49,148,0,SURVIVES_BOTH_SCREENS
default/CharBoneDir,?insert@?$list@PAVRndTransformable@@V?$StlNodeAlloc@PAVRndTransformable@@@stlpmtx_std@@@stlpmtx_std@@QAA?AU?$_List_iterator@PAVRndTransformable@@U?$_Nonconst_traits@PAVRndTransformable@@@stlpmtx_std@@@2@U32@ABQAVRndTransformable@@@Z,call_count,stable_divergent,divergent,64.60,66.40,100,0,SURVIVES_BOTH_SCREENS
default/CharBoneOffset,??0CharBoneOffset@@IAA@XZ,call_count,stable_divergent,divergent,81.25,81.61,284,0,SURVIVES_BOTH_SCREENS
default/CharBonesMeshes,?ReallocateInternal@CharBonesMeshes@@MAAXXZ,call_count,stable_divergent,divergent,50.07,54.73,292,0,SURVIVES_BOTH_SCREENS
default/CharClip,??0CharClip@@IAA@XZ,call_count,stable_divergent,divergent,83.08,83.60,344,0,SURVIVES_BOTH_SCREENS
default/CharClipGroup,?HasClip@CharClipGroup@@QBA_NPAVCharClip@@@Z,call_count,stable_divergent,divergent,0.00,1.32,76,0,SURVIVES_BOTH_SCREENS
default/CharClipSet,?SetBpm@CharClipSet@@UAAXH@Z,call_count,stable_divergent,divergent,47.30,48.30,160,0,SURVIVES_BOTH_SCREENS
default/CharCuff,?Load@CharCuff@@$4PPPPPPPM@A@AAXAAVBinStream@@@Z,call_count,stable_divergent,divergent,100.00,100.00,12,1,BYTE_IDENTICAL_ARTIFACT
default/CharCuff,?Load@CharCuff@@UAAXAAVBinStream@@@Z,call_count,stable_divergent,divergent,73.34,75.26,480,0,SURVIVES_BOTH_SCREENS
default/CharDriver,??0CharDriver@@IAA@XZ,call_count,stable_divergent,divergent,85.84,86.49,488,0,SURVIVES_BOTH_SCREENS
default/CharDriverMidi,??_GCharDriverMidi@@UAAPAXI@Z,call_arg,stable_divergent,divergent,57.91,59.50,88,0,SURVIVES_BOTH_SCREENS
default/CharEyes,?NextLook@CharEyes@@IAAXXZ,call_count,stable_divergent,divergent,66.83,69.96,1684,0,SURVIVES_BOTH_SCREENS
default/CharFaceServo,??0CharFaceServo@@IAA@XZ,call_count,stable_divergent,divergent,93.32,93.45,476,0,SURVIVES_BOTH_SCREENS
default/CharFaceServo,?Load@CharFaceServo@@$4PPPPPPPM@A@AAXAAVBinStream@@@Z,call_count,stable_divergent,divergent,100.00,100.00,12,1,BYTE_IDENTICAL_ARTIFACT
default/CharFaceServo,?Load@CharFaceServo@@UAAXAAVBinStream@@@Z,call_count,stable_divergent,divergent,77.17,78.59,436,0,SURVIVES_BOTH_SCREENS
default/CharGuitarString,?Load@CharGuitarString@@$4PPPPPPPM@A@AAXAAVBinStream@@@Z,call_count,stable_divergent,divergent,100.00,100.00,12,1,BYTE_IDENTICAL_ARTIFACT
default/CharGuitarString,?Load@CharGuitarString@@UAAXAAVBinStream@@@Z,call_count,stable_divergent,divergent,45.48,46.98,200,0,SURVIVES_BOTH_SCREENS
default/CharHair,?Link@?$ObjPtrList@VCharCollide@@VObjectDir@@@@AAAXViterator@1@PAUNode@1@@Z,object_memory,stable_divergent,divergent,0.00,0.23,260,0,SURVIVES_BOTH_SCREENS
default/CharIKFingers,??0CharIKFingers@@IAA@XZ,call_count,stable_divergent,divergent,64.61,65.97,776,0,SURVIVES_BOTH_SCREENS
default/CharIKFoot,?Load@CharIKFoot@@$4PPPPPPPM@A@AAXAAVBinStream@@@Z,call_count,stable_divergent,divergent,100.00,100.00,12,1,BYTE_IDENTICAL_ARTIFACT
default/CharIKFoot,?Load@CharIKFoot@@UAAXAAVBinStream@@@Z,call_count,stable_divergent,divergent,54.95,56.62,252,0,SURVIVES_BOTH_SCREENS
default/CharLipSync,??__FsLoadedFile@@YAXXZ,call_arg,stable_divergent,divergent,97.57,99.00,28,0,SURVIVES_BOTH_SCREENS
default/CharLookAt,??0CharLookAt@@IAA@XZ,call_count,stable_divergent,divergent,73.30,74.36,528,0,SURVIVES_BOTH_SCREENS
default/CharMeshHide,?UpdateOverlay@Synth@@UAAMPAVRndOverlay@@M@Z,wild_jump_match,stable_divergent,divergent,90.86,92.51,776,0,SURVIVES_BOTH_SCREENS
default/CharNeckTwist,??0CharNeckTwist@@IAA@XZ,call_count,stable_divergent,divergent,69.57,69.93,224,0,SURVIVES_BOTH_SCREENS
default/CharPollGroup,??0CharPollGroup@@IAA@XZ,call_count,stable_divergent,divergent,3.88,5.75,288,0,SURVIVES_BOTH_SCREENS
default/CharWeightable,??0CharWeightable@@IAA@XZ,call_arg,stable_divergent,divergent,100.00,100.00,196,0,SURVIVES_BOTH_SCREENS
default/CharWeightable,?Handle@CharWeightable@@$4PPPPPPPM@A@AA?AVDataNode@@PAVDataArray@@_N@Z,error,stable_divergent,divergent,95.00,100.00,12,0,SURVIVES_BOTH_SCREENS
default/Character,??$_Destroy@ULod@Character@@@stlpmtx_std@@YAXPAULod@Character@@@Z,call_count,stable_divergent,divergent,95.00,95.00,4,1,BYTE_IDENTICAL_ARTIFACT
default/Character,??$__destroy_mv_srcs@V?$reverse_iterator@PAV?$ObjVector@ULod@Character@@@@@stlpmtx_std@@V?$ObjVector@ULod@Character@@@@@stlpmtx_std@@YAXV?$reverse_iterator@PAV?$ObjVector@ULod@Character@@@@@0@0PAV?$ObjVector@ULod@Character@@@@@Z,call_count,stable_divergent,divergent,22.22,23.06,72,0,SURVIVES_BOTH_SCREENS
default/Character,?PostLoad@Character@@$4PPPPPPPM@A@AAXAAVBinStream@@@Z,call_count,stable_divergent,divergent,100.00,100.00,12,1,BYTE_IDENTICAL_ARTIFACT
default/Character,?PostLoad@Character@@UAAXAAVBinStream@@@Z,call_count,stable_divergent,divergent,60.36,62.27,1440,0,SURVIVES_BOTH_SCREENS
default/CheatProvider,??0Cheat@CheatProvider@@QAA@AAVString@@0PAVDataArray@@@Z,call_arg,stable_divergent,divergent,72.56,74.75,64,0,SURVIVES_BOTH_SCREENS
default/ChordShapeGenerator,??0ChordShapeGenerator@@QAA@XZ,object_memory,stable_divergent,divergent,97.26,98.37,1112,0,SURVIVES_BOTH_SCREENS
default/ChordbookPanel,?DisplayChord@ChordbookPanel@@QAAXI@Z,wild_jump_match,stable_divergent,divergent,97.16,97.49,3436,0,SURVIVES_BOTH_SCREENS
default/ChordbookPanel,?Enter@ChordbookPanel@@UAAXXZ,call_count,stable_divergent,divergent,50.45,51.04,304,0,SURVIVES_BOTH_SCREENS
default/ClipGraphGen,?TypeDef@Object@Hmx@@QBAPAVDataArray@@XZ,call_count,stable_divergent,divergent,69.50,69.50,8,0,SURVIVES_BOTH_SCREENS
default/ColorPalette,?push_back@?$vector@VColor@Hmx@@V?$StlNodeAlloc@VColor@Hmx@@@stlpmtx_std@@@stlpmtx_std@@QAAXABVColor@Hmx@@@Z,call_count,stable_divergent,divergent,2.91,4.53,136,0,SURVIVES_BOTH_SCREENS
default/Console,??6@YAAAVTextStream@@AAV0@ABUInstance@RndMultiMesh@@@Z,call_count,stable_divergent,divergent,65.00,65.33,60,0,SURVIVES_BOTH_SCREENS
default/Console,?insert@?$list@UBreakpoint@RndConsole@@V?$StlNodeAlloc@UBreakpoint@RndConsole@@@stlpmtx_std@@@stlpmtx_std@@QAA?AU?$_List_iterator@UBreakpoint@RndConsole@@U?$_Nonconst_traits@UBreakpoint@RndConsole@@@stlpmtx_std@@@2@U32@ABUBreakpoint@RndConsole@@@Z,call_count,stable_divergent,divergent,18.77,19.55,256,0,SURVIVES_BOTH_SCREENS
default/ContentMgr_Xbox,??$Obj@VCharPollable@@@DataNode@@QBAPAVCharPollable@@PBVDataArray@@@Z,call_count,stable_divergent,divergent,31.80,33.13,60,0,SURVIVES_BOTH_SCREENS
default/ContentMgr_Xbox,?Init@XboxContentMgr@@UAAXXZ,call_count,stable_divergent,divergent,0.00,1.33,120,0,SURVIVES_BOTH_SCREENS
default/CreditsPanel,??0CreditsPanel@@AAA@XZ,object_memory,stable_divergent,divergent,100.00,100.00,204,0,SURVIVES_BOTH_SCREENS
default/CrowdAudio,??0CrowdAudio@@QAA@XZ,call_count,stable_divergent,divergent,86.64,86.94,608,0,SURVIVES_BOTH_SCREENS
default/DOFProc_NG,?SetVHBlurWeights@@YAX_NHH@Z,wild_jump_match,stable_divergent,divergent,76.91,78.18,740,0,SURVIVES_BOTH_SCREENS
default/DataFunc,?DataSyncReloadLocale@@YA?AVDataNode@@PAVDataArray@@@Z,call_arg,stable_divergent,divergent,84.94,85.22,72,0,SURVIVES_BOTH_SCREENS
default/DataNode,??8DataNode@@QBA_NABV0@@Z,call_count,stable_divergent,divergent,98.23,98.28,464,0,SURVIVES_BOTH_SCREENS
default/DataNode,??9DataNode@@QBA_NABV0@@Z,call_count,stable_divergent,divergent,100.00,100.00,44,1,BYTE_IDENTICAL_ARTIFACT
default/DataNode,??A?$map@VSymbol@@VDataNode@@U?$less@VSymbol@@@stlpmtx_std@@V?$StlNodeAlloc@U?$pair@$$CBVSymbol@@VDataNode@@@stlpmtx_std@@@4@@stlpmtx_std@@QAAAAVDataNode@@ABVSymbol@@@Z,call_count,stable_divergent,divergent,63.73,64.73,220,0,SURVIVES_BOTH_SCREENS
default/DataNode,?DataVariable@@YAAAVDataNode@@VSymbol@@@Z,call_count,stable_divergent,divergent,100.00,100.00,48,1,BYTE_IDENTICAL_ARTIFACT
default/Debug,??__EgNotifies@@YAXXZ,call_count,stable_divergent,divergent,60.00,60.00,12,0,SURVIVES_BOTH_SCREENS
default/Debug,?DevHostname@@YAPBDVSymbol@@@Z,call_count,stable_divergent,divergent,24.69,26.41,128,0,SURVIVES_BOTH_SCREENS
default/DefaultPhysicsManager,??0?$list@PAVRndMesh@@V?$StlNodeAlloc@PAVRndMesh@@@stlpmtx_std@@@stlpmtx_std@@QAA@ABV01@@Z,unmapped_access_mismatch,stable_divergent,divergent,97.41,97.93,116,0,SURVIVES_BOTH_SCREENS
default/DepthBuffer3D,?DoPost@NgPostProc@@UAAXXZ,call_count,stable_divergent,divergent,0.00,0.97,124,0,SURVIVES_BOTH_SCREENS
default/DepthBuffer3D,?Speed@UIList@@QBAMXZ,call_arg,stable_divergent,divergent,97.00,97.00,8,0,SURVIVES_BOTH_SCREENS
default/DirLoader,??0DirLoader@@QAA@ABVFilePath@@W4LoaderPos@@PAVCallback@Loader@@PAVBinStream@@PAVObjectDir@@_N@Z,call_count,stable_divergent,divergent,38.64,39.80,464,0,SURVIVES_BOTH_SCREENS
default/DuplicatedObject,?GetInstanceFromVector@InstanceTable@Quazal@@QAAIII@Z,call_count,stable_divergent,divergent,31.44,33.19,172,0,SURVIVES_BOTH_SCREENS
default/DuplicatedObject,?IsInDuplicationSet@DuplicatedObject@Quazal@@QBA_NVDOHandle@2@@Z,call_count,stable_divergent,divergent,1.24,6.00,84,0,SURVIVES_BOTH_SCREENS
default/EndingBonus,??2Task@@SAPAXI@Z,call_count,stable_divergent,divergent,0.00,0.00,4,0,SURVIVES_BOTH_SCREENS
default/EnvAnim,??1RndEnvAnim@@UAA@XZ,call_count,stable_divergent,divergent,99.91,99.91,224,0,SURVIVES_BOTH_SCREENS
default/EnvAnim,??_G?$ObjOwnerPtr@VRndEnvAnim@@@@UAAPAXI@Z,call_count,stable_divergent,divergent,99.74,99.74,76,1,BYTE_IDENTICAL_ARTIFACT
default/EnvAnim,??_GRndEnvAnim@@UAAPAXI@Z,call_count,stable_divergent,divergent,99.71,99.71,68,1,BYTE_IDENTICAL_ARTIFACT
default/EnvAnim,?Load@RndEnvAnim@@$4PPPPPPPM@A@AAXAAVBinStream@@@Z,call_count,stable_divergent,divergent,100.00,100.00,12,1,BYTE_IDENTICAL_ARTIFACT
default/EnvAnim,?Load@RndEnvAnim@@UAAXAAVBinStream@@@Z,call_count,stable_divergent,divergent,62.31,64.31,220,0,SURVIVES_BOTH_SCREENS
default/Env_NG,??__F?sBloom@NgPostProc@@1V?$BloomTextures@$02@1@A@@YAXXZ,call_arg,stable_divergent,divergent,80.00,80.00,12,0,SURVIVES_BOTH_SCREENS
default/EventAnim,??0EventAnim@@QAA@XZ,object_memory,stable_divergent,divergent,100.00,100.00,304,0,SURVIVES_BOTH_SCREENS
default/EventTrigger,??0Anim@EventTrigger@@QAA@PAVObject@Hmx@@@Z,call_count,stable_divergent,divergent,62.91,64.19,188,0,SURVIVES_BOTH_SCREENS
default/EventTrigger,??4?$vector@VSingerStats@@V?$StlNodeAlloc@VSingerStats@@@stlpmtx_std@@@stlpmtx_std@@QAAAAV01@ABV01@@Z,call_count,stable_divergent,divergent,4.88,7.12,268,0,SURVIVES_BOTH_SCREENS
default/EventTrigger,?LoadOldAnim@EventTrigger@@IAAXAAVBinStream@@PAVRndAnimatable@@@Z,call_count,stable_divergent,divergent,100.00,100.00,312,0,SURVIVES_BOTH_SCREENS
default/EventTrigger,?MainThread@@YA_NXZ,call_count,stable_divergent,divergent,100.00,100.00,80,1,BYTE_IDENTICAL_ARTIFACT
default/EventTrigger,?resize@?$ObjList@UAnim@EventTrigger@@@@QAAXI@Z,call_count,stable_divergent,divergent,100.00,100.00,68,0,SURVIVES_BOTH_SCREENS
default/ExternalMic,?processGain@ExternalMic@@QAAJK@Z,call_count,input_sensitive,divergent,100.00,100.00,140,1,BYTE_IDENTICAL_ARTIFACT
default/FFT,?CalculateSinCosTable@@YAHJPAM@Z,wild_jump_match,stable_divergent,divergent,74.06,74.98,260,0,SURVIVES_BOTH_SCREENS
default/File,?OnFileAbsolutePath@@YA?AVDataNode@@PAVDataArray@@@Z,call_count,stable_divergent,divergent,100.00,100.00,84,1,BYTE_IDENTICAL_ARTIFACT
default/File,?RecursePatternInternal@@YAXPBDP6AX00@Z_N2@Z,call_count,stable_divergent,divergent,85.87,86.96,892,0,SURVIVES_BOTH_SCREENS
default/File,FileGetBase,call_count,stable_divergent,divergent,29.92,30.96,192,0,SURVIVES_BOTH_SCREENS
default/File,FileInit,call_count,stable_divergent,divergent,99.77,99.77,520,1,BYTE_IDENTICAL_ARTIFACT
default/File,FileRecursePattern,call_count,stable_divergent,divergent,100.00,100.00,8,1,BYTE_IDENTICAL_ARTIFACT
default/FileCache,?erase@?$list@PAVFileCache@@V?$StlNodeAlloc@PAVFileCache@@@stlpmtx_std@@@stlpmtx_std@@QAA?AU?$_List_iterator@PAVFileCache@@U?$_Nonconst_traits@PAVFileCache@@@stlpmtx_std@@@2@U32@0@Z,return_value,stable_divergent,divergent,0.00,2.83,92,0,SURVIVES_BOTH_SCREENS
default/FileMerger,?Filter@FileMerger@@MAA?AW4Action@MergeFilter@@PAVObject@Hmx@@0PAVObjectDir@@@Z,call_count,input_sensitive,divergent,61.79,62.14,112,0,SURVIVES_BOTH_SCREENS
default/File_Win,?FileQualifiedFilename@@YAXPADHPBD@Z,call_count,stable_divergent,divergent,60.36,61.47,144,0,SURVIVES_BOTH_SCREENS
default/FilterVersion,?Sym@DataArray@@QBA?AVSymbol@@H@Z,call_count,stable_divergent,divergent,20.75,22.31,64,0,SURVIVES_BOTH_SCREENS
default/FixedSizeSaveableStream,?GetSymbolTableSize@FixedSizeSaveableStream@@SAHH@Z,return_value,stable_divergent,divergent,100.00,100.00,20,1,BYTE_IDENTICAL_ARTIFACT
default/Flare,??0RndFlare@@IAA@XZ,object_memory,stable_divergent,divergent,100.00,100.00,468,0,SURVIVES_BOTH_SCREENS
default/FocusTracker,??0StreakFocusTracker@@QAA@PAVTrackerSource@@AAVTrackerBandDisplay@@AAVTrackerBroadcastDisplay@@@Z,object_memory,stable_divergent,divergent,100.00,100.00,184,1,BYTE_IDENTICAL_ARTIFACT
default/Font,?clear@?$vector@VDrivenPropertyEntry@@V?$StlNodeAlloc@VDrivenPropertyEntry@@@stlpmtx_std@@@stlpmtx_std@@QAAXXZ,call_arg,stable_divergent,divergent,38.17,39.00,24,0,SURVIVES_BOTH_SCREENS
default/FreestylePanel,??0FreestylePanel@@QAA@XZ,object_memory,stable_divergent,divergent,100.00,100.00,276,0,SURVIVES_BOTH_SCREENS
default/GemPlayer,??0GemPlayer@@QAA@PAVBandUser@@PAVBeatMaster@@PAVBand@@HPAVBandPerformer@@@Z,error,stable_divergent,divergent,0.00,2.74,708,0,SURVIVES_BOTH_SCREENS
default/GemPlayer,?ChangeDifficulty@GemPlayer@@UAAXW4Difficulty@@@Z,call_count,stable_divergent,divergent,86.70,87.67,352,0,SURVIVES_BOTH_SCREENS
default/GemTrack,?DrawBeatLines@GemTrack@@QAAXHH@Z,wild_jump_match,stable_divergent,divergent,93.53,95.18,448,0,SURVIVES_BOTH_SCREENS
default/GemTrackResourceManager,??0GemTrackResourceManager@@QAA@PAVObjectDir@@@Z,call_count,stable_divergent,divergent,100.00,100.00,108,0,SURVIVES_BOTH_SCREENS
default/GemTrackResourceManager,?InitSmasherPlates@GemTrackResourceManager@@QAAXXZ,call_count,stable_divergent,divergent,94.49,94.52,672,0,SURVIVES_BOTH_SCREENS
default/Gen,??0RndGenerator@@IAA@XZ,call_count,stable_divergent,divergent,81.32,81.69,596,0,SURVIVES_BOTH_SCREENS
default/Gen,?SetFrame@RndGenerator@@UAAXMM@Z,error,stable_divergent,divergent,99.91,100.00,440,0,SURVIVES_BOTH_SCREENS
default/GranularSynth,??1?$vector@VString@@V?$StlNodeAlloc@VString@@@stlpmtx_std@@@stlpmtx_std@@QAA@XZ,call_count,stable_divergent,divergent,46.21,46.65,136,0,SURVIVES_BOTH_SCREENS
default/Graph,??0DrawString3D@@QAA@PBDABVVector3@@ABVColor@Hmx@@@Z,call_count,stable_divergent,divergent,0.00,1.67,72,0,SURVIVES_BOTH_SCREENS
default/Group,??0RndGroup@@IAA@XZ,call_count,stable_divergent,divergent,95.56,95.67,540,0,SURVIVES_BOTH_SCREENS
default/Group,?Load@RndGroup@@$4PPPPPPPM@A@AAXAAVBinStream@@@Z,call_count,stable_divergent,divergent,100.00,100.00,12,1,BYTE_IDENTICAL_ARTIFACT
default/Group,?Load@RndGroup@@UAAXAAVBinStream@@@Z,call_count,stable_divergent,divergent,10.51,12.13,356,0,SURVIVES_BOTH_SCREENS
default/Group,?Save@RndGroup@@$4PPPPPPPM@A@AAXAAVBinStream@@@Z,call_count,stable_divergent,divergent,100.00,100.00,12,1,BYTE_IDENTICAL_ARTIFACT
default/Group,?Save@RndGroup@@UAAXAAVBinStream@@@Z,call_count,stable_divergent,divergent,56.43,56.72,212,0,SURVIVES_BOTH_SCREENS
default/GuitarFx,??0GuitarFx@@QAA@W4TrackType@@@Z,object_memory,stable_divergent,divergent,100.00,100.00,184,1,BYTE_IDENTICAL_ARTIFACT
default/HAQManager,?GetButtonText@HAQManager@@ABA?AVString@@XZ,call_count,stable_divergent,divergent,20.93,21.67,460,0,SURVIVES_BOTH_SCREENS
default/HAQManager,?PrintComponentInfo@HAQManager@@AAAXPAVUIComponent@@@Z,call_count,stable_divergent,divergent,35.26,37.19,124,0,SURVIVES_BOTH_SCREENS
default/HamCamTransform,??$_Copy_Construct@VTransformArea@@@stlpmtx_std@@YAXPAVTransformArea@@ABV1@@Z,call_count,stable_divergent,divergent,100.00,100.00,60,0,SURVIVES_BOTH_SCREENS
default/HamCamTransform,??0TransformArea@@QAA@ABV0@@Z,call_count,stable_divergent,divergent,13.55,14.55,80,0,SURVIVES_BOTH_SCREENS
default/HamCamTransform,??4TransformArea@@QAAAAV0@ABV0@@Z,call_count,stable_divergent,divergent,12.89,14.56,108,0,SURVIVES_BOTH_SCREENS
default/HamCamTransform,??6@YAAAVBinStream@@AAV0@ABUDynamicPropertyEntry@Flow@@@Z,call_count,stable_divergent,divergent,61.26,64.16,124,0,SURVIVES_BOTH_SCREENS
default/HamMove,??H?$_Bit_iter@_NPB_N@stlpmtx_std@@QBA?AU01@H@Z,call_count,stable_divergent,divergent,22.71,24.79,96,0,SURVIVES_BOTH_SCREENS
default/HamRibbon,?_M_erase@?$vector@V?$Key@VTransform@@@@V?$StlNodeAlloc@V?$Key@VTransform@@@@@stlpmtx_std@@@stlpmtx_std@@IAAPAV?$Key@VTransform@@@@PAV3@0ABU__false_type@2@@Z,call_count,stable_divergent,divergent,0.00,0.56,180,0,SURVIVES_BOTH_SCREENS
default/InlineHelp,?Update@InlineHelp@@MAAXXZ,call_count,stable_divergent,divergent,56.38,57.60,180,0,SURVIVES_BOTH_SCREENS
default/Instance,??0SharedGroup@@QAA@PAVRndGroup@@@Z,call_count,stable_divergent,divergent,90.41,90.49,244,0,SURVIVES_BOTH_SCREENS
default/Joypad_Xbox,?ReceiveUpstreamAccelerometerResponse@@YAXHPAE@Z,call_count,stable_divergent,divergent,40.00,40.00,4,0,SURVIVES_BOTH_SCREENS
default/Joypad_Xbox,?ReceiveUpstreamCalbertResponse@@YAXHPAE@Z,call_count,stable_divergent,divergent,40.00,40.00,4,0,SURVIVES_BOTH_SCREENS
default/JsonMemory,JsonRealloc,call_arg,stable_divergent,divergent,97.14,99.29,28,0,SURVIVES_BOTH_SCREENS
default/LabelNumberTicker,?PreLoad@LabelNumberTicker@@$4PPPPPPPM@A@AAXAAVBinStream@@@Z,call_count,stable_divergent,divergent,100.00,100.00,12,1,BYTE_IDENTICAL_ARTIFACT
default/LabelNumberTicker,?PreLoad@LabelNumberTicker@@UAAXAAVBinStream@@@Z,call_count,stable_divergent,divergent,43.00,44.23,244,0,SURVIVES_BOTH_SCREENS
default/LabelShrinkWrapper,?PreLoad@LabelShrinkWrapper@@UAAXAAVBinStream@@@Z,call_count,stable_divergent,divergent,17.03,19.46,140,0,SURVIVES_BOTH_SCREENS
default/LightHue,?Load@WorldReflection@@UAAXAAVBinStream@@@Z,call_count,stable_divergent,divergent,57.93,60.21,228,0,SURVIVES_BOTH_SCREENS
default/LightHue,?Print@RndTransformable@@$4PPPPPPPM@IM@AAXXZ,call_arg,stable_divergent,divergent,66.67,66.67,12,0,SURVIVES_BOTH_SCREENS
default/LightPreset,?ApplyState@LightPreset@@IAAXABUKeyframe@1@@Z,call_count,stable_divergent,divergent,92.41,92.41,108,0,SURVIVES_BOTH_SCREENS
default/LightPreset,?OnSetKeyframe@LightPreset@@IAA?AVDataNode@@PAVDataArray@@@Z,call_count,input_sensitive,divergent,100.00,100.00,128,1,BYTE_IDENTICAL_ARTIFACT
default/LightPreset,?OnViewKeyframe@LightPreset@@IAA?AVDataNode@@PAVDataArray@@@Z,call_count,stable_divergent,divergent,100.00,100.00,100,1,BYTE_IDENTICAL_ARTIFACT
default/LightPresetManager,?Poll@LightPresetManager@@QAAXXZ,call_count,stable_divergent,divergent,92.01,93.46,428,0,SURVIVES_BOTH_SCREENS
default/Line,??0RndLine@@IAA@XZ,object_memory,stable_divergent,divergent,100.00,100.00,420,0,SURVIVES_BOTH_SCREENS
default/Lit,??0RndLight@@IAA@XZ,object_memory,stable_divergent,divergent,100.00,100.00,568,0,SURVIVES_BOTH_SCREENS
default/Lit,?Projection@RndLight@@QAA?AVTransform@@XZ,call_count,stable_divergent,divergent,64.39,67.27,764,0,SURVIVES_BOTH_SCREENS
default/MakeString,?Str@FormatString@@QAAPBDXZ,call_count,stable_divergent,divergent,0.00,1.33,60,0,SURVIVES_BOTH_SCREENS
default/MapFile_Xbox,?TryDemangleParams@@YAXPADPBD@Z,object_memory,stable_divergent,divergent,100.00,100.00,508,1,BYTE_IDENTICAL_ARTIFACT
default/MatAnim,??1ObjRef@@QAA@XZ,object_memory,stable_divergent,divergent,25.00,25.00,16,0,SURVIVES_BOTH_SCREENS
default/MatAnim,??4?$ObjPtrList@VObject@Hmx@@VObjectDir@@@@QAAXABV0@@Z,call_count,stable_divergent,divergent,12.81,15.31,232,0,SURVIVES_BOTH_SCREENS
default/MatAnim,?Copy@RndMatAnim@@$4PPPPPPPM@A@AAXPBVObject@Hmx@@W4CopyType@23@@Z,call_count,stable_divergent,divergent,100.00,100.00,12,1,BYTE_IDENTICAL_ARTIFACT
default/MatAnim,?Save@RndDir@@$4PPPPPPPM@A@AAXAAVBinStream@@@Z,call_arg,stable_divergent,divergent,20.00,20.00,8,0,SURVIVES_BOTH_SCREENS
default/Matchmaker,?Main@ObjectDir@@SAPAV1@XZ,return_value,stable_divergent,divergent,80.00,80.00,12,0,SURVIVES_BOTH_SCREENS
default/MemMgr,??2CriticalSection@@SAPAXI@Z,call_count,stable_divergent,divergent,100.00,100.00,8,1,BYTE_IDENTICAL_ARTIFACT
default/MemMgr,?MemFree@@YAXPAX@Z,call_count,stable_divergent,divergent,48.55,51.21,188,0,SURVIVES_BOTH_SCREENS
default/MemMgr,?MemTruncate@@YAPAXPAXHPBDH1@Z,call_count,stable_divergent,divergent,86.34,88.17,284,0,SURVIVES_BOTH_SCREENS
default/Memory_Xbox,??2Node@?$ObjPtrList@VRndGroup@@VObjectDir@@@@SAPAXI@Z,call_arg,stable_divergent,divergent,95.00,97.50,8,0,SURVIVES_BOTH_SCREENS
default/MeshAnim,??1AccomplishmentConditional@@UAA@XZ,call_arg,stable_divergent,divergent,84.67,85.14,84,0,SURVIVES_BOTH_SCREENS
default/MeshAnim,??1RndMultiMesh@@UAA@XZ,call_count,stable_divergent,divergent,66.49,67.30,172,0,SURVIVES_BOTH_SCREENS
default/MeshAnim,??6@YAAAVTextStream@@AAV0@PBVObject@Hmx@@@Z,call_count,stable_divergent,divergent,18.82,19.50,264,0,SURVIVES_BOTH_SCREENS
default/MeshAnim,??_DRndMultiMesh@@QAAXXZ,call_count,stable_divergent,divergent,100.00,100.00,108,1,BYTE_IDENTICAL_ARTIFACT
default/MeshAnim,??_G?$Key@V?$vector@VVector3@@V?$StlNodeAlloc@VVector3@@@stlpmtx_std@@@stlpmtx_std@@@@QAAPAXI@Z,call_count,stable_divergent,divergent,72.30,72.74,92,0,SURVIVES_BOTH_SCREENS
default/MeshAnim,??_GRndMeshAnim@@UAAPAXI@Z,call_count,stable_divergent,divergent,99.71,99.71,68,1,BYTE_IDENTICAL_ARTIFACT
default/MeshAnim,??_GRndMultiMesh@@UAAPAXI@Z,call_count,stable_divergent,divergent,99.75,99.75,80,1,BYTE_IDENTICAL_ARTIFACT
default/MeshAnim,?Copy@RndMeshAnim@@$4PPPPPPPM@A@AAXPBVObject@Hmx@@W4CopyType@23@@Z,call_count,stable_divergent,divergent,100.00,100.00,12,1,BYTE_IDENTICAL_ARTIFACT
default/MeshAnim,?Load@RndMeshAnim@@$4PPPPPPPM@A@AAXAAVBinStream@@@Z,call_count,stable_divergent,divergent,100.00,100.00,12,1,BYTE_IDENTICAL_ARTIFACT
default/MeshAnim,?Load@RndMeshAnim@@UAAXAAVBinStream@@@Z,call_count,stable_divergent,divergent,16.88,18.72,240,0,SURVIVES_BOTH_SCREENS
default/MeshAnim,?Load@RndMultiMesh@@$4PPPPPPPM@A@AAXAAVBinStream@@@Z,call_count,stable_divergent,divergent,100.00,100.00,12,1,BYTE_IDENTICAL_ARTIFACT
default/MeshAnim,?Load@RndMultiMesh@@UAAXAAVBinStream@@@Z,call_count,stable_divergent,divergent,77.80,78.96,328,0,SURVIVES_BOTH_SCREENS
default/MetaMusic,?_M_insert_overflow_aux@?$vector@VDataArrayPtr@@V?$StlNodeAlloc@VDataArrayPtr@@@stlpmtx_std@@@stlpmtx_std@@IAAXPAVDataArrayPtr@@ABV3@ABU__false_type@2@I_N@Z,call_arg,stable_divergent,divergent,84.22,86.05,328,0,SURVIVES_BOTH_SCREENS
default/MetaPanel,??0NextSongPanel@@QAA@XZ,object_memory,stable_divergent,divergent,97.56,97.67,172,0,SURVIVES_BOTH_SCREENS
default/MetaPerformer,?GetHighestDifficultyForPart@MetaPerformer@@QBAHVSymbol@@@Z,call_count,stable_divergent,divergent,62.67,64.81,364,0,SURVIVES_BOTH_SCREENS
default/MetaPerformer,?GetSetlistMaxVocalParts@MetaPerformer@@QBAHXZ,call_count,stable_divergent,divergent,53.26,55.32,292,0,SURVIVES_BOTH_SCREENS
default/MetaPerformer,?PartPlaysInSet@MetaPerformer@@QBA_NVSymbol@@@Z,call_count,stable_divergent,divergent,57.70,59.47,316,0,SURVIVES_BOTH_SCREENS
default/MeterDisplay,??_DMeterDisplay@@QAAXXZ,call_arg,stable_divergent,divergent,99.67,99.67,108,0,SURVIVES_BOTH_SCREENS
default/Mic,?ProcessChatData@ChatReceiver@@AAAXPAXIPAH@Z,wild_jump_match,stable_divergent,divergent,91.93,93.69,636,0,SURVIVES_BOTH_SCREENS
default/MicInputArrow,?Handle@MicInputArrow@@UAA?AVDataNode@@PAVDataArray@@_N@Z,wild_jump_match,stable_divergent,divergent,67.96,69.08,712,0,SURVIVES_BOTH_SCREENS
default/MidiInstrument,?Load@MidiInstrument@@UAAXAAVBinStream@@@Z,call_count,stable_divergent,divergent,37.80,39.30,200,0,SURVIVES_BOTH_SCREENS
default/MidiSynth,??$__destroy_aux@VMidiChannel@@@stlpmtx_std@@YAXPAVMidiChannel@@ABU__false_type@0@@Z,call_arg,stable_divergent,divergent,97.00,97.00,8,0,SURVIVES_BOTH_SCREENS
default/Morph,??$?5UWeight@@@@YAAAVBinStreamRev@@AAV0@AAV?$Key@UWeight@@@@@Z,call_arg,stable_divergent,divergent,94.44,94.44,72,0,SURVIVES_BOTH_SCREENS
default/MoveMgr,??2SpotlightDrawer@@SAPAXI@Z,call_count,stable_divergent,divergent,0.00,2.50,8,0,SURVIVES_BOTH_SCREENS
default/MoveMgr,??_GSpotlightDrawer@@UAAPAXI@Z,call_count,stable_divergent,divergent,41.71,42.43,112,0,SURVIVES_BOTH_SCREENS
default/MusicLibrary,??_GSetUserDifficultyMsg@@UAAPAXI@Z,call_arg,stable_divergent,divergent,65.53,66.05,76,0,SURVIVES_BOTH_SCREENS
default/MusicLibrary,?ByteCode@RemoveLastSongFromSetlistMsg@@UBAEXZ,call_count,stable_divergent,divergent,6.21,7.26,172,0,SURVIVES_BOTH_SCREENS
default/MusicLibrary,?RemoveLastSongFromSetlist@MusicLibrary@@QAAXXZ,call_count,stable_divergent,divergent,1.06,2.54,216,0,SURVIVES_BOTH_SCREENS
default/MusicLibraryStore,??0MusicLibraryStore@@QAA@XZ,call_arg,stable_divergent,divergent,94.55,94.55,268,0,SURVIVES_BOTH_SCREENS
default/MusicLibraryStore,?ClearPreview@MusicLibraryStore@@QAAXXZ,call_arg,input_sensitive,divergent,92.84,92.84,204,0,SURVIVES_BOTH_SCREENS
default/NetCacheMgr,??0NetLoaderRef@@QAA@ABU0@@Z,call_arg,stable_divergent,divergent,46.14,46.38,84,0,SURVIVES_BOTH_SCREENS
default/NetCacheMgr,??F?$_List_iterator@UNetLoaderRef@@U?$_Nonconst_traits@UNetLoaderRef@@@stlpmtx_std@@@stlpmtx_std@@QAAAAU01@XZ,object_memory,stable_divergent,divergent,84.50,84.50,16,0,SURVIVES_BOTH_SCREENS
default/NetCacheMgr_Xbox,??1NetCacheMgrXbox@@UAA@XZ,call_arg,stable_divergent,divergent,84.90,85.38,84,0,SURVIVES_BOTH_SCREENS
default/NetGameMsgs,?Dispatch@RestartGameMsg@@UAAXXZ,call_count,stable_divergent,divergent,7.51,9.02,172,0,SURVIVES_BOTH_SCREENS
default/OSCMessenger,?MakeOSCAddress@OSCMessenger@@AAAHVString@@PAD@Z,call_count,stable_divergent,divergent,10.49,11.19,428,0,SURVIVES_BOTH_SCREENS
default/Object,?SetProperty@Object@Hmx@@QAAXPAVDataArray@@ABVDataNode@@@Z,call_count,stable_divergent,divergent,57.68,61.34,164,0,SURVIVES_BOTH_SCREENS
default/Object,?SetProperty@Object@Hmx@@QAAXVSymbol@@ABVDataNode@@@Z,call_count,stable_divergent,divergent,100.00,100.00,192,0,SURVIVES_BOTH_SCREENS
default/OutfitConfig,??$__uninitialized_fill_n@PAUWeightedEntry@@IU1@@stlpmtx_std@@YAPAUWeightedEntry@@PAU1@IABU1@ABU__false_type@0@@Z,call_count,stable_divergent,divergent,0.00,0.83,48,0,SURVIVES_BOTH_SCREENS
default/OutfitConfig,??1MeshPair@BandPatchMesh@@QAA@XZ,call_count,stable_divergent,divergent,99.44,99.44,72,0,SURVIVES_BOTH_SCREENS
default/OvershellPanel,?Poll@OvershellPanel@@UAAXXZ,call_count,stable_divergent,divergent,0.00,0.60,100,0,SURVIVES_BOTH_SCREENS
default/OvershellPanel,?ResolveSlotStates@OvershellPanel@@QAAXXZ,call_count,stable_divergent,divergent,93.22,93.49,1416,0,SURVIVES_BOTH_SCREENS
default/Part,??0RndParticleSys@@IAA@XZ,call_count,stable_divergent,divergent,84.96,86.03,1280,0,SURVIVES_BOTH_SCREENS
default/Part,?InitParticle@RndParticleSys@@QAAXPAVRndParticle@@PBVTransform@@@Z,call_count,stable_divergent,divergent,100.00,100.00,44,1,BYTE_IDENTICAL_ARTIFACT
default/PartAnim,??$?6VColor@Hmx@@@@YAAAVTextStream@@AAV0@ABV?$Key@VColor@Hmx@@@@@Z,call_count,stable_divergent,divergent,0.93,2.43,120,0,SURVIVES_BOTH_SCREENS
default/PartLauncher,??0RndPartLauncher@@IAA@XZ,call_count,stable_divergent,divergent,74.87,75.11,328,0,SURVIVES_BOTH_SCREENS
default/PatchDir,?SelectFX@PatchLayer@@QAAXXZ,object_memory,stable_divergent,divergent,100.00,100.00,68,1,BYTE_IDENTICAL_ARTIFACT
default/PitchDetector,?Detect@PitchDetector@Synapse@DSP@@QAAXI@Z,wild_jump_match,stable_divergent,divergent,79.54,81.50,676,0,SURVIVES_BOTH_SCREENS
default/PoolAlloc,??0CritSecTracker@@QAA@PAVCriticalSection@@@Z,call_count,stable_divergent,divergent,82.81,83.75,64,0,SURVIVES_BOTH_SCREENS
default/PostProc,??0RndPostProc@@IAA@XZ,object_memory,stable_divergent,divergent,100.00,100.00,668,0,SURVIVES_BOTH_SCREENS
default/PracticePanel,?Enter@PracticePanel@@UAAXXZ,call_count,stable_divergent,divergent,57.73,58.61,432,0,SURVIVES_BOTH_SCREENS
default/PracticeSection,??_GPracticeSection@@UAAPAXI@Z,return_value,stable_divergent,divergent,99.59,99.59,68,0,SURVIVES_BOTH_SCREENS
default/PracticeSection,?ClearSteps@PracticeSection@@QAAXXZ,call_arg,stable_divergent,divergent,97.00,97.00,8,0,SURVIVES_BOTH_SCREENS
default/PracticeSection,?Copy@PracticeSection@@$4PPPPPPPM@A@AAXPBVObject@Hmx@@W4CopyType@23@@Z,call_count,stable_divergent,divergent,100.00,100.00,12,1,BYTE_IDENTICAL_ARTIFACT
default/PracticeSection,?Copy@PracticeSection@@UAAXPBVObject@Hmx@@W4CopyType@23@@Z,call_count,stable_divergent,divergent,0.00,2.50,136,0,SURVIVES_BOTH_SCREENS
default/PracticeSection,?Load@PracticeSection@@$4PPPPPPPM@A@AAXAAVBinStream@@@Z,call_count,stable_divergent,divergent,100.00,100.00,12,1,BYTE_IDENTICAL_ARTIFACT
default/PracticeSection,?Load@PracticeSection@@UAAXAAVBinStream@@@Z,call_count,stable_divergent,divergent,0.00,2.62,160,0,SURVIVES_BOTH_SCREENS
default/PracticeSection,?Save@PracticeSection@@$4PPPPPPPM@A@AAXAAVBinStream@@@Z,call_count,stable_divergent,divergent,100.00,100.00,12,1,BYTE_IDENTICAL_ARTIFACT
default/PracticeSection,?Save@PracticeSection@@UAAXAAVBinStream@@@Z,call_count,stable_divergent,divergent,0.00,2.10,124,0,SURVIVES_BOTH_SCREENS
default/PreloadPanel,?Load@PreloadPanel@@UAAXXZ,call_count,stable_divergent,divergent,14.36,16.50,384,0,SURVIVES_BOTH_SCREENS
default/ProfileMgr,?FakeProfileFill@ProfileMgr@@QAAXXZ,call_count,stable_divergent,divergent,27.88,29.35,136,0,SURVIVES_BOTH_SCREENS
default/PropKeys,?Current@RndCam@@SAPAV1@XZ,return_value,stable_divergent,divergent,80.00,80.00,12,0,SURVIVES_BOTH_SCREENS
default/PropSync,?PropSync@@YA_NAAVMatrix3@Hmx@@AAVDataNode@@PAVDataArray@@HW4PropOp@@@Z,call_count,stable_divergent,divergent,32.07,35.46,1156,0,SURVIVES_BOTH_SCREENS
default/RenderState,?SetBorderColor@RndRenderState@@QAAXI_N@Z,wild_jump_match,stable_divergent,divergent,77.05,78.18,88,0,SURVIVES_BOTH_SCREENS
default/Rnd_NG,??$MakeString@HH@@YAPBDPBDHH@Z,call_count,stable_divergent,divergent,58.61,59.91,92,0,SURVIVES_BOTH_SCREENS
default/Rnd_Xbox,?FinishPostProcess@DxRnd@@AAAXXZ,wild_jump_match,stable_divergent,divergent,49.40,50.38,652,0,SURVIVES_BOTH_SCREENS
default/Rnd_Xbox,?InitBuffers@DxRnd@@AAAXXZ,call_count,stable_divergent,divergent,32.66,34.21,1312,0,SURVIVES_BOTH_SCREENS
default/Rnd_Xbox,?ModalDraw@DxRnd@@MAAXW4ModalType@Debug@@PBD@Z,wild_jump_match,stable_divergent,divergent,77.69,79.28,480,0,SURVIVES_BOTH_SCREENS
default/Rnd_Xbox,?resize@?$vector@URndPointTest@NgRnd@@V?$StlNodeAlloc@URndPointTest@NgRnd@@@stlpmtx_std@@@stlpmtx_std@@QAAXIABURndPointTest@NgRnd@@@Z,call_count,stable_divergent,divergent,0.00,0.28,72,0,SURVIVES_BOTH_SCREENS
default/RockCentral,??0?$reverse_iterator@PAD@stlpmtx_std@@QAA@ABV01@@Z,return_value,stable_divergent,divergent,60.00,60.00,12,0,SURVIVES_BOTH_SCREENS
default/RockCentral,??0?$reverse_iterator@PAPAVLocalSavedSetlist@@@stlpmtx_std@@QAA@ABV01@@Z,return_value,stable_divergent,divergent,60.00,60.00,12,0,SURVIVES_BOTH_SCREENS
default/RockCentral,??0RBDataClient@Quazal@@QAA@XZ,call_count,stable_divergent,divergent,57.20,58.20,60,0,SURVIVES_BOTH_SCREENS
default/RockCentral,?Handle@RockCentral@@UAA?AVDataNode@@PAVDataArray@@_N@Z,wild_jump_match,stable_divergent,divergent,94.10,94.35,1296,0,SURVIVES_BOTH_SCREENS
default/RockCentral,?OfferType@StoreOffer@@QBA?AVSymbol@@XZ,call_count,stable_divergent,divergent,63.40,63.80,100,0,SURVIVES_BOTH_SCREENS
default/RockCentral,?OnMsg@RockCentral@@QAA?AVDataNode@@ABVServerStatusChangedMsg@@@Z,wild_jump_match,stable_divergent,divergent,94.02,94.89,1024,0,SURVIVES_BOTH_SCREENS
default/Rot,??$_M_allocate_and_copy@PBVVector3@@@?$vector@VVector3@@V?$StlNodeAlloc@VVector3@@@stlpmtx_std@@@stlpmtx_std@@IAAPAVVector3@@IPBV2@0@Z,call_count,stable_divergent,divergent,34.24,36.14,116,0,SURVIVES_BOTH_SCREENS
default/SampleData,??0SampleMarker@@QAA@XZ,call_count,stable_divergent,divergent,67.19,67.19,64,0,SURVIVES_BOTH_SCREENS
default/Scheduler,??0Scheduler@Quazal@@QAA@EPAVSchedulerWorkerThread@01@@Z,call_count,stable_divergent,divergent,35.38,37.83,948,0,SURVIVES_BOTH_SCREENS
default/ScreenMask,??0RndScreenMask@@IAA@XZ,object_memory,stable_divergent,divergent,100.00,100.00,332,0,SURVIVES_BOTH_SCREENS
default/SelectDifficultyPanel,??0SelectDifficultyPanel@@QAA@XZ,object_memory,stable_divergent,divergent,100.00,100.00,200,0,SURVIVES_BOTH_SCREENS
default/Shader,?CalcShaderOpts@RndShaderFur@@MAA_KPAVNgMat@@W4ShaderType@@_N@Z,wild_jump_match,stable_divergent,divergent,44.50,46.81,1056,0,SURVIVES_BOTH_SCREENS
default/Shader,?CalcShaderOpts@RndShaderMultimesh@@MAA_KPAVNgMat@@W4ShaderType@@_N@Z,wild_jump_match,stable_divergent,divergent,15.58,17.42,1936,0,SURVIVES_BOTH_SCREENS
default/Shader,?CalcShaderOpts@RndShaderPostProc@@MAA_KPAVNgMat@@W4ShaderType@@_N@Z,wild_jump_match,stable_divergent,divergent,88.22,91.13,572,0,SURVIVES_BOTH_SCREENS
default/Song,??0?$list@PAVMidiParser@@V?$StlNodeAlloc@PAVMidiParser@@@stlpmtx_std@@@stlpmtx_std@@QAA@ABV01@@Z,unmapped_access_mismatch,stable_divergent,divergent,97.24,97.76,116,0,SURVIVES_BOTH_SCREENS
default/SongCollision,??$__uninitialized_fill_n@PAUSongCollisionOutput@@IU1@@stlpmtx_std@@YAPAUSongCollisionOutput@@PAU1@IABU1@ABU__false_type@0@@Z,return_value,stable_divergent,divergent,56.29,59.00,96,0,SURVIVES_BOTH_SCREENS
default/SongInfoCopy,??0SongInfoCopy@@QAA@XZ,call_count,stable_divergent,divergent,44.25,46.26,648,0,SURVIVES_BOTH_SCREENS
default/SongInfoCopy,?_M_throw_length_error@?$_String_base@DV?$allocator@D@stlpmtx_std@@@stlpmtx_std@@IBAXXZ,call_count,stable_divergent,divergent,60.00,60.00,12,0,SURVIVES_BOTH_SCREENS
default/SongLayout,??$?5VSongPattern@@V?$StlNodeAlloc@VSongPattern@@@stlpmtx_std@@@@YAAAVBinStreamRev@@AAV0@AAV?$vector@VSongPattern@@V?$StlNodeAlloc@VSongPattern@@@stlpmtx_std@@@stlpmtx_std@@@Z,call_count,stable_divergent,divergent,75.93,75.93,112,0,SURVIVES_BOTH_SCREENS
default/SongLayout,??1?$vector@VSongPattern@@V?$StlNodeAlloc@VSongPattern@@@stlpmtx_std@@@stlpmtx_std@@QAA@XZ,call_count,stable_divergent,divergent,19.14,19.81,324,0,SURVIVES_BOTH_SCREENS
default/SongMgr,?LoadCachedSongInfo@SongMgr@@QAA_NAAVBufStream@@@Z,call_count,stable_divergent,divergent,100.00,100.00,168,1,BYTE_IDENTICAL_ARTIFACT
default/SongSortMgr,??1?$hash_map@HU?$pair@H_N@stlpmtx_std@@U?$hash@H@2@U?$equal_to@H@2@V?$StlNodeAlloc@U?$pair@$$CBHU?$pair@H_N@stlpmtx_std@@@stlpmtx_std@@@2@@stlpmtx_std@@QAA@XZ,call_count,stable_divergent,divergent,100.00,100.00,4,1,BYTE_IDENTICAL_ARTIFACT
default/SongSortMgr,??1?$hashtable@U?$pair@$$CBHU?$pair@H_N@stlpmtx_std@@@stlpmtx_std@@HU?$hash@H@2@U?$_HashMapTraitsT@U?$pair@$$CBHU?$pair@H_N@stlpmtx_std@@@stlpmtx_std@@@priv@2@U?$_Select1st@U?$pair@$$CBHU?$pair@H_N@stlpmtx_std@@@stlpmtx_std@@@2@U?$equal_to@H@2@V?$StlNodeAlloc@U?$pair@$$CBHU?$pair@H_N@stlpmtx_std@@@stlpmtx_std@@@2@@stlpmtx_std@@QAA@XZ,call_count,stable_divergent,divergent,100.00,100.00,104,0,SURVIVES_BOTH_SCREENS
default/SongSortMgr,??1SongSortByRank@@UAA@XZ,call_count,stable_divergent,divergent,100.00,100.00,80,0,SURVIVES_BOTH_SCREENS
default/SongSortMgr,??_GSongSortByRank@@UAAPAXI@Z,call_count,stable_divergent,divergent,100.00,100.00,76,1,BYTE_IDENTICAL_ARTIFACT
default/SpectralAnalysis,??0?$_Vector_base@MV?$XboxAllocator@M@@@stlpmtx_std@@QAA@IABV?$XboxAllocator@M@@@Z,call_count,stable_divergent,divergent,41.45,42.66,116,0,SURVIVES_BOTH_SCREENS
default/Splash,??0Splash@@QAA@XZ,call_count,stable_divergent,divergent,6.89,8.66,328,0,SURVIVES_BOTH_SCREENS
default/Splash,?ResumeFunc@@YAXXZ,call_arg,stable_divergent,divergent,78.33,78.33,12,0,SURVIVES_BOTH_SCREENS
default/Spline,?_M_erase@?$vector@VCtrlPoint@RndSpline@@V?$StlNodeAlloc@VCtrlPoint@RndSpline@@@stlpmtx_std@@@stlpmtx_std@@IAAPAVCtrlPoint@RndSpline@@PAV34@ABU__false_type@2@@Z,object_memory,stable_divergent,divergent,99.82,99.82,112,0,SURVIVES_BOTH_SCREENS
default/Spotlight,??0Spotlight@@IAA@XZ,call_count,stable_divergent,divergent,78.44,79.54,1200,0,SURVIVES_BOTH_SCREENS
default/Spotlight,?BuildNGCone@Spotlight@@IAAXAAUBeamDef@1@H@Z,wild_jump_match,stable_divergent,divergent,66.73,71.04,1692,0,SURVIVES_BOTH_SCREENS
default/Spotlight,?BuildNGQuad@Spotlight@@IAAXAAUBeamDef@1@W4Constraint@RndTransformable@@@Z,wild_jump_match,stable_divergent,divergent,84.17,87.80,964,0,SURVIVES_BOTH_SCREENS
default/Spotlight,?BuildNGShaft@Spotlight@@IAAXAAUBeamDef@1@@Z,wild_jump_match,stable_divergent,divergent,100.00,100.00,84,1,BYTE_IDENTICAL_ARTIFACT
default/Spotlight,?BuildNGSheet@Spotlight@@IAAXAAUBeamDef@1@@Z,wild_jump_match,stable_divergent,divergent,94.46,96.45,1232,0,SURVIVES_BOTH_SCREENS
default/Spotlight,?Load@ColorPalette@@UAAXAAVBinStream@@@Z,call_count,stable_divergent,divergent,61.79,63.18,244,0,SURVIVES_BOTH_SCREENS
default/SpotlightDrawer,??0SpotlightDrawer@@IAA@XZ,object_memory,stable_divergent,divergent,100.00,100.00,316,0,SURVIVES_BOTH_SCREENS
default/SpotlightDrawer,?Load@SpotlightDrawer@@$4PPPPPPPM@A@AAXAAVBinStream@@@Z,call_count,stable_divergent,divergent,100.00,100.00,12,1,BYTE_IDENTICAL_ARTIFACT
default/SpotlightDrawer,?Load@SpotlightDrawer@@UAAXAAVBinStream@@@Z,call_count,stable_divergent,divergent,26.11,28.08,152,0,SURVIVES_BOTH_SCREENS
default/SpotlightEnder,??0SpotlightEnder@@IAA@XZ,object_memory,stable_divergent,divergent,100.00,100.00,272,0,SURVIVES_BOTH_SCREENS
default/StandardStream,?InitInfo@StandardStream@@QAAXHH_NH@Z,wild_jump_match,stable_divergent,divergent,66.86,69.91,872,0,SURVIVES_BOTH_SCREENS
default/StorePurchaser,??$_M_allocate_and_copy@PB_K@?$vector@_KV?$StlNodeAlloc@_K@stlpmtx_std@@@stlpmtx_std@@IAAPA_KIPB_K0@Z,call_count,stable_divergent,divergent,31.00,33.00,60,0,SURVIVES_BOTH_SCREENS
default/Str,?allocate@?$StlNodeAlloc@VString@@@stlpmtx_std@@QBAPAVString@@IPBX@Z,call_arg,stable_divergent,divergent,0.00,0.00,4,0,SURVIVES_BOTH_SCREENS
default/StreakMeter,?PreLoad@StreakMeter@@UAAXAAVBinStream@@@Z,call_count,stable_divergent,divergent,59.40,59.79,616,0,SURVIVES_BOTH_SCREENS
default/StreakMeter,?SetType@StreakMeter@@$4PPPPPPPM@A@AAXVSymbol@@@Z,error,stable_divergent,divergent,100.00,100.00,12,1,BYTE_IDENTICAL_ARTIFACT
default/StreakMeter,?SetType@StreakMeter@@UAAXVSymbol@@@Z,error,stable_divergent,divergent,0.00,2.50,104,0,SURVIVES_BOTH_SCREENS
default/StringConversion,?Latin1ToUtf8@?A0xfea654e8@@YAXPBDPADI@Z,call_count,stable_divergent,divergent,0.00,0.62,64,0,SURVIVES_BOTH_SCREENS
default/StringTable,??0GlitchFinder@@QAA@XZ,call_count,stable_divergent,divergent,0.00,1.12,340,0,SURVIVES_BOTH_SCREENS
default/Synapse_dsp,??0Synapse@0DSP@@QAA@M@Z,wild_jump_match,stable_divergent,divergent,85.69,86.67,1620,0,SURVIVES_BOTH_SCREENS
default/Tail,?Init@Tail@@QAAXHABVTransform@@_NVSymbol@@PAVRndGroup@@ABUSlideInfo@1@PAV1@@Z,call_count,stable_divergent,divergent,100.00,100.00,336,1,BYTE_IDENTICAL_ARTIFACT
default/Tex,??0RndTex@@IAA@XZ,object_memory,stable_divergent,divergent,100.00,100.00,144,0,SURVIVES_BOTH_SCREENS
default/Tex,?PlatformBppOrder@RndTex@@SAXPBDAAH1_N@Z,call_count,stable_divergent,divergent,0.00,1.63,184,0,SURVIVES_BOTH_SCREENS
default/TexBlendController,?GetBlendState@RndTexBlendController@@QBA?AW4BlendState@1@AAMM@Z,wild_jump_match,stable_divergent,divergent,94.41,94.46,408,0,SURVIVES_BOTH_SCREENS
default/TexLoadPanel,??1TexLoadPanel@@UAA@XZ,object_memory,stable_divergent,divergent,42.25,42.79,112,0,SURVIVES_BOTH_SCREENS
default/TexLoadPanel,??_GTexLoadPanel@@UAAPAXI@Z,object_memory,stable_divergent,divergent,100.00,100.00,84,1,BYTE_IDENTICAL_ARTIFACT
default/TexMovie,??0TexMovie@@IAA@XZ,call_arg,stable_divergent,divergent,0.00,3.04,224,0,SURVIVES_BOTH_SCREENS
default/TexMovie,?Reset@TexMovie@@QAAXXZ,call_arg,stable_divergent,divergent,0.00,0.00,12,0,SURVIVES_BOTH_SCREENS
default/Text,??0RndText@@IAA@XZ,object_memory,stable_divergent,divergent,100.00,100.00,676,0,SURVIVES_BOTH_SCREENS
default/Text,??_GRndText@@UAAPAXI@Z,call_count,stable_divergent,divergent,99.50,99.50,80,1,BYTE_IDENTICAL_ARTIFACT
default/Tour,??$__copy_ptrs@PBHPAH@stlpmtx_std@@YAPAHPBH0PAHABU__true_type@0@@Z,call_count,stable_divergent,divergent,43.24,43.24,68,0,SURVIVES_BOTH_SCREENS
default/Tour,?CombinePartSymbols@Tour@@QAA?AVSymbol@@V2@0@Z,call_count,input_sensitive,divergent,62.67,65.93,172,0,SURVIVES_BOTH_SCREENS
default/TourProgress,?GetNumStarsForGig@TourProgress@@QBAHH@Z,call_count,stable_divergent,divergent,10.67,13.17,48,0,SURVIVES_BOTH_SCREENS
default/TrackDir,?SetupKeyShifting@TrackDir@@QAAXPAVRndDir@@@Z,call_count,stable_divergent,divergent,68.93,69.86,384,0,SURVIVES_BOTH_SCREENS
default/TrackPanelDirBase,??4?$ObjPtrList@VRndTransformable@@VObjectDir@@@@QAAXABV0@@Z,unmapped_access_mismatch,stable_divergent,divergent,20.62,22.82,264,0,SURVIVES_BOTH_SCREENS
default/TrackWatcherImpl,??0?$_STLP_alloc_proxy@PAUHamSupereasyMeasure@@U1@V?$StlNodeAlloc@UHamSupereasyMeasure@@@stlpmtx_std@@@stlpmtx_std@@QAA@ABV?$StlNodeAlloc@UHamSupereasyMeasure@@@1@PAUHamSupereasyMeasure@@@Z,object_memory,stable_divergent,divergent,97.00,99.50,8,0,SURVIVES_BOTH_SCREENS
default/TrackWatcherImpl,?KillSustainForSlot@TrackWatcherImpl@@QAAXH@Z,call_arg,stable_divergent,divergent,99.29,100.00,56,0,SURVIVES_BOTH_SCREENS
default/TrackWatcherImpl,?Load@RndParticleSysAnim@@$4PPPPPPPM@A@AAXAAVBinStream@@@Z,call_count,stable_divergent,divergent,100.00,100.00,12,1,BYTE_IDENTICAL_ARTIFACT
default/TrackWatcherImpl,?Load@RndParticleSysAnim@@UAAXAAVBinStream@@@Z,call_count,stable_divergent,divergent,68.13,68.83,508,0,SURVIVES_BOTH_SCREENS
default/TrackWatcherImpl,?SustainedGemToKill@TrackWatcherImpl@@UAAHH@Z,call_arg,stable_divergent,divergent,99.68,100.00,124,0,SURVIVES_BOTH_SCREENS
default/Trans,??0RndTransformable@@IAA@XZ,call_count,stable_divergent,divergent,36.52,38.06,496,0,SURVIVES_BOTH_SCREENS
default/Trans,?ApplyDynamicConstraint@RndTransformable@@AAAXXZ,call_count,input_sensitive,divergent,65.14,66.76,1224,0,SURVIVES_BOTH_SCREENS
default/TypeProps,??E?$ObjDirItr@VObjectDir@@@@QAAAAV0@XZ,call_count,stable_divergent,divergent,78.32,80.14,88,0,SURVIVES_BOTH_SCREENS
default/TypeProps,?ReplaceObject@TypeProps@@AAAXAAVDataNode@@PAVObject@Hmx@@1@Z,call_count,stable_divergent,divergent,48.40,49.23,120,0,SURVIVES_BOTH_SCREENS
default/UI,??1Automator@@UAA@XZ,call_count,stable_divergent,divergent,33.77,34.30,224,0,SURVIVES_BOTH_SCREENS
default/UI,?Poll@UIManager@@UAAXXZ,call_count,input_sensitive,divergent,56.11,56.56,792,0,SURVIVES_BOTH_SCREENS
default/UIFontImporter,?OnAttachToImportFont@UIFontImporter@@IAA?AVDataNode@@PAVDataArray@@@Z,call_count,stable_divergent,divergent,99.75,99.75,80,1,BYTE_IDENTICAL_ARTIFACT
default/UIFontImporter,?OnImportSettings@UIFontImporter@@IAA?AVDataNode@@PAVDataArray@@@Z,call_count,stable_divergent,divergent,100.00,100.00,80,1,BYTE_IDENTICAL_ARTIFACT
default/UIList,??$_M_allocate_and_copy@PBVFlowMathOp@@@?$vector@VFlowMathOp@@V?$StlNodeAlloc@VFlowMathOp@@@stlpmtx_std@@@stlpmtx_std@@IAAPAVFlowMathOp@@IPBV2@0@Z,call_count,stable_divergent,divergent,50.58,51.62,96,0,SURVIVES_BOTH_SCREENS
default/UIList,?Copy@UIList@@$4PPPPPPPM@A@AAXPBVObject@Hmx@@W4CopyType@23@@Z,error,stable_divergent,divergent,100.00,100.00,12,1,BYTE_IDENTICAL_ARTIFACT
default/UIList,?Copy@UIList@@UAAXPBVObject@Hmx@@W4CopyType@23@@Z,error,stable_divergent,divergent,64.87,66.48,360,0,SURVIVES_BOTH_SCREENS
default/UIList,?IsScrolling@UIList@@QBA_NXZ,call_arg,stable_divergent,divergent,97.00,97.00,8,0,SURVIVES_BOTH_SCREENS
default/UIList,?PreLoad@UIList@@$4PPPPPPPM@A@AAXAAVBinStream@@@Z,call_count,stable_divergent,divergent,100.00,100.00,12,1,BYTE_IDENTICAL_ARTIFACT
default/UIList,?PreLoad@UIList@@UAAXAAVBinStream@@@Z,call_count,stable_divergent,divergent,38.34,40.24,116,0,SURVIVES_BOTH_SCREENS
default/UIList,?Update@UIList@@EAAXXZ,call_count,input_sensitive,divergent,54.76,56.14,116,0,SURVIVES_BOTH_SCREENS
default/UIListArrow,??0UIListArrow@@IAA@XZ,call_count,stable_divergent,divergent,61.22,62.75,144,0,SURVIVES_BOTH_SCREENS
default/UIListState,??0?$reverse_iterator@PAH@stlpmtx_std@@QAA@PAH@Z,object_memory,stable_divergent,divergent,99.50,99.50,8,0,SURVIVES_BOTH_SCREENS
default/UIListWidget,??0UIListWidget@@IAA@XZ,call_arg,stable_divergent,divergent,99.91,99.91,224,0,SURVIVES_BOTH_SCREENS
default/UIListWidget,?push_back@?$vector@V?$vector@V?$ObjPtr@VUIColor@@@@V?$StlNodeAlloc@V?$ObjPtr@VUIColor@@@@@stlpmtx_std@@@stlpmtx_std@@V?$StlNodeAlloc@V?$vector@V?$ObjPtr@VUIColor@@@@V?$StlNodeAlloc@V?$ObjPtr@VUIColor@@@@@stlpmtx_std@@@stlpmtx_std@@@2@@stlpmtx_std@@QAAXABV?$vector@V?$ObjPtr@VUIColor@@@@V?$StlNodeAlloc@V?$ObjPtr@VUIColor@@@@@stlpmtx_std@@@2@@Z,call_count,stable_divergent,divergent,100.00,100.00,116,1,BYTE_IDENTICAL_ARTIFACT
default/UISlider,?Copy@UISlider@@UAAXPBVObject@Hmx@@W4CopyType@23@@Z,call_arg,stable_divergent,divergent,37.46,38.36,112,0,SURVIVES_BOTH_SCREENS
default/UISlider,?PreLoad@UISlider@@$4PPPPPPPM@A@AAXAAVBinStream@@@Z,call_count,stable_divergent,divergent,100.00,100.00,12,1,BYTE_IDENTICAL_ARTIFACT
default/UISlider,?PreLoad@UISlider@@UAAXAAVBinStream@@@Z,call_count,stable_divergent,divergent,0.00,2.04,108,0,SURVIVES_BOTH_SCREENS
default/UISlider,?SetTypeDef@UISlider@@$4PPPPPPPM@A@AAXPAVDataArray@@@Z,call_arg,stable_divergent,divergent,73.75,73.75,16,0,SURVIVES_BOTH_SCREENS
default/UITransitionHandler,??$?5VTexPtr@RndMatAnim@@@@YAAAVBinStreamRev@@AAV0@AAV?$Key@VTexPtr@RndMatAnim@@@@@Z,call_count,stable_divergent,divergent,32.91,34.49,140,0,SURVIVES_BOTH_SCREENS
default/UploadErrorMgr,??0?$pair@$$CBVSymbol@@VSongRecord@@@stlpmtx_std@@QAA@ABU01@@Z,call_count,stable_divergent,divergent,61.56,62.19,64,0,SURVIVES_BOTH_SCREENS
default/User,?GetLocalUser@LocalUser@@UBAPBV1@XZ,return_value,stable_divergent,divergent,99.50,99.50,8,0,SURVIVES_BOTH_SCREENS
default/User,?IsJoypadConnected@LocalUser@@UBA_NXZ,call_count,stable_divergent,divergent,0.00,0.83,48,0,SURVIVES_BOTH_SCREENS
default/VocalPlayer,?HookupTrack@VocalPlayer@@UAAXXZ,error,stable_divergent,divergent,100.00,100.00,196,1,BYTE_IDENTICAL_ARTIFACT
default/VocalPlayer,?RemoteVocalState@VocalPlayer@@QAAXHHH@Z,wild_jump_match,stable_divergent,divergent,100.00,100.00,388,0,SURVIVES_BOTH_SCREENS
default/VocalPlayer,?UnpackFloats@VocalPlayer@@QBAXHMMAAV?$vector@MV?$StlNodeAlloc@M@stlpmtx_std@@@stlpmtx_std@@@Z,wild_jump_match,stable_divergent,divergent,36.67,37.81,228,0,SURVIVES_BOTH_SCREENS
default/VocalTrack,??0VocalTrack@@QAA@PAVBandUser@@@Z,call_count,stable_divergent,divergent,84.65,85.39,868,0,SURVIVES_BOTH_SCREENS
default/VocalTrack,?OnPhraseComplete@VocalTrack@@QAAXMMH@Z,call_count,stable_divergent,divergent,65.87,66.53,120,0,SURVIVES_BOTH_SCREENS
default/VocalTrackDir,?ApplyFontStyle@VocalTrackDir@@QAAXPAVObject@Hmx@@@Z,call_count,stable_divergent,divergent,6.73,8.68,1164,0,SURVIVES_BOTH_SCREENS
default/Voice,?StartSynchronizedVoices@@YAXXZ,call_count,stable_divergent,divergent,100.00,100.00,104,1,BYTE_IDENTICAL_ARTIFACT
default/VorbisMem,OggFree,call_count,stable_divergent,divergent,40.00,40.00,4,0,SURVIVES_BOTH_SCREENS
default/WaveFile,??$_M_allocate_and_copy@PAVVector2@@@?$vector@VVector2@@V?$StlNodeAlloc@VVector2@@@stlpmtx_std@@@stlpmtx_std@@IAAPAVVector2@@IPAV2@0@Z,call_count,stable_divergent,divergent,12.40,15.65,80,0,SURVIVES_BOTH_SCREENS
default/Waypoint,??0Symbol@@QAA@XZ,object_memory,stable_divergent,divergent,85.00,85.00,16,0,SURVIVES_BOTH_SCREENS
default/aes,rijndael_ecb_decrypt,return_value,stable_divergent,divergent,100.00,100.00,5036,1,BYTE_IDENTICAL_ARTIFACT
default/aes,rijndael_ecb_encrypt,return_value,stable_divergent,divergent,100.00,100.00,4948,1,BYTE_IDENTICAL_ARTIFACT
default/aes,rijndael_test,return_value,stable_divergent,divergent,100.00,100.00,1576,1,BYTE_IDENTICAL_ARTIFACT
default/band3/bandtrack/Gem,?Register@OutfitConfig@@SAXXZ,call_count,stable_divergent,divergent,0.00,0.77,52,0,SURVIVES_BOTH_SCREENS
default/band3/bandtrack/TrackPanel,?GetNumPlayers@TrackPanel@@UBAHXZ,call_count,stable_divergent,divergent,40.00,40.00,12,0,SURVIVES_BOTH_SCREENS
default/band3/game/BandUserMgr,??_GBandUserMgr@@UAAPAXI@Z,call_count,input_sensitive,divergent,100.00,100.00,76,1,BYTE_IDENTICAL_ARTIFACT
default/band3/game/Game,??0?$_List_iterator@P6AXXZU?$_Nonconst_traits@P6AXXZ@stlpmtx_std@@@stlpmtx_std@@QAA@PAU_List_node_base@1@@Z,return_value,stable_divergent,divergent,70.00,70.00,8,0,SURVIVES_BOTH_SCREENS
default/band3/game/Game,??0GemTrainerLoopPanel@@QAA@XZ,object_memory,stable_divergent,divergent,76.03,76.46,140,0,SURVIVES_BOTH_SCREENS
default/band3/game/PracticeSectionProvider,??1PracticeSectionProvider@@UAA@XZ,object_memory,stable_divergent,divergent,48.48,48.83,116,0,SURVIVES_BOTH_SCREENS
default/band3/game/PracticeSectionProvider,??_GPracticeSectionProvider@@UAAPAXI@Z,object_memory,stable_divergent,divergent,100.00,100.00,76,1,BYTE_IDENTICAL_ARTIFACT
default/band3/game/Stats,?FindFrameWithLeadIn@@YAMXZ,call_count,stable_divergent,divergent,61.76,62.06,68,0,SURVIVES_BOTH_SCREENS
default/band3/meta_band/AccomplishmentManager,?EarnAccomplishment@AccomplishmentManager@@QAAXPAVBandProfile@@VSymbol@@@Z,call_count,stable_divergent,divergent,100.00,100.00,160,1,BYTE_IDENTICAL_ARTIFACT
default/band3/meta_band/AccomplishmentManager,?EarnAccomplishment@AccomplishmentManager@@QAAXPAVLocalBandUser@@VSymbol@@@Z,call_count,stable_divergent,divergent,100.00,100.00,104,1,BYTE_IDENTICAL_ARTIFACT
default/band3/meta_band/AccomplishmentManager,?GetNumAccomplishmentsInCategory@AccomplishmentManager@@QBAHVSymbol@@@Z,call_count,stable_divergent,divergent,100.00,100.00,100,1,BYTE_IDENTICAL_ARTIFACT
default/band3/meta_band/AccomplishmentManager,?GetNumAccomplishmentsInGroup@AccomplishmentManager@@QBAHVSymbol@@@Z,call_count,stable_divergent,divergent,100.00,100.00,76,1,BYTE_IDENTICAL_ARTIFACT
default/band3/meta_band/AccomplishmentManager,?Handle@AccomplishmentManager@@UAA?AVDataNode@@PAVDataArray@@_N@Z,call_count,stable_divergent,divergent,100.00,100.00,2340,0,SURVIVES_BOTH_SCREENS
default/band3/meta_band/AccomplishmentManager,?IsAvailable@AccomplishmentManager@@QBA_NVSymbol@@_N@Z,call_count,stable_divergent,divergent,99.86,100.00,296,0,SURVIVES_BOTH_SCREENS
default/band3/meta_band/AccomplishmentManager,?IsAvailableToEarn@AccomplishmentManager@@QBA_NVSymbol@@@Z,call_count,stable_divergent,divergent,100.00,100.00,8,1,BYTE_IDENTICAL_ARTIFACT
default/band3/meta_band/AccomplishmentManager,?IsAvailableToView@AccomplishmentManager@@QBA_NVSymbol@@@Z,call_count,stable_divergent,divergent,100.00,100.00,8,1,BYTE_IDENTICAL_ARTIFACT
default/band3/meta_band/AccomplishmentManager,?IsCategoryComplete@AccomplishmentManager@@QBA_NPAVBandProfile@@VSymbol@@@Z,call_count,stable_divergent,divergent,100.00,100.00,88,1,BYTE_IDENTICAL_ARTIFACT
default/band3/meta_band/AccomplishmentManager,?IsGroupComplete@AccomplishmentManager@@QBA_NPAVBandProfile@@VSymbol@@@Z,call_count,stable_divergent,divergent,100.00,100.00,88,1,BYTE_IDENTICAL_ARTIFACT
default/band3/meta_band/AccomplishmentManager,?OnEarnAccomplishment@AccomplishmentManager@@QAA?AVDataNode@@PBVDataArray@@@Z,call_count,stable_divergent,divergent,100.00,100.00,192,1,BYTE_IDENTICAL_ARTIFACT
default/band3/meta_band/AppMiniLeaderboardDisplay,??1AppMiniLeaderboardDisplay@@UAA@XZ,call_count,input_sensitive,divergent,99.93,100.00,284,0,SURVIVES_BOTH_SCREENS
default/band3/meta_band/AppMiniLeaderboardDisplay,??_DAppMiniLeaderboardDisplay@@QAAXXZ,call_count,input_sensitive,divergent,100.00,100.00,92,1,BYTE_IDENTICAL_ARTIFACT
default/band3/meta_band/AppMiniLeaderboardDisplay,??_GAppMiniLeaderboardDisplay@@UAAPAXI@Z,call_count,input_sensitive,divergent,99.74,99.74,76,1,BYTE_IDENTICAL_ARTIFACT
default/band3/meta_band/BandProfile,?GetBandName@BandProfile@@QBA?AVString@@XZ,call_count,stable_divergent,divergent,67.20,69.98,216,0,SURVIVES_BOTH_SCREENS
default/band3/meta_band/InterstitialMgr,??0InterstitialMgr@@QAA@XZ,error,stable_divergent,divergent,99.73,99.73,148,0,SURVIVES_BOTH_SCREENS
default/band3/meta_band/LicenseMgr,??0?$_Slist_base@U?$pair@$$CBVSymbol@@V?$vector@VSymbol@@V?$StlNodeAlloc@VSymbol@@@stlpmtx_std@@@stlpmtx_std@@@stlpmtx_std@@V?$StlNodeAlloc@U?$pair@$$CBVSymbol@@V?$vector@VSymbol@@V?$StlNodeAlloc@VSymbol@@@stlpmtx_std@@@stlpmtx_std@@@stlpmtx_std@@@2@@priv@stlpmtx_std@@QAA@ABV?$StlNodeAlloc@U?$pair@$$CBVSymbol@@V?$vector@VSymbol@@V?$StlNodeAlloc@VSymbol@@@stlpmtx_std@@@stlpmtx_std@@@stlpmtx_std@@@2@@Z,object_memory,stable_divergent,divergent,80.00,80.00,12,0,SURVIVES_BOTH_SCREENS
default/band3/meta_band/MultiSelectListPanel,?Handle@MultiSelectListPanel@@$4PPPPPPPM@A@AA?AVDataNode@@PAVDataArray@@_N@Z,error,stable_divergent,divergent,95.00,100.00,12,0,SURVIVES_BOTH_SCREENS
default/band3/meta_band/SongSelectPanel,??0SongSelectPanel@@QAA@XZ,object_memory,stable_divergent,divergent,100.00,100.00,216,0,SURVIVES_BOTH_SCREENS
default/band3/meta_band/SongSort,?AllowedToAccessContent@@YA_NH@Z,call_count,stable_divergent,divergent,11.59,12.73,88,0,SURVIVES_BOTH_SCREENS
default/band3/meta_band/SongSort,?GetUserFontChar@@YAPBDPAVBandUser@@PAVMetaPerformer@@H@Z,call_count,stable_divergent,divergent,54.38,55.91,472,0,SURVIVES_BOTH_SCREENS
default/band3/meta_band/TokenRedemptionPanel,?Unload@TokenRedemptionPanel@@UAAXXZ,call_arg,input_sensitive,divergent,65.58,66.10,192,0,SURVIVES_BOTH_SCREENS
default/band3/meta_band/ViewSetting,?Draw@RndGroup@@QAAXXZ,unmapped_access_mismatch,stable_divergent,divergent,33.33,33.33,36,0,SURVIVES_BOTH_SCREENS
default/keygen_xbox,?getKeyImpl@@YAXPAEPAD0@Z,call_arg,stable_divergent,divergent,100.00,100.00,68,0,SURVIVES_BOTH_SCREENS
default/mtx,?Normalize@@YAXABVMatrix3@Hmx@@AAV12@@Z,call_count,stable_divergent,divergent,100.00,100.00,196,1,BYTE_IDENTICAL_ARTIFACT
default/mtx,?Normalize@@YAXABVVector3@@AAV1@@Z,unmapped_access_mismatch,stable_divergent,divergent,0.00,3.33,96,0,SURVIVES_BOTH_SCREENS
default/network/Plugins/Checksum/MD5/MD5,?finalize@MD5@Quazal@@QAAXXZ,call_count,input_sensitive,divergent,100.00,100.00,228,0,SURVIVES_BOTH_SCREENS
default/network/Plugins/Checksum/MD5/MD5,?transform@MD5@Quazal@@QAAXPBE@Z,call_count,stable_divergent,divergent,82.19,89.48,6068,0,SURVIVES_BOTH_SCREENS
default/system/bandobj/BandHeadShaper,??0?$list@UBone@CharBones@@V?$StlNodeAlloc@UBone@CharBones@@@stlpmtx_std@@@stlpmtx_std@@QAA@ABV?$StlNodeAlloc@UBone@CharBones@@@1@@Z,object_memory,stable_divergent,divergent,0.00,0.00,32,0,SURVIVES_BOTH_SCREENS
default/system/bandobj/BandTrack,?DisablePlayer@BandTrack@@UAAXH@Z,call_count,input_sensitive,divergent,67.24,68.35,1240,0,SURVIVES_BOTH_SCREENS
default/system/bandobj/BandTrack,?Reset@BandTrack@@UAAXXZ,call_count,input_sensitive,divergent,78.14,78.49,1116,0,SURVIVES_BOTH_SCREENS
default/system/bandobj/BandTrack,?SpotlightPhraseSuccess@BandTrack@@UAAXXZ,call_count,stable_divergent,divergent,0.00,1.25,144,0,SURVIVES_BOTH_SCREENS
default/system/gesture/DrawUtl,?CreateCameraBufferMat@@YAPAVRndMat@@HHW4Type@RndTex@@@Z,call_count,stable_divergent,divergent,0.00,3.04,92,0,SURVIVES_BOTH_SCREENS
default/system/hamobj/MiniLeaderboardDisplay,?PreLoad@MiniLeaderboardDisplay@@$4PPPPPPPM@A@AAXAAVBinStream@@@Z,call_count,stable_divergent,divergent,100.00,100.00,12,1,BYTE_IDENTICAL_ARTIFACT
default/system/hamobj/MiniLeaderboardDisplay,?PreLoad@MiniLeaderboardDisplay@@UAAXAAVBinStream@@@Z,call_count,stable_divergent,divergent,26.00,28.34,128,0,SURVIVES_BOTH_SCREENS
default/system/meta/MemcardMgr,?SaveLoadAllComplete@MemcardMgr@@QAAXXZ,call_arg,stable_divergent,divergent,82.60,83.27,120,0,SURVIVES_BOTH_SCREENS
default/system/obj/Dir,?Handle@ObjectDir@@UAA?AVDataNode@@PAVDataArray@@_N@Z,call_count,stable_divergent,divergent,100.00,100.00,1660,0,SURVIVES_BOTH_SCREENS
default/system/obj/Dir,?Iterate@ObjectDir@@IAAXPAVDataArray@@_N@Z,call_count,input_sensitive,divergent,60.54,62.58,440,0,SURVIVES_BOTH_SCREENS
default/system/obj/Dir,?PreLoad@ObjectDir@@$4PPPPPPPM@A@AAXAAVBinStream@@@Z,call_count,input_sensitive,divergent,100.00,100.00,12,1,BYTE_IDENTICAL_ARTIFACT
default/system/obj/Dir,?PreLoad@ObjectDir@@UAAXAAVBinStream@@@Z,call_count,input_sensitive,divergent,84.71,86.46,3092,0,SURVIVES_BOTH_SCREENS
default/system/os/UsbMidiGuitar,??1Queue@@QAA@XZ,call_count,stable_divergent,divergent,34.27,35.38,180,0,SURVIVES_BOTH_SCREENS
default/system/rnddx9/Rnd,??0Vector2@@QAA@XZ,call_count,stable_divergent,divergent,40.00,40.00,4,0,SURVIVES_BOTH_SCREENS
default/system/rndobj/Rnd,?Intensity@RndLight@@QBAMXZ,call_count,stable_divergent,divergent,0.00,2.17,92,0,SURVIVES_BOTH_SCREENS
default/system/rndobj/Utl,?UtilDrawCigar@@YAXABVTransform@@QBM1ABVColor@Hmx@@H@Z,wild_jump_match,stable_divergent,divergent,81.31,82.64,872,0,SURVIVES_BOTH_SCREENS
default/system/synth/FxSendFlanger,?Load@FxSendFlanger@@UAAXAAVBinStream@@@Z,object_memory,stable_divergent,divergent,100.00,100.00,332,1,BYTE_IDENTICAL_ARTIFACT
default/system/synth/OggMap,?Read@OggMap@@QAAXAAVBinStream@@@Z,call_arg,stable_divergent,divergent,99.96,99.96,96,0,SURVIVES_BOTH_SCREENS
default/system/synth_xbox/FxSendCompress,??0FxSendCompress360@@QAA@XZ,call_count,stable_divergent,divergent,19.56,20.39,72,0,SURVIVES_BOTH_SCREENS
default/system/synth_xbox/FxSendMeterEffect,?allocate@?$StlNodeAlloc@ULevelData@@@stlpmtx_std@@QBAPAULevelData@@IPBX@Z,call_arg,stable_divergent,divergent,70.00,70.00,8,0,SURVIVES_BOTH_SCREENS
default/system/ui/UIProxy,??0UIProxy@@IAA@XZ,object_memory,stable_divergent,divergent,99.96,99.96,456,0,SURVIVES_BOTH_SCREENS
default/system/utl/DeJitter,??0DeJitter@@QAA@XZ,call_count,stable_divergent,divergent,99.89,99.89,180,0,SURVIVES_BOTH_SCREENS
