rank	prize_B	body_B	open_funclets	open_funclet_B	funclets_multiset	retail_frame	our_frame	delta	fuzzy	mpn	hard	name	reg	imm	verdict	symbol	source
1	5156	4796	9	360	7	0x4e0	0x4d0	16	68.125	70.248	383	3	357	183	NAME-BLOCKED	?Tessellate@RndAmbientOcclusion@@QAAXPAM0@Z	src/system/rndobj/AmbientOcclusion.cpp
2	3320	3320	0	0	0	0x3d0	0x370	96	96.655	97.18	25	0	63	59	COLLECTABLE	?DrawToTexture@RndTexRenderer@@QAAXXZ	src/system/rndobj/TexRenderer.cpp
3	3276	2996	7	280	7	0x450	0x460	-16	99.88	99.88	0	0	0	90	COLLECTABLE	?Load@CamShot@@UAAXAAVBinStream@@@Z	src/system/world/CameraShot.cpp
4	2880	2880	0	0	0	0x280	0x270	16	94.001	95.349	34	2	81	21	SAVE/RESTORE-COUNT	?IKElbow@CharIKHand@@IAAXPAVRndTransformable@@0@Z	src/system/char/FileMerger.cpp
5	2468	2468	0	0	0	0x2a0	0x2b0	-16	94.214	94.781	36	0	50	20	COLLECTABLE	JoypadPollCommon	src/system/os/Joypad.cpp
6	2192	2072	3	120	3	0x260	0x230	48	88.68	89.654	54	0	71	70	COLLECTABLE	?DrawShowing@WorldCrowd@@UAAXXZ	src/system/world/Crowd.cpp
7	2104	2104	0	0	0	0x220	0x200	32	76.454	79.24	117	2	180	54	SAVE/RESTORE-COUNT	?SetupXSection@NgSpotlightDrawer@@IAAXPAVSpotlight@@ABUBeamDef@2@@Z	src/system/world/SpotlightDrawer_NG.cpp
8	2060	1980	2	80	1	0x1c0	0x1d0	-16	86.784	88.895	57	2	139	26	SAVE/RESTORE-COUNT	?ResetNormals@@YAXPAVRndMesh@@@Z	src/system/rndobj/Utl.cpp
9	1520	1240	7	280	7	0xf0	0xe0	16	96.906	98.358	5	2	60	3	SAVE/RESTORE-COUNT	?Handle@SongSectionController@@UAA?AVDataNode@@PAVDataArray@@_N@Z	src/system/bandobj/SongSectionController.cpp
10	1444	1444	0	0	0	0x200	0x1d0	48	93.022	94.213	21	0	72	28	COLLECTABLE	?BuildDrawState@UIListDir@@QBAXAAUUIListWidgetDrawState@@ABVUIListState@@W4State@UIComponent@@M@Z	src/system/ui/UIListDir.cpp
11	1432	1432	0	0	0	0x120	0x110	16	70.461	74.651	94	2	180	4	SAVE/RESTORE-COUNT	?MoveParticles@RndParticleSys@@IAAXMM@Z	src/system/rndobj/Part.cpp
12	1340	1340	0	0	0	0x1b0	0x1e0	-48	99.657	99.955	0	0	14	13	COLLECTABLE	?UpdateTransforms@Spotlight@@IAAXXZ	src/system/world/Spotlight.cpp
13	1332	1172	4	160	0	0x120	0x130	-16	98.358	98.427	5	0	1	55	COLLECTABLE	?OnMidiShot5Cleanup@BandDirector@@QAAXXZ	src/system/bandobj/BandDirector.cpp
14	1268	1268	0	0	0	0x220	0x1f0	48	75.177	79.609	66	2	176	16	SAVE/RESTORE-COUNT	?FindXfm@BandPatchMesh@@SA_NPAVRndMesh@@ABVVector2@@AAVTransform@@@Z	src/system/bandobj/BandPatchMesh.cpp
15	1236	1236	0	0	0	0x100	0x140	-64	60.346	63.162	122	2	106	10	SAVE/RESTORE-COUNT	?SphereConeTest@NgLight@@IAA_NABVVector3@@M@Z	src/system/rndobj/Lit_NG.cpp
16	1232	1192	1	40	1	0x150	0x120	48	94.671	96.903	10	2	108	3	SAVE/RESTORE-COUNT	?OnSync@RndMesh@@MAAXH@Z	src/system/rndobj/Mesh.cpp
17	1192	1192	0	0	0	0xe0	0xf0	-16	95.074	95.493	15	2	22	2	SAVE/RESTORE-COUNT	?SetSkinTextures@OutfitConfig@@SAXPAVObjectDir@@0PAVBandCharDesc@@@Z	src/system/bandobj/OutfitConfig.cpp
18	1160	1160	0	0	0	0x190	0x1a0	-16	85.955	87.576	38	0	33	2	COLLECTABLE	?fft_matrix_inverse_columnwise@@YAHPAMJ0@Z	src/system/synth_xbox/FFT.cpp
19	1124	1124	0	0	0	0x130	0x120	16	98.527	98.918	3	0	21	2	COLLECTABLE	?DrawShowing@RndFlare@@UAAXXZ	src/system/rndobj/Flare.cpp
20	1020	1020	0	0	0	0x140	0x130	16	87.349	87.761	33	2	15	13	SAVE/RESTORE-COUNT	?Draw@PatchLayer@@QAAXXZ	src/system/bandobj/PatchDir.cpp
21	864	704	4	160	4	0xd0	0xc0	16	99.949	99.949	0	0	0	9	COLLECTABLE	?Handle@StorePreviewMgr@@UAA?AVDataNode@@PAVDataArray@@_N@Z	src/system/meta/StorePreviewMgr.cpp
22	848	848	0	0	0	0x170	0x160	16	97.16	98.363	4	2	38	5	SAVE/RESTORE-COUNT	?Intersect@@YA_NABVTriangle@@ABVBox@@@Z	src/system/math/Geo.cpp
23	776	776	0	0	0	0xf0	0x110	-32	96.5	96.758	7	0	8	9	COLLECTABLE	?UpdateOverlay@Synth@@UAAMPAVRndOverlay@@M@Z	src/system/char/CharMeshHide.cpp
24	760	760	0	0	0	0xb0	0xa0	16	99.974	99.974	0	0	0	5	COLLECTABLE	?Poll_@FocusTracker@@UAAXM@Z	src/band3/game/FocusTracker.cpp
25	756	756	0	0	0	0x150	0x190	-64	99.344	99.741	0	0	9	49	COLLECTABLE	?UtilDrawPlane@@YAXABVPlane@@ABVVector3@@ABVColor@Hmx@@HM@Z	src/system/rndobj/Utl.cpp
26	676	636	1	40	0	0xc0	0xd0	-16	96.302	97.465	4	2	22	3	SAVE/RESTORE-COUNT	?CopyCharDesc@BandCharDesc@@QAAXPBV1@@Z	src/system/bandobj/BandCharDesc.cpp
27	616	616	0	0	0	0x1120	0x1130	-16	96.292	96.714	5	2	10	6	SAVE/RESTORE-COUNT	?ConsumeData@StandardStream@@QAAHPAPAXHH@Z	src/system/synth/StandardStream.cpp
28	572	572	0	0	0	0xc0	0xe0	-32	72.392	74.769	38	2	43	4	SAVE/RESTORE-COUNT	?BuildFromBSP@@YAXPAVRndMesh@@@Z	src/system/rndobj/Utl.cpp
29	556	556	0	0	0	0xb0	0xa0	16	96.489	96.957	5	2	9	2	SAVE/RESTORE-COUNT	?Poll@Spotlight@@UAAXXZ	src/system/world/Spotlight.cpp
30	548	548	0	0	0	0x80	0x90	-16	99.963	99.963	0	0	0	5	COLLECTABLE	?Cleanup@DirLoader@@QAAXPBD@Z	src/system/obj/DirLoader.cpp
31	528	528	0	0	0	0xb0	0xa0	16	98.462	98.462	2	0	0	3	COLLECTABLE	?SetCrowdRating@BandTrack@@QAAXMW4CrowdMeterState@@@Z	src/system/bandobj/BandTrack.cpp
32	524	404	3	120	0	0x80	0x90	-16	99.931	99.931	0	0	0	7	COLLECTABLE	?Init@XboxServer@@UAAXXZ	src/network/net/Server.cpp
33	520	520	0	0	0	0x120	0x100	32	73.769	79.654	28	2	78	4	SAVE/RESTORE-COUNT	?ApplyQueuedLights@BoxMapLighting@@QBAXPIAVColor@Hmx@@PBVVector3@@@Z	src/system/rndobj/BoxMap.cpp
34	516	516	0	0	0	0xb0	0xc0	-16	78.45	80.0	27	0	33	11	COLLECTABLE	?SetCharInfo@RndFont@@IAAXPAUCharInfo@1@AAVRndBitmap@@ABVVector2@@@Z	src/system/rndobj/Font.cpp
35	508	508	0	0	0	0x140	0x130	16	88.008	89.504	14	2	28	2	SAVE/RESTORE-COUNT	?GetMatForData@LayerProvider@@QBAPAVRndMat@@H@Z	src/band3/meta_band/PatchPanel.cpp
36	492	492	0	0	0	0x90	0xa0	-16	73.187	74.894	36	2	30	2	SAVE/RESTORE-COUNT	?DrawMesh@RndVelocityBuffer@@QBAXPAVRndMesh@@@Z	src/system/rndobj/VelocityBuffer.cpp
37	440	440	0	0	0	0x90	0xa0	-16	99.955	99.955	0	0	0	5	COLLECTABLE	?Load@SampleData@@QAAXAAVBinStream@@ABVFilePath@@@Z	src/system/synth/SampleData.cpp
38	428	428	0	0	0	0xa0	0x90	16	94.645	94.645	6	0	0	13	COLLECTABLE	?Poll@NetSession@@UAAXXZ	src/network/net/NetSession.cpp
39	392	392	0	0	0	0xe0	0xf0	-16	87.898	89.071	12	2	17	3	SAVE/RESTORE-COUNT	?SortPolls@CharPollGroup@@QAAXXZ	src/system/char/CharPollGroup.cpp
40	308	228	2	80	2	0x20	0x70	-80	54.667	58.526	26	0	34	1	NO-FRAME-SITE	??0Strand@CharHair@@QAA@PAVObject@Hmx@@@Z	src/system/char/CharHair.cpp
41	296	216	2	80	2	0x20	0x70	-80	55.963	58.741	25	0	26	3	NO-FRAME-SITE	??0Point@CharHair@@QAA@PAVObject@Hmx@@@Z	src/system/char/CharHair.cpp
42	252	252	0	0	0	0x90	0x80	16	95.032	96.778	2	2	16	3	SAVE/RESTORE-COUNT	?Add@PatchVerts@@QAAXHAAVVertVector@RndMesh@@AAVVector3@@@Z	src/system/rndobj/Mesh.cpp
43	224	224	0	0	0	0xa0	0x90	16	99.161	99.964	0	2	7	2	SAVE/RESTORE-COUNT	?insert_unique@?$_Rb_tree@UEdge@RndAmbientOcclusion@@U?$less@UEdge@RndAmbientOcclusion@@@stlpmtx_std@@U12@U?$_Identity@UEdge@RndAmbientOcclusion@@@4@U?$_SetTraitsT@UEdge@RndAmbientOcclusion@@@priv@4@V?$StlNodeAlloc@UEdge@RndAmbientOcclusion@@@4@@stlpmtx_std@@QAA?AU?$pair@U?$_Rb_tree_iterator@UEdge@RndAmbientOcclusion@@U?$_SetTraitsT@UEdge@RndAmbientOcclusion@@@priv@stlpmtx_std@@@stlpmtx_std@@_N@2@ABUEdge@RndAmbientOcclusion@@@Z	src/system/rndobj/Utl.cpp
44	124	124	0	0	0	0x80	0x60	32	86.226	89.613	4	0	16	2	COLLECTABLE	??$_M_find@UEdge@RndAmbientOcclusion@@@?$_Rb_tree@UEdge@RndAmbientOcclusion@@U?$less@UEdge@RndAmbientOcclusion@@@stlpmtx_std@@U12@U?$_Identity@UEdge@RndAmbientOcclusion@@@4@U?$_SetTraitsT@UEdge@RndAmbientOcclusion@@@priv@4@V?$StlNodeAlloc@UEdge@RndAmbientOcclusion@@@4@@stlpmtx_std@@ABAPAU_Rb_tree_node_base@1@ABUEdge@RndAmbientOcclusion@@@Z	src/system/rndobj/Utl.cpp
45	124	84	1	40	0	0xa0	0xb0	-16	73.905	75.095	6	0	5	3	COLLECTABLE	?resize@?$ObjVector@UEyeDesc@CharEyes@@@@QAAXI@Z	src/system/char/CharEyes.cpp
46	108	108	0	0	0	0x70	0x60	16	80.667	81.407	5	0	4	2	COLLECTABLE	?HasVert@PatchVerts@@QBA_NH@Z	src/system/rndobj/Mesh.cpp
47	96	96	0	0	0	0x70	0x20	80	45.0	46.458	14	0	6	5	COLLECTABLE	??0PatchPair@MeshPair@BandPatchMesh@@QAA@PAVObject@Hmx@@@Z	src/system/bandobj/BandPatchMesh.cpp
48	92	92	0	0	0	0x60	0x70	-16	80.13	82.522	4	0	11	2	COLLECTABLE	??0CharData@WorldCrowd@@QAA@PAVObject@Hmx@@@Z	src/system/world/Crowd.cpp
49	88	88	0	0	0	0x70	0x60	16	84.364	86.182	3	0	8	1	NO-FRAME-SITE	?PostLoad@SongDB@@QAAXPAVDataEventList@@@Z	src/band3/game/SongDB.cpp
